PG.ProteinGroups	PG.Genes	PG.ProteinDescriptions	PG.Organisms	[1] Ctrl_1.raw.PG.Log2Quantity	[2] Ctrl_2.raw.PG.Log2Quantity	[3] Ctrl_3.raw.PG.Log2Quantity	[4] Ctrl_4.raw.PG.Log2Quantity	[5] Ctrl_5.raw.PG.Log2Quantity	[6] TreatA_1.raw.PG.Log2Quantity	[7] TreatA_2.raw.PG.Log2Quantity	[8] TreatA_3.raw.PG.Log2Quantity	[9] TreatA_4.raw.PG.Log2Quantity	[10] TreatA_5.raw.PG.Log2Quantity	[11] TreatB_1.raw.PG.Log2Quantity	[12] TreatB_2.raw.PG.Log2Quantity	[13] TreatB_3.raw.PG.Log2Quantity	[14] TreatB_4.raw.PG.Log2Quantity	[15] TreatB_5.raw.PG.Log2Quantity
Q8NG11	TSPAN14	tetraspanin 14	Homo sapiens	NA	15.753	15.973	15.54	16.01	17	16.063	16.075	NA	15.531	16.072	15.889	15.595	15.509	NA
A0A024R625	PPP4C	protein phosphatase 4 catalytic subunit	Homo sapiens	NA	14.611	15.612	14.847	NA	15.866	NA	15.58	15.203	14.724	NA	15.465	15.353	15.68	14.368
A0AA34QW01	BRD7	bromodomain containing 7	Homo sapiens	NA	NA	NA	13.997	NA	13.543	NA	14.452	NA	NA	14.331	NA	NA	13.995	13.798
A2VDJ1	GOLGA6D	golgin A6 family member D	Homo sapiens	15.995	15.778	15.575	15.714	15.512	16.003	15.771	15.981	15.41	15.036	15.344	15.432	15.68	15.728	NA
A8K1A8	POLR2B	RNA polymerase II subunit B	Homo sapiens	NA	13.237	NA	12.836	NA	NA	NA	13.495	NA	NA	NA	NA	NA	NA	12.657
Q05932	FPGS	folylpolyglutamate synthase	Homo sapiens	NA	15.393	15.442	NA	NA	15.692	15.758	16.038	NA	14.854	15.249	15.024	15.543	15.423	15.017
F8W6X9	SDK1	sidekick cell adhesion molecule 1	Homo sapiens	NA	NA	NA	14.07	NA	14.662	NA	NA	14.521	14.065	14.528	NA	14.641	14.244	NA
A8K2X1	FZD5	frizzled class receptor 5	Homo sapiens	17.601	17.613	17.161	17.502	17.311	17.47	16.98	18.174	17.464	16.851	17.552	17.355	17.621	17.609	NA
Q14032	BAAT	bile acid-CoA:amino acid N-acyltransferase	Homo sapiens	10.902	NA	NA	NA	NA	NA	NA	NA	NA	NA	NA	NA	NA	NA	NA
A0AVI9	DNAI4	dynein axonemal intermediate chain 4	Homo sapiens	18.963	19.322	18.775	18.095	18.296	18.453	18.374	18.678	18.702	18.256	18.296	18.825	18.966	18.942	18.481
Q2M3V2	SOWAHA	sosondowah ankyrin repeat domain family member A	Homo sapiens	NA	13.27	NA	13.497	NA	13.538	NA	13.8	13.788	NA	16.293	16.324	16.572	16.324	15.846
O95896	HMGCLL1	3-hydroxy-3-methylglutaryl-CoA lyase like 1	Homo sapiens	11.926	NA	NA	NA	NA	NA	NA	NA	NA	NA	NA	NA	NA	NA	NA
B4E2Z2	MSH2	mutS homolog 2	Homo sapiens	15.107	14.666	14.733	14.522	14.608	15.101	NA	NA	15.188	15.02	NA	14.484	13.92	14.417	NA
A0A090N8F8	ADCYAP1R1	ADCYAP receptor type I	Homo sapiens	17.784	17.272	17.19	17.379	17.292	17.291	17.197	17.682	17.855	17.703	17.032	17.473	17.133	17.5	17.768
B4DQ75	DAP	death associated protein	Homo sapiens	14.049	NA	13.629	13.593	NA	NA	14.024	14.878	NA	NA	NA	NA	13.031	NA	12.912
Q0ZNK4	SPANXN3	SPANX family member N3	Homo sapiens	16.708	16.313	16.193	16.211	16.583	16.455	16.144	16.48	15.715	16.034	15.872	16.808	16.341	16.252	16.139
P09455	RBP1	retinol binding protein 1	Homo sapiens	18.09	18.292	18.46	NA	17.739	17.657	17.501	18.15	17.611	17.988	17.907	18.337	NA	17.895	17.874
B4DF80	NOL6	nucleolar protein 6	Homo sapiens	NA	NA	12.867	12.053	NA	12.494	NA	NA	NA	NA	NA	NA	NA	NA	NA
A0A1U9X7E3	C6orf15	chromosome 6 open reading frame 15	Homo sapiens	15.429	14.983	15.839	15.374	NA	16.212	15.843	16.491	15.806	15.525	15.531	15.69	15.941	NA	NA
A0A024R0E1	ATP5PB	ATP synthase peripheral stalk-membrane subunit b	Homo sapiens	NA	17.396	17.427	17.379	17.001	17.114	17.465	17.801	17.457	18.209	15.927	16.519	15.971	16.456	NA
A8K712	JOSD1	Josephin domain containing 1	Homo sapiens	21.685	21.992	21.938	21.11	22.27	22.033	21.69	22.186	21.596	21.804	22.219	21.572	21.65	22.257	21.694
A1L3A6	NUFIP2	nuclear FMR1 interacting protein 2	Homo sapiens	16.034	16.583	16.984	15.948	16.509	16.514	15.809	16.877	16.536	16.154	15.736	16.431	16.353	16.747	NA
Q5TAB6	RIPPLY2	ripply transcriptional repressor 2	Homo sapiens	17.329	16.197	16.274	16.653	16.647	18.262	18.967	18.275	18.847	18.362	17.048	16.563	16.713	16.581	16.015
A0A2R8YCH5	CTNNB1	catenin beta 1	Homo sapiens	16.256	16.059	15.775	15.677	16.115	16.255	15.713	15.767	15.798	NA	16.03	16.064	16.309	16.43	15.693
A8K6Z5	SCARF1	scavenger receptor class F member 1	Homo sapiens	19.233	19.481	NA	19.476	19.59	20.111	19.923	20.005	19.556	19.991	19.786	19.912	19.816	19.994	19.449
B2RC39	NKD1	NKD inhibitor of WNT signaling pathway 1	Homo sapiens	NA	15.04	14.623	NA	15.452	15.097	14.591	NA	14.369	14.545	14.336	15.275	15.031	14.863	15.206
A0A0A0MTF6	MORN5	MORN repeat containing 5	Homo sapiens	13.419	13.475	12.901	NA	13.319	NA	NA	13.628	NA	NA	NA	13.79	12.803	NA	NA
Q13334	GPR68	G protein-coupled receptor 68	Homo sapiens	14.484	14.102	14.197	14.029	14.34	13.281	NA	NA	NA	NA	NA	NA	13.8	NA	13.813
A8K8T3	NDST1	N-deacetylase and N-sulfotransferase 1	Homo sapiens	13.819	NA	NA	NA	NA	13.617	13.884	13.989	13.043	NA	NA	NA	13.523	13.866	13.375
B2R993	LOC102724560	cystathionine beta-synthase like	Homo sapiens	15.289	15.392	14.752	14.919	NA	16.067	15.489	15.607	15.213	15.644	NA	15.436	15.464	NA	15.176
A0A1C7CYX9	DPYSL2	dihydropyrimidinase like 2	Homo sapiens	16.18	16.244	16.73	16.233	16.554	16.583	16.774	16.991	16.715	16.448	16.382	16.156	16.673	16.956	16.322
A1A5E3	RTN4RL1	reticulon 4 receptor like 1	Homo sapiens	NA	NA	NA	NA	13.778	NA	13.565	NA	NA	NA	13.771	NA	14.156	NA	NA
A6NED4	ABHD12	abhydrolase domain containing 12, lysophospholipase	Homo sapiens	19.469	20.096	19.772	19.459	20.113	20.158	19.845	20.576	20.231	19.54	NA	19.891	20.059	20.026	NA
D3DUY2	ACSL4	acyl-CoA synthetase long chain family member 4	Homo sapiens	17.802	17.557	17.605	NA	17.494	17.495	17.352	17.839	17.679	17.944	19.76	20.209	20.29	20.203	19.586
A0A2R8Y6X2	DTD1	D-aminoacyl-tRNA deacylase 1	Homo sapiens	19.395	18.825	19.294	18.951	19.68	17.16	16.566	17.484	16.883	16.509	20.686	20.591	20.794	21.038	20.855
J3KQI1	SLC25A48	solute carrier family 25 member 48	Homo sapiens	15.423	14.979	NA	NA	15.068	15.098	14.76	15.502	14.702	14.733	NA	15.265	15.189	15.305	14.788
A0AVC5	MTNR1A	melatonin receptor 1A	Homo sapiens	16.665	16.289	15.973	NA	16.432	16.077	16.463	16.848	16.307	16.634	16.886	17.021	17.117	16.424	16.32
Q7Z6R9	TFAP2D	transcription factor AP-2 delta	Homo sapiens	14.893	14.94	NA	14.127	14.458	NA	14.876	15.126	14.462	13.8	14.427	14.698	NA	14.559	NA
Q540R4	LOC124905626	testis-specific Y-encoded protein 2	Homo sapiens	17.999	17.917	17.88	17.363	17.702	18.114	17.836	18.369	17.278	17.888	17.272	18.181	17.685	18.358	17.483
A5A5H4	SET	SET nuclear proto-oncogene	Homo sapiens	15.638	15.237	15.41	15.442	15.457	15.935	15.107	15.944	15.163	15.078	15.488	15.783	NA	15.526	15.804
A0A384MTU6	CDC7	cell division cycle 7	Homo sapiens	19.226	18.971	19.257	18.228	19.245	18.895	18.458	19.39	18.727	18.381	18.663	19.231	19.118	18.994	18.487
Q6P1M7	MXRA5	matrix remodeling associated 5	Homo sapiens	15.971	15.843	15.993	NA	NA	16.048	15.944	16.676	16.143	NA	15.771	16.476	NA	16.349	15.688
B3KVA4	TCF4	transcription factor 4	Homo sapiens	17.099	16.745	16.749	16.367	16.642	17.099	16.561	NA	16.252	16.119	16.196	17.289	16.909	17.349	16.104
D3DSA7	MIS18BP1	MIS18 binding protein 1	Homo sapiens	NA	15.049	15.22	NA	15.089	15.122	15.435	15.883	15.462	15.417	15.13	15.643	15.083	15.496	15.312
A0A126GVQ0	OR10P1	olfactory receptor family 10 subfamily P member 1	Homo sapiens	17.536	17.042	17.355	16.611	17.679	17.544	17.459	17.841	17.409	17.012	17.535	17.532	17.362	17.611	16.687
E7ET51	CYP4F12	cytochrome P450 family 4 subfamily F member 12	Homo sapiens	19.217	NA	19.103	18.64	19.021	18.941	19.153	19.331	18.72	18.709	18.371	19.372	18.739	18.719	18.965
A6NI79	CCDC69	coiled-coil domain containing 69	Homo sapiens	NA	NA	NA	NA	NA	13.544	NA	NA	NA	NA	NA	12.94	13.44	NA	NA
A0A0S2Z665	PHF21B	PHD finger protein 21B	Homo sapiens	NA	NA	12.957	NA	NA	NA	NA	NA	NA	NA	NA	NA	13.846	NA	13.053
Q16873	LTC4S	leukotriene C4 synthase	Homo sapiens	14.921	14.114	13.866	13.941	NA	15.006	NA	14.656	NA	14.004	NA	14.703	NA	14.688	NA
B2R8H5	GINS4	GINS complex subunit 4	Homo sapiens	14.872	14.496	14.647	14.311	14.568	14.824	NA	15.426	14.455	NA	14.938	14.86	14.569	14.952	14.419
F8VW41	PACS2	phosphofurin acidic cluster sorting protein 2	Homo sapiens	17.81	18.396	17.681	17.362	17.756	17.585	17.997	18.133	17.659	16.902	18.165	17.766	17.765	18.177	18.08
Q6ZSG1	ARK2C	arkadia (RNF111) C-terminal like ring finger ubiquitin ligase 2C	Homo sapiens	15.902	16	16.237	15.463	16.386	15.739	NA	15.978	NA	15.52	15.943	15.673	15.579	16.088	NA
A4D2A3	COPS6	COP9 signalosome subunit 6	Homo sapiens	18.247	18.327	18.327	18.161	18.594	18.933	NA	19.338	18.57	18.354	18.406	18.403	NA	19.389	17.804
Q17R88	SORCS3	sortilin related VPS10 domain containing receptor 3	Homo sapiens	17.136	16.609	NA	16.319	17.041	19.758	19.224	20.23	19.866	19.307	16.806	17.093	17.238	16.383	16.74
B4DGG1	FAM234A	family with sequence similarity 234 member A	Homo sapiens	18.108	17.747	17.397	17.208	17.738	17.245	17.404	17.859	17.725	17.055	17.356	17.834	17.191	17.57	17.572
A1L020	MEX3A	mex-3 RNA binding family member A	Homo sapiens	NA	NA	NA	NA	NA	13.419	NA	13.786	13.341	13.506	13.398	NA	NA	13.846	NA
B2RCA5	FTSJ3	FtsJ RNA 2'-O-methyltransferase 3	Homo sapiens	14.827	NA	14.259	14.368	14.437	14.652	14.585	14.922	14.259	NA	NA	15.207	NA	NA	15.136
A0A494C1S0	SPDYE1	speedy/RINGO cell cycle regulator family member E1	Homo sapiens	16.48	NA	16.299	15.619	16.624	16.756	15.908	17.127	16.36	NA	16.651	16.801	16.727	16.35	15.918
A6NCK2	TRIM43B	tripartite motif containing 43B	Homo sapiens	NA	15.727	15.573	14.86	15.304	14.527	14.43	15.239	13.72	NA	15.534	15.858	15.818	15.424	NA
A6NHX0	CASTOR2	cytosolic arginine sensor for mTORC1 subunit 2	Homo sapiens	15.504	15.492	15.203	NA	NA	15.259	15.663	NA	14.675	14.847	NA	13.818	NA	14.031	NA
B3KPJ5	VAC14	VAC14 component of PIKFYVE complex	Homo sapiens	10.946	NA	NA	NA	NA	NA	NA	NA	NA	NA	NA	NA	NA	NA	NA
B2RWN9	DOP1A	DOP1 leucine zipper like protein A	Homo sapiens	17.228	NA	17.346	16.965	16.874	17.748	17.117	17.727	16.871	16.607	17.347	17.414	17.651	17.635	17.451
Q9BTE2	NPRL3	NPR3 like, GATOR1 complex subunit	Homo sapiens	19.402	19.122	NA	18.952	18.974	19.015	19.232	19.689	19.467	18.979	19.085	19.647	19.023	19.152	18.683
A0AAQ5BHG2	TMEM181	transmembrane protein 181	Homo sapiens	18.924	18.583	18.486	18.722	19.237	NA	18.99	19.101	18.349	18.547	18.075	19.071	NA	19.208	18.326
Q96MA1	DMRTB1	DMRT like family B with proline rich C-terminal 1	Homo sapiens	18.544	18.368	19.02	18.117	18.614	17.874	18.079	18.443	18.147	18.18	18.11	18.539	18.311	NA	18.334
A4D1U4	DENND11	DENN domain containing 11	Homo sapiens	NA	NA	NA	10.043	NA	NA	NA	NA	NA	NA	NA	NA	NA	NA	NA
B3KSU0	NPM2	nucleophosmin/nucleoplasmin 2	Homo sapiens	13.525	NA	NA	NA	NA	NA	NA	13.814	13.006	12.147	NA	NA	NA	NA	NA
E9PB48	ZNF780A	zinc finger protein 780A	Homo sapiens	16.286	16.563	16.57	NA	16.921	NA	16.358	16.602	16.82	NA	17.187	16.712	16.742	17.624	16.664
B2R4J4	H2BC11	H2B clustered histone 11	Homo sapiens	14.241	14.354	14.767	14.443	13.872	NA	NA	NA	14.181	14.243	14.115	15.077	14.955	14.467	NA
B1AK44	MAD2L2	mitotic arrest deficient 2 like 2	Homo sapiens	NA	18.068	19.29	18.439	18.915	19.304	18.788	19.494	18.533	18.905	19.564	19.1	18.78	19.217	19.229
Q52LK8	PCDHGB5	protocadherin gamma subfamily B, 5	Homo sapiens	14.169	NA	13.02	NA	13.348	NA	13.036	NA	NA	NA	NA	NA	NA	NA	NA
P61457	PCBD1	pterin-4 alpha-carbinolamine dehydratase 1	Homo sapiens	15.111	NA	NA	14.133	NA	14.46	NA	15.402	14.406	NA	14.63	14.939	14.652	14.708	13.929
B7Z6C2	PGM1	phosphoglucomutase 1	Homo sapiens	19.914	20.047	20.61	19.723	20.199	20.007	19.943	20.749	20.027	20.055	19.904	20.655	20.859	20.359	19.958
B4DFJ9	PACSIN1	protein kinase C and casein kinase substrate in neurons 1	Homo sapiens	15.845	16.685	16.29	NA	15.967	16.731	15.783	16.063	16.032	NA	NA	NA	16.133	16.401	16.306
A0A0B4U845	REX1BD	required for excision 1-B domain containing	Homo sapiens	18.126	18.905	18.936	18.144	18.846	18.479	NA	19.257	18.68	18.573	18.379	18.896	18.625	18.515	18.626
A6NGK6	CCL3L3	C-C motif chemokine ligand 3 like 3	Homo sapiens	16.765	16.148	15.927	15.254	15.731	NA	17.795	18.669	NA	17.748	16.312	16.198	16.037	16.454	16.398
Q9BQA5	HINFP	histone H4 transcription factor	Homo sapiens	13.521	NA	NA	NA	13.768	NA	13.569	14.031	NA	NA	13.884	13.655	14.05	13.867	NA
H7C4X7	SCG5	secretogranin V	Homo sapiens	NA	13.852	14.119	14.091	NA	NA	NA	NA	13.73	13.59	NA	14.619	14.44	14.45	NA
Q6ZQR2	CFAP77	cilia and flagella associated protein 77	Homo sapiens	19.134	18.661	18.633	18.538	18.341	18.337	18.564	18.756	NA	18.464	18.146	18.74	18.47	18.996	18.254
P49792	RANBP2	RAN binding protein 2	Homo sapiens	15.517	15.397	15.516	14.903	15.193	15.496	15.734	15.939	15.53	15.472	NA	15.472	15.721	15.465	15.203
B2R5Q0	LOXL2	lysyl oxidase like 2	Homo sapiens	18.28	18.19	17.858	17.973	18.562	18.665	17.99	18.745	17.954	17.68	17.93	18.068	18.488	18.538	17.821
A0A1U9X8Y8	POLR1H	RNA polymerase I subunit H	Homo sapiens	17.314	17.453	17.775	16.449	17.383	16.926	17.086	17.604	17.168	16.46	17.525	17.108	17.151	17.459	17.35
D6RD17	JCHAIN	joining chain of multimeric IgA and IgM	Homo sapiens	NA	18.206	19.04	17.767	19.062	18.366	18.478	18.694	18.664	18.52	18.152	18.876	18.826	18.623	18.384
Q9UBH6	XPR1	xenotropic and polytropic retrovirus receptor 1	Homo sapiens	18.461	18.58	18.093	18.127	18.091	18.167	17.911	18.975	18.402	17.927	18.056	17.921	18.427	18.139	17.917
B2R690	ARG2	arginase 2	Homo sapiens	17.313	17.065	17.269	17.174	16.921	17.139	16.974	17.975	NA	16.983	17.278	16.98	16.81	17.161	NA
Q8WUE5	CT55	cancer/testis antigen 55	Homo sapiens	15.183	14.362	14.646	14.479	NA	14.526	NA	15.292	NA	NA	14.832	14.664	14.859	14.936	14.279
A0A804HIZ0	CACNA1C	calcium voltage-gated channel subunit alpha1 C	Homo sapiens	14.889	13.896	NA	14.223	NA	14.282	14.548	15.266	14.16	14.225	14.144	14.718	14.957	14.535	NA
Q15129	PSME2	proteasome activator subunit 2	Homo sapiens	10.252	NA	NA	NA	NA	NA	NA	NA	NA	NA	NA	NA	NA	NA	NA
B2R7Q9	CSRNP2	cysteine and serine rich nuclear protein 2	Homo sapiens	NA	14.778	14.154	13.839	NA	13.986	13.809	15.24	NA	14.357	NA	15.009	NA	14.049	14.404
A6NKC9	SH2D7	SH2 domain containing 7	Homo sapiens	15.656	15.529	15.826	15.287	15.752	16.109	15.817	16.025	NA	15.216	15.493	16.158	NA	16.315	15.548
B0LPE5	AKT1	AKT serine/threonine kinase 1	Homo sapiens	17.652	17.406	16.802	17.264	16.936	17.457	16.75	17.788	17.338	17.06	17.24	17.3	17.064	17.678	NA
A0A804HJN3	POMT2	protein O-mannosyltransferase 2	Homo sapiens	15.188	15.686	15.868	15.907	15.643	NA	14.896	14.55	14.47	NA	15.607	16.257	NA	16.101	15.531
A0A2R8Y7P0	TNP2	transition protein 2	Homo sapiens	18.193	NA	18.316	17.865	18.371	18.007	17.814	18.286	17.606	17.766	18.297	17.939	17.917	17.684	17.86
Q9BTM9	URM1	ubiquitin related modifier 1	Homo sapiens	NA	NA	NA	13.2	13.702	13.526	NA	13.707	13.212	12.86	13.9	13.386	NA	13.888	13.82
B3KQT3	SRPX2	sushi repeat containing protein X-linked 2	Homo sapiens	20.021	19.899	19.807	19.377	20.062	19.823	19.966	20.581	19.81	19.616	19.884	19.813	19.847	19.765	19.274
Q71SV8	XAB2	XPA binding protein 2	Homo sapiens	15.471	14.754	15.143	NA	NA	NA	14.94	15.559	14.886	14.997	NA	15.167	NA	15.185	15.147
B2R9V2	PPID	peptidylprolyl isomerase D	Homo sapiens	16.282	16.183	NA	15.391	16.323	15.564	NA	16.517	15.478	15.592	15.949	16.97	15.791	16.502	15.929
Q9NXF8	ZDHHC7	zinc finger DHHC-type palmitoyltransferase 7	Homo sapiens	NA	NA	NA	NA	13.186	15.724	16.821	17.376	15.973	16.471	NA	NA	NA	13.759	NA
Q12869	NFRKB	nuclear factor related to kappaB binding protein	Homo sapiens	19.252	19.056	19.207	18.371	18.917	19.098	19.067	20.023	NA	18.256	19.102	18.984	19.232	19.054	18.537
A0A7R8C383	IFNA7	interferon alpha 7	Homo sapiens	15.858	16.344	15.932	16.027	16.033	16.229	15.791	NA	NA	15.833	16.451	16.152	16.502	16.497	15.886
B4DRN8	ZDHHC20	zinc finger DHHC-type palmitoyltransferase 20	Homo sapiens	12.585	NA	NA	NA	NA	NA	NA	NA	NA	NA	NA	NA	NA	NA	NA
H0Y4I5	CHADL	chondroadherin like	Homo sapiens	18.464	18.738	18.77	18.115	18.702	18.362	18.178	19.281	18.699	18.436	19.131	18.931	18.384	NA	17.792
B1AHI4	APOL3	apolipoprotein L3	Homo sapiens	17.349	17.145	17.223	16.942	17.1	16.872	16.689	17.47	17.458	16.662	16.79	17.536	NA	17.14	16.822
A0A0H2UH34	PPIAL4G	peptidylprolyl isomerase A like 4G	Homo sapiens	15.783	16.365	16.127	NA	16.467	NA	15.891	16.857	15.414	15.937	16.202	15.98	16.363	15.629	15.554
F1DAM1	NR6A1	nuclear receptor subfamily 6 group A member 1	Homo sapiens	19.284	19.382	19.976	19.183	18.714	19.202	19.126	19.802	19.263	19.191	19.335	19.515	19.634	19.354	19.503
A0A6I8PRM6	ADGRL2	adhesion G protein-coupled receptor L2	Homo sapiens	15.629	15.267	15.653	NA	NA	14.869	15.171	15.551	15.542	15.295	15.355	15.867	15.199	15.485	NA
A8KA31	ATP5F1C	ATP synthase F1 subunit gamma	Homo sapiens	18.576	18.568	18.589	18.187	18.696	18.526	19.005	19.196	18.51	18.233	19.266	19.553	19.773	18.914	19.861
A0A8V8TN96	USP19	ubiquitin specific peptidase 19	Homo sapiens	17.695	18.142	18.659	17.441	18.933	18.395	18.018	18.411	17.969	17.861	18.111	18.384	18.146	18.108	17.905
A0A1B0GTX1	DNMBP	dynamin binding protein	Homo sapiens	19.792	19.313	19.202	19.226	19.824	19.211	19.658	19.713	19.347	19.221	19.573	19.507	19.141	19.917	19.385
A8K169	PTPRO	protein tyrosine phosphatase receptor type O	Homo sapiens	18.875	19.412	18.86	17.828	18.397	18.906	18.515	19.462	18.947	18.777	18.759	19.4	18.717	19.13	18.788
A0A2R8Y661	RAPGEF2	Rap guanine nucleotide exchange factor 2	Homo sapiens	16.325	16.268	16.146	16.412	16.261	16.522	16.045	16.757	15.643	15.743	NA	16.429	16.423	16.374	15.478
Q8IYK2	TEKTL1	tektin like 1	Homo sapiens	16.327	16.456	16.996	NA	16.989	16.424	16.413	17.295	16.852	16.486	16.437	16.699	16.331	16.652	NA
B7ZM13	GAGE12G	G antigen 12G	Homo sapiens	NA	14.192	14.367	13.699	14.136	13.553	13.678	NA	NA	14.2	13.931	14.075	NA	14.005	13.764
A6NE01	FAM186A	family with sequence similarity 186 member A	Homo sapiens	15.589	15.435	16.315	14.993	16.067	NA	15.152	15.458	15.143	15.076	15.496	16.115	15.718	NA	15.761
A0A0S2Z4D1	STK11	serine/threonine kinase 11	Homo sapiens	15.878	16.384	16.304	NA	16.688	16.68	16.334	17.189	16.494	15.975	NA	16.88	16.458	16.775	16.417
P31512	FMO4	flavin containing dimethylaniline monoxygenase 4	Homo sapiens	17.279	17.477	17.678	16.803	17.414	NA	17.47	18.219	16.857	16.704	17.472	17.409	17.321	16.941	17.201
A8K4E2	FOS	Fos proto-oncogene, AP-1 transcription factor subunit	Homo sapiens	NA	NA	14.677	14.715	NA	15.64	14.589	15.861	14.159	14.734	NA	15.156	14.741	15.224	15.179
P60328	KRTAP12-3	keratin associated protein 12-3	Homo sapiens	18.028	17.593	17.864	17.122	18.236	17.632	17.765	18.658	17.365	17.293	17.528	17.643	17.886	17.981	17.853
D3DNY5	NOCT	nocturnin	Homo sapiens	15.96	16.253	16.495	15.58	15.326	16.184	16.269	16.122	15.639	15.233	16.136	15.838	16.137	15.313	15.473
P0DMW2	NLRP2B	NLR family pyrin domain containing 2B	Homo sapiens	18.113	17.184	17.238	17.624	17.334	17.716	17.297	17.655	17.413	17.545	NA	17.725	18.045	17.652	17.962
A0A0A0MT80	SLC45A1	solute carrier family 45 member 1	Homo sapiens	15.404	15.396	15.113	15.18	NA	NA	NA	14.569	14.084	NA	15.266	NA	15.496	15.73	15.774
A0A1B0GVZ0	HRH2	histamine receptor H2	Homo sapiens	18.726	18.951	18.914	NA	19.022	19.264	18.81	19.245	18.779	18.867	18.401	18.864	19.07	19.353	18.969
Q05D70	CKAP5	cytoskeleton associated protein 5	Homo sapiens	14.256	14.175	14.047	14.6	13.919	14.255	14.172	NA	NA	NA	14.136	14.354	NA	14.992	13.917
O75283	PCDHA6	protocadherin alpha 6	Homo sapiens	16.336	15.796	16.609	15.887	16.456	18.637	18.161	19.147	18.606	18.945	16.236	16.291	16.054	16.474	16.596
B7Z6D3	UBN1	ubinuclein 1	Homo sapiens	NA	15.123	NA	NA	14.886	15.625	15.327	15.723	NA	15.525	15.282	15.69	15.809	15.66	NA
B2RDE0	PCCA	propionyl-CoA carboxylase subunit alpha	Homo sapiens	15.845	15.736	16.076	15.072	16.313	16.375	16.116	15.897	NA	15.552	15.982	16.563	16.127	16.242	NA
B2R4R4	GOLT1B	golgi transport 1B	Homo sapiens	NA	NA	17.839	17.865	17.533	18.369	17.358	18.169	17.297	17.281	17.599	17.882	18.194	17.983	17.806
A0A8V8TR89	DHDDS	dehydrodolichyl diphosphate synthase subunit	Homo sapiens	18.557	18.745	18.65	18.688	18.953	18.767	18.954	19.58	19.106	19.402	18.494	18.697	19.221	19.352	18.003
B7Z7T0	POLR1A	RNA polymerase I subunit A	Homo sapiens	21.699	21.319	20.862	20.436	21.12	20.896	21.327	21.932	20.737	20.9	21.279	21.573	21.283	21.459	21.188
A0A1B0GTK4	FAM237A	family with sequence similarity 237 member A	Homo sapiens	15.752	15.136	15.131	15.617	15.741	NA	15.745	15.8	15.406	16.009	15.711	16.123	15.673	15.743	15.053
B2RUU1	SPATA31A7	SPATA31 subfamily A member 7	Homo sapiens	16.157	16.446	15.425	15.679	15.456	16.118	15.731	15.698	15.86	NA	16.143	15.822	16.216	15.87	15.842
A8K5N7	TNNT1	troponin T1, slow skeletal type	Homo sapiens	15.767	16.12	15.684	14.739	16.28	16.096	15.547	16.214	NA	15.193	15.418	16.086	15.174	NA	14.93
K7EPQ7	YIF1B	Yip1 interacting factor homolog B, membrane trafficking protein	Homo sapiens	NA	15.493	15.6	15.311	15.284	15.853	15.332	16.069	16.247	15.13	15.651	15.626	15.418	15.55	16.121
A0A0K0K1K2	NME8	NME/NM23 family member 8	Homo sapiens	15.638	15.49	15.162	14.959	15.908	15.889	15.041	NA	NA	15.531	NA	15.86	15.611	15.571	15.873
B2RBM7	PSMD13	proteasome 26S subunit, non-ATPase 13	Homo sapiens	16.849	16.678	16.928	16.487	17.076	17.333	17.018	18.089	17.426	17.327	16.88	NA	16.404	16.599	17.073
B2R7K6	TIMP4	TIMP metallopeptidase inhibitor 4	Homo sapiens	19.229	19.274	18.928	18.681	19.346	18.799	19.267	19.543	18.993	18.848	19.184	19.079	19.363	19.542	19.366
B2R8Z9	POU2AF1	POU class 2 homeobox associating factor 1	Homo sapiens	15.386	15.784	NA	14.998	NA	NA	15.524	15.696	15.429	15.159	15.273	15.764	15.768	NA	15.152
B4DHL7	PDXDC1	pyridoxal dependent decarboxylase domain containing 1	Homo sapiens	NA	NA	NA	NA	NA	12.333	NA	13.123	NA	NA	13.24	13.176	NA	NA	12.721
Q9P1T6	MDFIC	MyoD family inhibitor domain containing	Homo sapiens	13.976	14.425	NA	13.934	NA	14.778	NA	NA	14.067	14.338	14.821	NA	14.18	14.418	14.146
P57054	PIGP	phosphatidylinositol glycan anchor biosynthesis class P	Homo sapiens	16.242	15.945	15.409	15.459	15.999	16.098	16.002	16.557	15.651	NA	15.866	16.637	16.435	16.456	NA
B2RAF9	ST14	ST14 transmembrane serine protease matriptase	Homo sapiens	16.421	16.489	15.64	15.576	16.71	16.295	NA	16.73	16.341	15.553	16.072	16.398	16.105	16.228	16.004
A0A087X187	POTEH	POTE ankyrin domain family member H	Homo sapiens	NA	13.732	NA	NA	13.756	13.719	13.714	13.593	NA	NA	NA	13.854	NA	NA	NA
B4DGP4	LDB3	LIM domain binding 3	Homo sapiens	13.71	NA	NA	NA	NA	NA	13.213	13.551	NA	NA	NA	NA	NA	NA	NA
Q6DHV7	MAPDA	N6-Methyl-AMP deaminase	Homo sapiens	18.36	17.815	18.642	17.37	18.155	18.155	18.076	18.267	17.859	17.629	17.731	18.396	17.866	17.944	17.886
H0YA52	PCBD2	pterin-4 alpha-carbinolamine dehydratase 2	Homo sapiens	17.975	18.068	18.168	18.045	NA	18.244	17.65	18.439	17.845	17.356	17.989	18.11	17.595	17.987	17.603
A0A1W2PR09	NECAP1	NECAP endocytosis associated 1	Homo sapiens	16.564	16.483	16.808	NA	16.646	15.712	15.727	16.055	15.013	15.192	19.021	19.212	18.822	18.993	18.754
B2RCB4	GARIN4	golgi associated RAB2 interactor family member 4	Homo sapiens	18.725	17.991	17.774	16.905	18.299	17.727	17.583	18.876	17.903	17.852	NA	18.482	18.164	18.116	17.7
B3KSG5	RMND5B	required for meiotic nuclear division 5 homolog B	Homo sapiens	NA	NA	13.566	13.639	NA	NA	14.29	14.305	13.624	13.751	14.369	NA	14.246	NA	NA
H0YC24	ANTXR1	ANTXR cell adhesion molecule 1	Homo sapiens	17.321	17.397	17.107	17.508	17.022	17.771	16.813	17.6	17.441	16.556	17.273	17.668	NA	17.437	16.493
A0A384NL16	WDR17	WD repeat domain 17	Homo sapiens	17.184	17.561	16.836	16.712	16.412	17.142	17.766	17.669	16.714	17.284	16.697	17.492	17.123	16.83	17.088
A4PBF7	TAF4B	TATA-box binding protein associated factor 4b	Homo sapiens	14.14	NA	NA	NA	13.838	14.799	NA	14.206	14.378	13.946	13.879	13.702	NA	14.359	NA
Q5R2W1	ZBTB21	zinc finger and BTB domain containing 21	Homo sapiens	NA	15.091	14.772	NA	14.812	17.743	17.197	18.152	17.543	16.953	15.193	15.424	15.238	15.167	15.342
B2R613	LCP1	lymphocyte cytosolic protein 1	Homo sapiens	NA	16.71	16.651	16.214	16.84	16.819	16.36	17.337	16.429	16.392	NA	16.656	16.376	16.147	16.667
O95484	CLDN9	claudin 9	Homo sapiens	18.153	18.436	18.27	18.028	18.68	18.582	17.671	19.015	18.007	18.025	18.18	18.398	18.323	18.731	18.074
Q04741	EMX1	empty spiracles homeobox 1	Homo sapiens	17.279	17.837	16.452	16.648	17.228	17.256	17.035	17.753	16.817	17.449	17.073	17.072	NA	17.23	17.297
F8W8M4	ABLIM1	actin binding LIM protein 1	Homo sapiens	16.5	16.134	16.159	15.303	NA	16.263	15.599	16.095	15.605	15.286	15.444	16.093	15.526	15.597	15.896
E5RH05	TULP2	TUB like protein 2	Homo sapiens	17.691	17.554	17.474	17.16	17.457	17.342	17.241	17.779	17.685	17.464	17.549	17.461	17.738	17.438	17.597
A1L4Q3	RNF123	ring finger protein 123	Homo sapiens	15.225	15.487	14.764	14.796	15.412	15.34	NA	16.464	14.788	14.772	15.695	15.631	15.7	15.172	15.2
B3KSP9	PTGES3L-AARSD1	PTGES3L-AARSD1 readthrough	Homo sapiens	NA	NA	NA	NA	12.863	NA	NA	NA	12.885	NA	NA	NA	NA	NA	13.476
B2RBK9	C4orf17	chromosome 4 open reading frame 17	Homo sapiens	14.286	NA	NA	NA	NA	14.508	13.242	14.103	13.566	NA	NA	NA	NA	14.182	13.337
K7X1S0	DIABLO	diablo IAP-binding mitochondrial protein	Homo sapiens	NA	15.158	14.82	NA	NA	15.312	14.481	15.618	15.537	14.97	16.735	16.612	15.945	16.833	16.048
B3KPN9	DISP1	dispatched RND transporter family member 1	Homo sapiens	14.612	14.451	NA	14.311	14.494	NA	NA	15.162	NA	NA	14.152	14.862	14.419	13.914	14.213
A8K3T5	ZNF219	zinc finger protein 219	Homo sapiens	15.021	15.232	NA	15.348	15.574	14.961	15.876	15.896	15.467	15.309	NA	NA	NA	NA	NA
A5PL26	MTMR3	myotubularin related protein 3	Homo sapiens	18.068	17.738	18.107	17.578	17.974	18.732	18.33	18.512	17.503	NA	NA	18.006	17.83	18.126	17.627
Q8N228	SCML4	Scm polycomb group protein like 4	Homo sapiens	16.852	16.659	16.33	16.176	16.54	16.971	16.053	16.906	16.165	16.862	16.767	17.055	16.09	16.561	16.574
B0M0L1	MRGPRX3	MAS related GPR family member X3	Homo sapiens	18.963	18.656	17.964	18.399	18.874	18.514	18.11	18.93	18.222	18.548	18.225	19.096	18.598	18.668	18.691
Q9BUT9	MCRIP2	MAPK regulated corepressor interacting protein 2	Homo sapiens	15.06	NA	NA	14.002	15.043	14.452	14.33	14.588	14.002	NA	16.561	17.028	16.487	16.785	17.203
A7VJC9	TRIP10	thyroid hormone receptor interactor 10	Homo sapiens	18.309	17.782	17.544	17.729	18.309	18.211	18.075	18.595	17.793	17.61	17.944	18.133	18.353	18.278	18.324
A8K295	BDH2	3-hydroxybutyrate dehydrogenase 2	Homo sapiens	18.164	18.436	18.431	17.726	18.617	18.485	18.391	18.465	17.742	18.438	18.43	18.872	18.181	18.652	18.326
Q3MIQ2	ZSCAN4	zinc finger and SCAN domain containing 4	Homo sapiens	18.37	18.822	18.382	18.504	18.519	18.434	19.047	18.903	18.73	NA	18.639	18.899	18.877	19.072	NA
Q9Y255	PRELID1	PRELI domain containing 1	Homo sapiens	12.462	NA	NA	NA	NA	13.028	NA	12.658	12.243	NA	NA	NA	NA	NA	NA
A0A126GV70	OR10J5	olfactory receptor family 10 subfamily J member 5	Homo sapiens	17.668	17.644	17.364	16.826	17.551	17.211	17.048	17.774	17.62	17.27	NA	17.283	16.753	17.319	17.516
A8K3Z0	DCAKD	dephospho-CoA kinase domain containing	Homo sapiens	18.543	18.755	18.293	NA	19.133	18.363	18.576	18.584	18.583	18.721	18.391	18.715	18.272	18.975	18.244
O95388	CCN4	cellular communication network factor 4	Homo sapiens	17.394	17.532	17.653	16.909	17.478	17.892	17.143	17.792	17.217	17.651	17.407	17.058	17.357	17.46	16.811
B3KVW4	MCHR2	melanin concentrating hormone receptor 2	Homo sapiens	14.525	NA	14.368	NA	14.576	NA	NA	NA	14.471	13.815	14.049	14.487	NA	14.622	14.403
B4DE06	NELFCD	negative elongation factor complex member C/D	Homo sapiens	17.988	17.037	17.641	17.075	17.525	17.578	17.48	17.894	17.178	17.347	19.766	19.189	19.748	20.62	19.621
O60252	GLI2	GLI family zinc finger 2	Homo sapiens	17.039	16.671	16.97	NA	17.081	16.909	17.072	17.444	NA	16.096	16.278	17.345	17.124	17.321	16.53
A0A384NPM7	SCCPDH	saccharopine dehydrogenase (putative)	Homo sapiens	16.286	16.233	16.617	15.485	16.657	NA	16.45	17.143	16.216	16.526	16.298	16.496	16.389	16.554	16.734
A0A494C1T9	FAM83H	family with sequence similarity 83 member H	Homo sapiens	NA	14.742	15.451	14.892	15.036	NA	NA	NA	NA	14.36	14.894	14.985	14.773	15.568	15.152
A0A140VJT8	RNH1	ribonuclease/angiogenin inhibitor 1	Homo sapiens	17.158	17.973	17.017	16.714	17.087	NA	17.672	17.568	17.003	17.148	NA	17.254	17.174	17.417	16.906
B2RDP9	ASB2	ankyrin repeat and SOCS box containing 2	Homo sapiens	19.188	19.222	18.883	18.998	19.175	18.837	18.685	18.589	18.476	18.9	18.328	NA	19.24	19.061	18.357
A4D2D6	AGFG2	ArfGAP with FG repeats 2	Homo sapiens	20.971	20.872	20.648	20.395	20.999	21.005	20.69	21.845	20.86	21.001	21.183	21.262	20.886	21.345	21.097
I3L3H2	EIF4A3	eukaryotic translation initiation factor 4A3	Homo sapiens	13.606	13.222	13.53	NA	NA	NA	NA	NA	13.045	NA	NA	NA	13.578	13.365	NA
Q16623	STX1A	syntaxin 1A	Homo sapiens	14.662	14.749	NA	14.48	NA	14.9	NA	NA	14.358	NA	16.229	NA	16.535	16.384	16.525
Q7Z5P4	HSD17B13	hydroxysteroid 17-beta dehydrogenase 13	Homo sapiens	17.909	17.146	17.703	17.377	18.509	17.723	17.299	17.411	17.157	17.21	17.611	17.684	17.697	NA	NA
Q9HC73	CRLF2	cytokine receptor like factor 2	Homo sapiens	14.313	15.173	NA	14.678	14.838	15.062	14.947	15.601	14.88	NA	14.883	14.727	NA	15.154	15.208
B7ZM75	SEC31B	SEC31 homolog B, COPII coat complex component	Homo sapiens	17.086	17.026	16.625	16.909	17.702	17.314	16.947	17.681	17.291	17.118	17.327	17.534	17.384	17.473	NA
Q5HY64	FAM47C	family with sequence similarity 47 member C	Homo sapiens	15.795	15.607	15.387	NA	15.7	15.986	15.256	16.215	15.185	15.238	15.545	15.689	15.711	15.799	15.406
Q0VDK1	A4GNT	alpha-1,4-N-acetylglucosaminyltransferase	Homo sapiens	NA	14.396	NA	NA	NA	NA	13.655	15.02	13.674	14.209	NA	NA	14.349	14.404	14.092
A0A1U9X8U9	ZBTB22	zinc finger and BTB domain containing 22	Homo sapiens	17.765	17.4	18.026	17.586	17.756	17.97	NA	17.998	17.272	17.319	17.339	17.988	17.771	17.669	17.548
P35226	BMI1	BMI1 proto-oncogene, polycomb ring finger	Homo sapiens	14.428	14.353	NA	13.432	14.08	16.957	NA	17.825	16.64	16.639	14.33	15.061	13.776	14.072	14.261
P17706	PTPN2	protein tyrosine phosphatase non-receptor type 2	Homo sapiens	14.432	15.032	14.885	15.052	15.465	15.179	NA	15.677	14.312	NA	15.12	15.268	15.385	15.077	14.512
B2R9K8	CCT6A	chaperonin containing TCP1 subunit 6A	Homo sapiens	15.941	15.379	NA	15.347	15.777	15.127	15.444	16.028	15.58	15.757	NA	NA	13.748	14.221	14.654
A6H8Y4	ASTN1	astrotactin 1	Homo sapiens	16.984	16.917	16.594	16.808	17.399	16.996	17.216	17.613	17.266	16.838	16.922	16.806	17.371	17.304	16.64
Q68CL5	TPGS2	tubulin polyglutamylase complex subunit 2	Homo sapiens	16.945	16.785	16.482	16.431	16.688	16.871	17.001	17.057	16.298	16.669	16.805	17.238	16.842	17.421	17.036
A0A384MTN6	WFDC2	WAP four-disulfide core domain 2	Homo sapiens	20.209	19.854	20.031	19.529	20.659	22.847	22.344	22.568	21.857	NA	19.845	20.49	20.133	NA	19.639
B4DH27	ARMC5	armadillo repeat containing 5	Homo sapiens	16.304	NA	16.074	15.921	16.087	16.454	15.918	16.501	15.573	15.962	16.043	16.073	15.789	NA	NA
A6NKU9	SPDYE3	speedy/RINGO cell cycle regulator family member E3	Homo sapiens	18.006	17.792	17.005	17.233	17.355	17.57	17.452	17.979	17.332	17.374	16.971	17.504	17.557	17.725	NA
A0A087WV34	GLMP	glycosylated lysosomal membrane protein	Homo sapiens	15.902	15.359	15.19	15.563	15.26	17.661	17.654	17.76	17.342	NA	15.301	16.009	15.397	15.827	15.641
B3KX49	ZNF567	zinc finger protein 567	Homo sapiens	14.794	14.786	NA	NA	NA	15.46	NA	15.725	NA	NA	NA	15.477	15.009	15.143	15.139
Q75RY1	GDF7	growth differentiation factor 7	Homo sapiens	NA	NA	13.991	NA	NA	13.894	13.652	NA	13.527	NA	14.153	14.537	14.294	NA	NA
A0AAG2UYG5	FAM90A5	family with sequence similarity 90 member A5	Homo sapiens	18.527	NA	18.219	17.851	18.595	17.905	NA	18.415	17.931	17.752	17.881	18.206	18.467	18.752	18.053
A1A4G5	LNP1	leukemia NUP98 fusion partner 1	Homo sapiens	NA	18.523	19.047	18.01	19.035	18.904	18.876	19.681	18.264	17.982	18.744	19.235	18.392	18.837	18.107
Q0QD41	LRIT1	leucine rich repeat, Ig-like and transmembrane domains 1	Homo sapiens	16.46	16.245	16.448	16.261	16.49	16.715	16.562	17.152	16.53	NA	16.284	16.422	16.004	16.863	16.207
B2RB95	TRIM16	tripartite motif containing 16	Homo sapiens	16.559	17.524	16.667	16.373	16.988	16.999	17.028	17.745	17.149	16.926	17.732	17.002	16.984	17.396	NA
A0A8I5KXJ0	ERMP1	endoplasmic reticulum metallopeptidase 1	Homo sapiens	13.907	13.855	14.509	NA	NA	14.286	NA	14.62	NA	NA	13.886	14.352	NA	14.071	NA
A8K704	LMAN1L	lectin, mannose binding 1 like	Homo sapiens	NA	13.684	NA	14.238	14.117	NA	13.695	NA	14.273	14.371	NA	14.218	14.038	NA	NA
A8K5H3	RBSN	rabenosyn, RAB effector	Homo sapiens	16.857	16.639	16.224	15.945	16.417	16.321	16.244	16.845	16.162	15.657	16.234	16.373	16.532	16.805	16.711
A8K842	CT45A5	cancer/testis antigen family 45 member A5	Homo sapiens	16.037	15.966	16.347	15.614	15.662	16.553	16.164	16.121	16.104	NA	14.4	NA	15.101	15.378	14.404
B2RB38	FLVCR1	FLVCR choline and heme transporter 1	Homo sapiens	17.916	17.726	17.893	16.956	17.56	NA	17.835	17.932	NA	17.509	17.728	17.255	17.47	17.863	17.651
A2VDJ1	LOC124907523	golgin subfamily A member 6A-like	Homo sapiens	16.366	NA	16.464	16.494	16.255	16.355	15.974	16.557	NA	15.791	16.091	16.345	16.741	16.423	16.074
Q495B9	RHBDD1	rhomboid domain containing 1	Homo sapiens	14.444	NA	NA	NA	NA	NA	NA	14.91	NA	NA	14.686	NA	14.527	14.057	13.929
Q96PT4	LOC124907508	double homeobox protein 1-like	Homo sapiens	NA	14.754	NA	14.501	14.625	15.086	14.423	15.153	NA	15.218	14.815	NA	NA	15.014	NA
Q8N4L4	SPEM1	spermatid maturation 1	Homo sapiens	14.724	14.409	14.351	14.859	14.663	14.675	14.144	14.922	NA	13.803	15.168	14.542	15.265	NA	14.914
A0A5F9ZGS6	SAMD8	sterile alpha motif domain containing 8	Homo sapiens	14.618	14.463	15.208	14.342	14.398	16.347	15.879	16.765	15.502	NA	14.81	14.98	14.491	14.694	14.879
B2RBW4	LIG4	DNA ligase 4	Homo sapiens	17.302	16.603	17.292	NA	NA	17.174	16.836	17.094	17.026	16.748	17.027	16.837	16.565	17.384	16.881
O75398	DEAF1	DEAF1 transcription factor	Homo sapiens	16.013	15.18	15.019	14.363	14.582	14.523	14.61	15.408	14.86	14.713	15.042	15.523	15.336	NA	NA
D6W5D0	MTIF2	mitochondrial translational initiation factor 2	Homo sapiens	17.299	16.837	16.777	16.524	17.324	17.498	NA	17.276	16.718	17.096	16.975	16.904	17.264	17.183	17.298
A0A0C4DGG2	COX7B2	cytochrome c oxidase subunit 7B2	Homo sapiens	18.454	18.892	18.376	18.219	18.805	18.437	17.986	18.728	18.081	18.286	18.518	18.155	18.22	18.409	18.245
B7Z4E8	CHST10	carbohydrate sulfotransferase 10	Homo sapiens	NA	15.866	15.562	15.645	16.12	15.598	15.747	16.406	15.449	15.55	15.682	16.334	16.323	15.878	15.583
A8K840	RARA	retinoic acid receptor alpha	Homo sapiens	17.091	16.946	NA	16.043	17.178	17.249	NA	17.369	NA	16.659	17.022	17.089	16.892	17.336	NA
A0A7I2V4B2	GGTA1	glycoprotein alpha-galactosyltransferase 1 (inactive)	Homo sapiens	15.657	NA	15.832	15.261	16.29	16.02	15.822	16.226	16.039	16.271	15.887	16.195	15.835	NA	15.538
P0DPP9	ETDA	embryonic testis differentiation homolog A	Homo sapiens	15.438	16.352	15.231	15.877	16.122	16.594	16.006	16.182	16.082	15.865	15.703	16.58	NA	16.038	16.219
Q59EA4	PLD1	phospholipase D1	Homo sapiens	15.886	15.452	15.773	NA	NA	15.207	15.363	16.164	15.43	15.5	15.572	15.064	15.714	15.541	15.266
A0A481SHK9	HBB	hemoglobin subunit beta	Homo sapiens	NA	16.635	16.8	NA	16.698	16.788	16.806	16.706	16.3	16.62	16.878	17.558	16.57	NA	16.605
Q12965	MYO1E	myosin IE	Homo sapiens	11.35	NA	NA	NA	NA	NA	NA	NA	NA	NA	NA	NA	NA	NA	NA
A6NG46	GAGE2E	G antigen 2E	Homo sapiens	18.45	19.497	19.091	18.982	19.271	21.695	21.485	21.524	20.618	20.933	18.863	19.458	19.16	19.069	19.496
B4DYY4	NEFH	neurofilament heavy chain	Homo sapiens	16.202	15.958	NA	15.638	15.583	15.213	15.567	16.217	15.583	15.645	15.163	NA	16.178	15.721	15.589
A0A140VK60	SPMIP9	sperm microtubule inner protein 9	Homo sapiens	19.988	19.766	19.72	19.784	20.555	20.17	19.823	20.282	19.031	19.495	NA	19.974	20.186	20.046	19.871
B4DSJ3	LRRC37B	leucine rich repeat containing 37B	Homo sapiens	16	15.784	15.298	14.627	15.557	15.716	15.626	NA	15.03	15.706	15.064	15.611	NA	15.742	NA
A6NM36	LRRC30	leucine rich repeat containing 30	Homo sapiens	12.465	NA	NA	NA	NA	NA	NA	NA	NA	NA	NA	NA	NA	NA	NA
Q8N4V2	SVOP	SV2 related protein	Homo sapiens	15.247	14.693	14.905	14.242	NA	15.324	15.245	15.518	14.29	14.526	14.508	15.045	14.394	15.518	NA
Q9UQL6	HDAC5	histone deacetylase 5	Homo sapiens	15.245	15.559	15.174	14.858	15.282	16.037	15.547	15.95	15.364	NA	NA	15.604	15.619	15.456	15.355
Q32M84	BTBD16	BTB domain containing 16	Homo sapiens	NA	NA	12.278	11.79	11.809	NA	NA	NA	NA	NA	NA	NA	NA	NA	NA
Q59GS9	GAS7	growth arrest specific 7	Homo sapiens	15.482	15.105	NA	15.309	16.147	17.367	17.95	17.897	NA	17.712	NA	NA	NA	13.134	NA
Q8N112	LSMEM2	leucine rich single-pass membrane protein 2	Homo sapiens	16.272	16.231	16.301	16.252	16.277	16.484	16.155	17.011	15.79	15.758	15.979	16.166	15.946	16.682	15.844
B2R9W3	P2RY2	purinergic receptor P2Y2	Homo sapiens	15.448	15.376	15.178	15.135	NA	15.999	15.03	15.794	NA	15.346	15.404	NA	15.444	16.236	15.578
Q8IYW5	RNF168	ring finger protein 168	Homo sapiens	NA	16.955	16.904	16.157	16.918	17.226	16.508	17.462	16.58	16.232	17.014	17.368	16.862	17.322	17.44
B2R8Z5	TMEM98	transmembrane protein 98	Homo sapiens	15.771	15.89	15.515	16.016	16.377	15.721	NA	16.821	15.823	15.815	15.61	16.247	16.417	NA	15.678
U3KQA1	DUSP13B	dual specificity phosphatase 13B	Homo sapiens	13.784	NA	NA	NA	NA	NA	NA	NA	NA	NA	NA	NA	NA	NA	NA
A0A126GW88	OR1A1	olfactory receptor family 1 subfamily A member 1	Homo sapiens	18.034	17.729	17.727	17.361	17.397	17.793	17.248	18.159	17.445	17.252	17.955	17.981	17.643	18.263	17.269
Q9H4S2	GSX1	GS homeobox 1	Homo sapiens	18.692	18.607	18.577	18.155	18.405	18.587	18.614	19.456	18.807	NA	NA	18.894	18.579	19.092	18.07
J9JIF5	CXXC4	CXXC finger protein 4	Homo sapiens	15.347	15.043	15.424	15.422	15.366	15.773	14.969	14.854	15.097	NA	15.345	15.66	15.608	15.527	14.94
A0A5F9ZH67	LMTK3	lemur tyrosine kinase 3	Homo sapiens	NA	NA	NA	NA	NA	NA	NA	12.113	NA	NA	NA	NA	NA	NA	NA
A4D0R8	GPR22	G protein-coupled receptor 22	Homo sapiens	NA	17.349	17.075	16.712	17.185	17.151	17.062	17.105	16.154	NA	17.68	17.345	17.382	17.503	17.155
A8K045	HSPBAP1	HSPB1 associated protein 1	Homo sapiens	16.292	15.976	16.479	16.04	NA	NA	NA	14.892	14.639	14.887	16.161	15.985	16.724	NA	15.838
A8K8C1	SERGEF	secretion regulating guanine nucleotide exchange factor	Homo sapiens	16.105	16.11	15.493	15.256	15.626	16.224	16.081	16.457	15.342	15.826	16.109	16.031	16.008	15.699	16.119
A8MTY4	NLRP5	NLR family pyrin domain containing 5	Homo sapiens	17.31	17.703	17.159	17.486	17.259	18.256	17.859	17.699	17.534	17.665	17.899	17.5	17.64	17.787	17.218
Q3ZCM9	TGIF2LX	TGFB induced factor homeobox 2 like X-linked	Homo sapiens	16.21	15.72	16.253	NA	16.162	16.192	15.561	16.174	15.606	NA	15.692	16.035	15.725	15.749	15.399
A0A0S2Z3S6	CYBB	cytochrome b-245 beta chain	Homo sapiens	NA	NA	NA	NA	NA	12.87	NA	NA	NA	NA	NA	NA	NA	NA	NA
Q6BEB4	SP5	Sp5 transcription factor	Homo sapiens	NA	13.337	NA	NA	NA	15.4	15.239	15.753	14.925	NA	NA	13.848	NA	NA	NA
A0A1A7UP97	GALNS	galactosamine (N-acetyl)-6-sulfatase	Homo sapiens	NA	16.279	16.053	NA	16.288	16.767	15.843	16.799	NA	15.728	17.873	18.728	17.967	18.082	17.316
A0A140VJS0	PPP2CB	protein phosphatase 2 catalytic subunit beta	Homo sapiens	NA	13.754	13.561	13.685	14.41	NA	NA	14.147	NA	13.813	16.858	16.431	16.429	16.865	16.351
A0A024R1I3	PDXP	pyridoxal phosphatase	Homo sapiens	16.791	16.639	16.602	16.169	NA	16.689	16.281	16.888	16.356	16.768	16.714	16.476	16.617	17.019	16.286
O95071	UBR5	ubiquitin protein ligase E3 component n-recognin 5	Homo sapiens	20.63	19.996	20.227	19.439	19.771	NA	19.18	20.059	19.788	19.704	20.18	20.388	20.051	20.334	19.76
Q9Y5Q4	LOC128966722	putative killer cell immunoglobulin-like receptor like protein KIR3DP1	Homo sapiens	16.245	16.266	15.871	15.934	16.004	NA	16.171	16.455	16.158	16.389	15.547	16.703	16.585	16.198	NA
A0N0X8	CYP1A1	cytochrome P450 family 1 subfamily A member 1	Homo sapiens	14.63	14.726	14.19	13.974	14.575	NA	NA	NA	NA	NA	14.766	14.482	14.611	14.772	14.118
Q4W5F2	EVC	EvC ciliary complex subunit 1	Homo sapiens	21.785	21.493	22.231	21.095	21.967	21.564	21.279	22.396	21.529	21.529	22.186	22.376	21.954	21.576	21.523
B4DF62	POGK	pogo transposable element derived with KRAB domain	Homo sapiens	17.478	17.282	16.771	15.969	NA	16.787	16.652	17.322	16.758	16.136	16.815	16.676	17.58	17.016	16.448
B3KMR4	PIAS4	protein inhibitor of activated STAT 4	Homo sapiens	14.631	13.977	14.418	NA	NA	14.425	14.415	15.145	14.176	NA	14.229	NA	NA	NA	14.368
O75379	VAMP4	vesicle associated membrane protein 4	Homo sapiens	NA	13.053	NA	NA	13.807	15.665	15.485	15.587	15.773	15.417	NA	16.948	16.707	16.517	16.838
A0A7H0TJC6	SERPIND1	serpin family D member 1	Homo sapiens	NA	NA	NA	14.075	14.043	14.135	14.312	14.831	NA	NA	13.794	NA	14.527	NA	NA
A3KMG3	SLC16A13	solute carrier family 16 member 13	Homo sapiens	16.826	16.962	16.745	16.308	16.541	16.471	15.93	17.065	16.88	NA	16.276	16.914	16.63	16.837	15.86
A8K0R7	ZNF839	zinc finger protein 839	Homo sapiens	19.444	18.662	18.948	18.557	18.979	19.206	19.229	19.719	18.511	18.489	19.505	19.213	19.444	18.83	18.771
A0A126GVF3	OR51A4	olfactory receptor family 51 subfamily A member 4	Homo sapiens	16.248	16.136	16.542	15.768	16.036	NA	16.338	17.329	16.217	16.329	16.459	16.706	16.233	16.403	15.969
Q5R3F8	ELFN2	extracellular leucine rich repeat and fibronectin type III domain containing 2	Homo sapiens	NA	NA	NA	NA	11.685	NA	NA	NA	NA	NA	NA	NA	NA	NA	NA
A0AAG2UVN0	OR2T5	olfactory receptor family 2 subfamily T member 5	Homo sapiens	16.139	15.201	15.178	14.955	15.604	15.222	15.32	16.1	15.055	15.624	15.175	16.26	15.351	15.044	15.523
Q9H9B1	EHMT1	euchromatic histone lysine methyltransferase 1	Homo sapiens	13.337	NA	NA	NA	NA	13.196	12.857	NA	NA	NA	NA	NA	NA	12.746	NA
A0A140VJR2	PEPD	peptidase D	Homo sapiens	NA	13.237	NA	NA	NA	NA	NA	12.893	NA	NA	NA	NA	NA	NA	NA
B2RV32	CTXN3	cortexin 3	Homo sapiens	16.36	16.471	17.124	NA	16.531	16.543	15.975	16.675	16.079	16.077	16.24	16.483	16.443	16.893	16.519
Q7Z7M8	B3GNT8	UDP-GlcNAc:betaGal beta-1,3-N-acetylglucosaminyltransferase 8	Homo sapiens	18.569	18.031	18.288	18.055	18.435	18.249	18.49	18.938	18.282	18.346	17.773	17.923	17.354	17.511	17.414
A8K842	CT45A7	cancer/testis antigen family 45 member A7	Homo sapiens	17.749	17.908	18.038	17.747	18.344	17.645	17.941	18.647	18.426	17.762	17.893	18.086	18.107	18.198	17.399
A0A140TA27	PRAMEF18	PRAME family member 18	Homo sapiens	20.287	19.927	19.788	19.702	19.839	19.752	19.424	20.291	19.524	19.626	19.822	19.539	20.113	20.225	19.756
B1Q003	MBOAT4	membrane bound ghrelin O-acyltransferase MBOAT4	Homo sapiens	19.467	19.215	19.352	19.129	19.833	19.397	19.687	20.758	19.39	19.61	NA	16.767	16.62	16.956	16.686
E1P5N4	CHMP4B	charged multivesicular body protein 4B	Homo sapiens	17.583	17.795	17.513	17.344	18.139	19.435	19.335	19.589	18.884	19.531	17.926	18.156	17.772	18.118	17.271
A0A087WW35	METTL2A	methyltransferase 2A, tRNA N3-cytidine	Homo sapiens	15.306	NA	14.797	NA	15.038	13.989	NA	NA	NA	14.549	NA	15.261	14.33	14.5	13.782
P63096	GNAI1	G protein subunit alpha i1	Homo sapiens	NA	NA	NA	15.325	15.009	15.771	15.269	15.911	NA	14.751	16.331	16.19	16.568	16.451	16.371
A0A1B0GU71	CFAP97D2	CFAP97 domain containing 2	Homo sapiens	18.397	17.857	NA	17.967	18.081	17.784	17.77	18.285	17.994	18.214	18.046	18.38	18.054	18.672	17.823
Q99437	ATP6V0B	ATPase H+ transporting V0 subunit b	Homo sapiens	15.585	15.734	15.47	15.012	NA	15.348	15.373	16.165	14.838	15.047	15.815	15.252	15.382	NA	15.458
Q86VX9	MON1A	MON1 homolog A, secretory trafficking associated	Homo sapiens	18.046	18.243	NA	18.083	18.4	18.093	18.118	18.736	18.185	17.379	18.251	18.736	18.428	18.757	17.939
A0A1W2PPV0	CSAG2	CSAG family member 2	Homo sapiens	15.173	15.294	15.088	15.544	15.059	15.172	15.106	15.858	15.125	14.882	15.281	15.471	NA	15.335	14.72
B2RCD2	CYTH4	cytohesin 4	Homo sapiens	17.183	17.052	17.183	16.514	16.926	17.573	16.832	17.798	17.734	16.976	17.487	17.245	17.149	NA	16.836
H0YBI6	TXNRD3	thioredoxin reductase 3	Homo sapiens	17.934	18.034	NA	18.216	17.965	18.407	17.418	18.442	17.914	17.511	17.945	18.511	18.074	18.081	18.018
A8K099	PRKAR1B	protein kinase cAMP-dependent type I regulatory subunit beta	Homo sapiens	13.733	13.482	NA	NA	NA	NA	NA	13.445	NA	NA	NA	NA	13.437	13.365	NA
A8K359	ERCC3	ERCC excision repair 3, TFIIH core complex helicase subunit	Homo sapiens	15.117	14.612	14.437	NA	14.373	NA	14.386	15.504	14.172	15.143	NA	NA	NA	NA	NA
A0A8V8TM04	FLI1	Fli-1 proto-oncogene, ETS transcription factor	Homo sapiens	16.137	16.394	15.85	NA	16.191	16.266	16.262	17.024	16.126	NA	15.974	16.546	16.02	16.473	NA
P0DPD5	ZNF723	zinc finger protein 723	Homo sapiens	NA	15.26	NA	15.041	15.131	NA	15.29	NA	14.657	14.719	15.097	15.151	15.313	15.702	14.695
A8K4U4	STRIP1	striatin interacting protein 1	Homo sapiens	16.5	16.369	16.61	16.222	16.582	16.103	16.153	16.303	15.693	15.775	16.345	16.821	NA	16.3	16.078
Q8TDJ0	ABCC11	ATP binding cassette subfamily C member 11	Homo sapiens	16.207	NA	15.454	14.918	15.726	15.719	15.873	16.301	NA	15.25	16.075	15.744	15.468	15.718	15.462
A0A126GVD6	OR10G6	olfactory receptor family 10 subfamily G member 6	Homo sapiens	15.889	15.694	NA	15.141	15.844	15.558	NA	15.69	15.815	15.854	15.586	16.089	15.926	15.689	16.185
Q86Y22	COL23A1	collagen type XXIII alpha 1 chain	Homo sapiens	21.101	21.411	20.75	20.371	21.168	21.217	20.968	21.53	21.378	21.39	20.64	21.455	20.929	21.064	20.553
B3KSM7	SLC46A3	solute carrier family 46 member 3	Homo sapiens	19.67	19.635	19.847	19.065	19.624	19.636	19.072	19.596	19.2	19.302	19.334	19.348	20.155	19.421	19.141
A0A0S2Z5D9	RBM23	RNA binding motif protein 23	Homo sapiens	16.762	17.293	16.904	16.807	17.008	16.271	15.032	16.008	NA	16.022	15.046	15.595	15.13	NA	NA
P18283	GPX2	glutathione peroxidase 2	Homo sapiens	15.481	15.243	15.319	14.578	14.784	NA	NA	NA	14.111	NA	15.374	15.079	15.873	15.185	15.259
A0AA52I2C1	PALB2	partner and localizer of BRCA2	Homo sapiens	15.209	NA	14.823	14.457	14.632	NA	14.705	NA	14.488	14.647	16.383	16.778	16.748	16.697	16.072
B2R8G3	DHH	desert hedgehog signaling molecule	Homo sapiens	17.502	17.737	17.874	16.576	17.735	16.888	16.755	18.118	NA	16.876	16.916	17.178	16.337	16.959	16.795
Q2M3F0	IL25	interleukin 25	Homo sapiens	NA	11.885	NA	NA	NA	NA	NA	NA	NA	NA	NA	NA	NA	NA	NA
A0AAG2TIP3	USP17L4	ubiquitin specific peptidase 17 like family member 4	Homo sapiens	19.281	18.661	19.419	18.814	19.355	19.597	18.818	19.352	19.164	19.044	18.935	19.809	19.481	19.535	19.147
I0B0K8	FLG	filaggrin	Homo sapiens	15.312	14.956	14.973	NA	15.117	NA	14.922	NA	14.712	NA	14.766	15.013	15.096	15.858	15.026
A6NH76	LHFPL4	LHFPL tetraspan subfamily member 4	Homo sapiens	19.431	18.817	19.205	18.35	19.18	19.277	19.016	19.207	18.774	19.117	19.13	19.827	18.797	19.049	NA
Q03188	CENPC	centromere protein C	Homo sapiens	NA	15.546	15.568	15.581	15.111	16	15.993	15.978	15.199	15.671	16.962	NA	16.744	17.012	16.212
Q8TDQ7	GNPDA2	glucosamine-6-phosphate deaminase 2	Homo sapiens	16.677	16.482	16.644	15.723	16.923	16.685	NA	16.856	16.227	16.429	16.665	16.718	16.936	16.683	16.638
A0JLM3	CWC25	CWC25 spliceosome associated protein homolog	Homo sapiens	NA	15.056	NA	NA	NA	NA	NA	NA	NA	NA	13.885	NA	14.806	14.61	14.293
A8K537	ID1	inhibitor of DNA binding 1	Homo sapiens	15.126	15.255	15.206	NA	14.83	NA	13.925	15.17	14.789	14.377	14.812	14.978	NA	NA	14.353
A6NM62	LRRC53	leucine rich repeat containing 53	Homo sapiens	13.874	14.242	13.689	NA	NA	NA	NA	14.264	NA	NA	13.935	NA	14.177	NA	13.865
B1AKP1	TSPAN2	tetraspanin 2	Homo sapiens	13.661	NA	NA	13.276	NA	NA	NA	14.493	13.581	13.826	NA	13.89	NA	13.864	13.967
P00167	CYB5A	cytochrome b5 type A	Homo sapiens	21.651	21.426	21.398	21.34	20.811	21.153	21.817	22.404	21.389	21.458	21.613	21.62	22.036	21.807	21.737
B3KPC5	MGAT2	alpha-1,6-mannosyl-glycoprotein 2-beta-N-acetylglucosaminyltransferase	Homo sapiens	18.417	18.66	19.19	18.308	19.379	19.035	18.872	19.27	18.432	18.831	18.699	NA	18.613	19.127	18.831
A0A0C4DH81	DNAAF3	dynein axonemal assembly factor 3	Homo sapiens	13.915	13.89	14.122	NA	14.453	NA	NA	NA	NA	14.318	NA	14.042	14.428	14.349	NA
A8K9M3	UGT2B10	UDP glucuronosyltransferase family 2 member B10	Homo sapiens	17.11	17.055	NA	NA	17.179	17.172	17.012	17.774	17.045	17.002	NA	17.234	16.95	17.081	17.758
B4DL95	USH1G	USH1 protein network component sans	Homo sapiens	17.452	17.779	17.304	NA	17.754	16.91	16.503	17.68	17.42	17.449	17.678	17.919	17.72	17.536	17.555
O43819	SCO2	synthesis of cytochrome C oxidase 2	Homo sapiens	13.984	13.667	14.161	NA	14.316	14.434	NA	NA	13.845	NA	NA	NA	13.984	NA	13.969
B5BUM7	PRRX1	paired related homeobox 1	Homo sapiens	15.172	14.592	14.783	14.896	15.1	14.751	14.721	15.478	NA	NA	14.922	15.477	NA	15.37	15.517
A0A126GV67	OR2M3	olfactory receptor family 2 subfamily M member 3	Homo sapiens	13.711	13.016	13.614	NA	NA	NA	NA	13.658	13.459	NA	13.169	13.878	13.152	NA	NA
B3KNV3	KCNIP2	potassium voltage-gated channel interacting protein 2	Homo sapiens	14.508	NA	14.21	NA	NA	14.459	14.109	14.326	13.923	NA	NA	14.63	NA	14.313	14.343
A0A087WXS9	TBC1D3I	TBC1 domain family member 3I	Homo sapiens	NA	13.518	NA	NA	14.252	NA	NA	NA	NA	NA	NA	NA	11.761	NA	NA
A8K6B1	CYB5B	cytochrome b5 type B	Homo sapiens	17.343	17.364	17.334	17.509	17.879	18.051	17.386	18.142	17.738	17.161	17.517	18.097	18.259	NA	17.461
Q8N3D4	EHBP1L1	EH domain binding protein 1 like 1	Homo sapiens	18.691	18.563	18.301	18.053	18.5	18.817	18.153	18.58	18.149	18.471	18.084	18.432	18.251	18.398	18.421
A0A3B3IUC3	GPR158	G protein-coupled receptor 158	Homo sapiens	17.944	17.493	17.454	16.979	17.58	18.209	18.095	18.053	17.519	17.503	17.961	17.681	17.176	17.71	17.324
A8KAQ3	SORT1	sortilin 1	Homo sapiens	16.793	16.517	16.442	16.902	16.516	16.59	16.135	17.257	16.394	16.857	16.641	16.978	16.773	16.861	15.934
F2Z2V1	FGGY	FGGY carbohydrate kinase domain containing	Homo sapiens	16.514	NA	NA	15.157	15.795	15.844	15.535	16.333	NA	15.418	NA	15.63	16.386	15.852	15.5
O95833	CLIC3	chloride intracellular channel 3	Homo sapiens	18.451	18.179	18.454	18.038	17.966	18.862	17.992	18.814	18.372	18.077	21.135	21.225	21.652	21.354	21.393
A1L4I8	KRTAP11-1	keratin associated protein 11-1	Homo sapiens	NA	NA	15.229	14.786	15.427	15.39	15.416	15.775	NA	NA	15.561	NA	NA	15.442	14.838
A0A0X8GLL6	CRYGC	crystallin gamma C	Homo sapiens	20.286	19.236	19.434	18.939	19.743	19.472	19.09	20.408	19.43	19.367	19.057	19.595	19.719	19.653	19.107
A8MUZ8	ZNF705G	zinc finger protein 705G	Homo sapiens	NA	NA	14.453	NA	NA	NA	14.213	15.198	NA	14.616	14.595	14.529	14.386	NA	14.329
B4DHJ1	ENC1	ectodermal-neural cortex 1	Homo sapiens	15.954	15.856	16.174	15.764	16.966	15.665	15.587	16.677	16.491	15.295	15.659	16.46	NA	16.593	16.242
O75066	ZBTB40	zinc finger and BTB domain containing 40	Homo sapiens	16.655	17.167	16.897	NA	16.592	17.209	16.861	16.86	16.526	16.752	17.057	16.693	17.339	16.733	17.212
P59025	RTP1	receptor transporter protein 1	Homo sapiens	14.316	13.973	13.778	14.34	NA	13.694	13.827	14.7	NA	13.867	13.865	NA	NA	NA	14.1
A6NCL7	ANKRD33B	ankyrin repeat domain 33B	Homo sapiens	16.686	16.532	16.516	16.261	16.545	NA	16.312	16.977	15.947	15.783	16.7	17.067	16.74	16.351	16.066
A2T115	DAOA	D-amino acid oxidase activator	Homo sapiens	16.272	16.404	16.214	16.073	16.211	16.612	NA	16.606	16.195	16.203	NA	15.848	16.65	16.933	16.117
Q7Z7G8	VPS13B	vacuolar protein sorting 13 homolog B	Homo sapiens	15.204	14.58	14.871	14.769	14.417	14.227	14.745	15.27	NA	14.39	14.684	NA	NA	NA	NA
B1AH46	CIMIP4	ciliary microtubule inner protein 4	Homo sapiens	14.849	NA	NA	NA	15.145	14.838	NA	NA	14.64	NA	15.004	NA	14.671	14.945	NA
Q9NYS7	WSB2	WD repeat and SOCS box containing 2	Homo sapiens	NA	NA	NA	NA	NA	NA	NA	NA	NA	NA	NA	NA	NA	13.454	NA
A2BDE3	ARSK	arylsulfatase family member K	Homo sapiens	16.091	15.629	16.001	15.284	16.098	16.249	NA	16.63	15.797	15.666	16.414	NA	16.047	16.27	15.661
A0A8Q3SI05	C3	complement C3	Homo sapiens	15.192	NA	NA	NA	15.859	15.008	NA	15.323	14.94	15.196	14.98	15.539	14.58	15.523	14.735
P02808	STATH	statherin	Homo sapiens	18.927	18.478	18.332	17.528	18.644	17.308	17.793	17.688	16.64	17.031	18.778	18.92	18.516	18.5	NA
B6ZDE4	KMT2E	lysine methyltransferase 2E (inactive)	Homo sapiens	15.414	15.589	15.854	15.967	NA	15.425	NA	16.071	15.252	16.073	15.276	15.983	15.631	16.212	15.178
Q3KNU7	APOOL	apolipoprotein O like	Homo sapiens	16.17	16.564	15.989	16.362	16.623	16.488	16.186	17.103	NA	NA	16.265	16.528	16.484	NA	16.008
D6RIG4	PCDH18	protocadherin 18	Homo sapiens	18.884	19.125	19.003	18.03	18.446	18.573	18.342	19.184	18.623	18.459	18.32	18.669	19.034	18.205	18.29
A0A5F9ZGX9	BBS9	Bardet-Biedl syndrome 9	Homo sapiens	17.643	17.081	17.042	17.166	17.261	NA	16.443	17.197	16.78	16.877	16.931	16.816	17.138	17.625	16.743
B9EK40	SPATA21	spermatogenesis associated 21	Homo sapiens	19.212	18.559	18.816	18.298	19.214	18.6	18.654	19.958	18.328	18.01	18.983	18.982	18.416	19.099	18.611
B7Z4V7	ZNF800	zinc finger protein 800	Homo sapiens	15.927	15.611	15.949	15.57	15.721	16.078	15.647	NA	14.716	NA	15.556	16.051	16.306	15.808	15.361
A0A0G2JPR0	C4B_2	complement component 4B (Chido/Rodgers blood group), copy 2	Homo sapiens	19.687	19.575	19.365	19.281	19.914	19.516	19.428	20.069	18.729	19.941	19.724	19.861	19.865	19.337	19.157
A0A126GVY5	OR2B11	olfactory receptor family 2 subfamily B member 11	Homo sapiens	13.956	NA	14.072	NA	13.984	14.148	NA	14.169	NA	NA	14.065	NA	14.478	14.323	13.518
B4DRZ1	MYCN	MYCN proto-oncogene, bHLH transcription factor	Homo sapiens	NA	13.383	NA	NA	NA	14.037	NA	NA	NA	14.053	12.207	11.973	NA	12.712	NA
A0A024RDB7	CXCL13	C-X-C motif chemokine ligand 13	Homo sapiens	15.513	14.656	NA	15.138	NA	15.398	NA	15.609	14.576	14.617	15.02	14.565	15.272	NA	15.05
B7Z6H1	ZFAT	zinc finger and AT-hook domain containing	Homo sapiens	17.757	17.78	16.953	16.937	17.16	17.49	17.158	17.74	17.437	17.578	17.629	17.631	16.904	17.414	17.165
Q01101	INSM1	INSM transcriptional repressor 1	Homo sapiens	17.259	16.93	NA	17.247	16.986	NA	16.526	18.084	17.697	NA	16.879	NA	16.451	18.145	17.368
Q8NAA4	ATG16L2	autophagy related 16 like 2	Homo sapiens	19.753	19.193	19.284	18.894	18.627	19.826	18.771	19.33	19.364	18.814	18.853	19.583	18.82	19.48	18.733
A0A3B3IRU7	PDE10A	phosphodiesterase 10A	Homo sapiens	18.084	17.17	17.318	16.98	17.49	17.677	17.584	17.827	17.581	17.591	17.557	17.714	17.473	17.606	17.638
A7E2U4	CFAP95	cilia and flagella associated protein 95	Homo sapiens	16.072	15.943	16.346	15.946	15.711	16.139	16.456	16.309	16.074	15.606	16.035	16.827	15.442	16.441	15.631
A4D1H4	PDK4	pyruvate dehydrogenase kinase 4	Homo sapiens	16.997	16.463	16.861	15.826	16.806	16.797	16.607	17.402	NA	17.013	17.861	NA	17.776	17.822	18.23
B4DQ92	HCLS1	hematopoietic cell-specific Lyn substrate 1	Homo sapiens	16.439	17.067	16.823	16.568	16.953	17.102	16.977	NA	16.582	16.25	17.159	16.742	16.92	16.478	16.452
B7Z2A0	RGS6	regulator of G protein signaling 6	Homo sapiens	14.018	NA	13.598	13.138	NA	13.433	13.719	13.893	NA	NA	14.305	14.007	NA	NA	NA
Q9H2F5	EPC1	enhancer of polycomb homolog 1	Homo sapiens	17.178	16.431	16.741	16.376	17.128	17.045	16.471	NA	NA	16.448	16.908	17.446	17.611	17.392	16.7
P15516	HTN3	histatin 3	Homo sapiens	16.713	16.76	16.03	16.005	16.452	16.02	16.038	16.721	16.491	NA	16.395	16.077	16.306	15.979	16.48
A8K8X3	ALG10B	ALG10 alpha-1,2-glucosyltransferase B	Homo sapiens	16.055	15.719	15.996	NA	16.017	NA	16.016	16.302	15.8	15.697	16.22	16.788	16.326	16.202	15.717
B2RDU9	COQ5	coenzyme Q5, methyltransferase	Homo sapiens	16.949	17.051	16.663	16.786	17.318	16.861	16.468	17.554	16.582	16.232	NA	17.074	16.762	17.603	16.754
A4D2L7	PURB	purine rich element binding protein B	Homo sapiens	15.937	15.316	NA	15.277	15.501	15.525	16.08	16.089	15.785	15.173	16.306	16.344	16.115	16.727	16.453
B4DZ98	ZRANB1	zinc finger RANBP2-type containing 1	Homo sapiens	13.689	NA	13.773	NA	NA	13.895	14.227	NA	NA	NA	NA	14.124	13.972	NA	13.992
B4DFC9	NAPG	NSF attachment protein gamma	Homo sapiens	20.105	19.61	19.253	19.098	19.862	19.927	19.008	19.883	19.683	19.313	NA	19.61	19.688	19.954	19.34
Q14466	RAB21	RAB21, member RAS oncogene family	Homo sapiens	14.856	NA	NA	NA	14.889	NA	14.541	15.666	15.01	14.686	15.005	NA	15.029	15.239	15.009
B4DN67	KIRREL1	kirre like nephrin family adhesion molecule 1	Homo sapiens	15.898	15.052	15.354	15.004	15.32	15.19	15.342	15.553	15.052	14.625	NA	15.702	15.052	15.501	15.504
A0A286YFA5	OR9G4	olfactory receptor family 9 subfamily G member 4	Homo sapiens	NA	15.56	NA	15.299	15.737	15.763	14.865	NA	NA	15.294	NA	15.878	15.422	NA	15.582
Q5T9X5	RAB20	RAB20, member RAS oncogene family	Homo sapiens	15.198	NA	14.72	14.443	15.133	NA	14.189	15.411	NA	14.208	14.461	14.881	14.639	14.966	NA
P15173	MYOG	myogenin	Homo sapiens	15.818	16.011	16.139	15.809	15.779	15.982	16.11	16.241	16.159	NA	16.42	16.069	NA	16.691	15.837
C9J384	CMSS1	cms1 ribosomal small subunit homolog	Homo sapiens	NA	17.838	17.605	18.002	17.266	15.446	15.504	15.726	15.302	15.151	17.871	NA	17.685	NA	18.047
Q8NDX2	SLC17A8	solute carrier family 17 member 8	Homo sapiens	17.376	17.001	16.896	NA	17.538	17.01	16.788	17.223	17.077	17.202	17.116	NA	17.489	17.466	16.539
O43699	SIGLEC6	sialic acid binding Ig like lectin 6	Homo sapiens	15.409	NA	15.12	15.17	14.97	15.094	NA	15.905	14.618	14.512	14.809	14.742	NA	14.963	14.727
P01040	CSTA	cystatin A	Homo sapiens	15.967	16.657	16.259	15.643	16.154	NA	16.022	16.783	15.717	16.057	15.856	NA	16.383	16.283	16.024
A0A384MQX5	PEF1	penta-EF-hand domain containing 1	Homo sapiens	NA	11.849	NA	NA	NA	NA	NA	NA	NA	11.997	NA	11.673	NA	NA	NA
B5BUM2	CCL18	C-C motif chemokine ligand 18	Homo sapiens	15.774	15.956	NA	15.244	15.804	12.863	12.514	NA	12.492	NA	15.875	16.141	NA	NA	15.443
Q549H9	PKIG	cAMP-dependent protein kinase inhibitor gamma	Homo sapiens	16.336	15.826	15.965	15.037	16.035	16.433	15.463	16.834	15.305	15.222	15.774	16.117	15.779	16.437	15.825
A0A7I2YQW9	ABHD17A	abhydrolase domain containing 17A, depalmitoylase	Homo sapiens	18.58	19.004	18.818	18.478	18.089	18.516	18.106	18.898	18.213	18.033	18.386	18.51	18.367	18.856	17.994
Q9HAI6	TASL	TLR adaptor interacting with endolysosomal SLC15A4	Homo sapiens	17.646	17.774	17.66	17.306	17.692	17.879	17.711	18.12	17.408	17.508	18.194	18.256	17.601	17.78	17.853
A4UCT5	THAP11	THAP domain containing 11	Homo sapiens	15.563	15.384	15.46	15.485	15.575	15.554	15.738	16.465	15.142	15.694	15.856	15.815	15.608	15.318	15.412
B7ZMF3	MAPK8IP3	mitogen-activated protein kinase 8 interacting protein 3	Homo sapiens	15.054	NA	15.088	NA	13.96	16.317	16.233	17.082	16.634	NA	NA	15.825	15.672	15.91	15.511
A8K9V3	TEKT1	tektin 1	Homo sapiens	17.747	18.547	17.641	17.636	18.432	17.923	18.158	18.012	18.121	NA	18.364	17.84	18.088	18.762	NA
A6NGA4	TPH2	tryptophan hydroxylase 2	Homo sapiens	16.595	16.369	16.685	15.885	16.777	NA	16.273	17.203	16.382	NA	15.965	17.208	16.314	16.713	16.278
E5KNL5	ENDOG	endonuclease G	Homo sapiens	13.078	NA	NA	NA	NA	NA	NA	NA	NA	NA	NA	NA	NA	NA	NA
A8K4D1	NANOG	Nanog homeobox	Homo sapiens	14.511	15.144	14.919	14.808	15.283	15.445	NA	15.437	15.641	NA	NA	15.38	15.311	15.579	NA
Q6P4P9	ZNF354C	zinc finger protein 354C	Homo sapiens	18.284	17.975	18.463	17.36	18.223	18.72	18.677	18.318	18.26	18.294	18.5	18.294	18.632	18.318	17.802
Q99832	CCT7	chaperonin containing TCP1 subunit 7	Homo sapiens	14.325	14.549	14.072	NA	NA	NA	NA	14.306	13.774	NA	NA	NA	14.245	NA	13.567
B2R9K5	RRP36	ribosomal RNA processing 36	Homo sapiens	11.66	NA	NA	NA	NA	NA	NA	NA	NA	NA	11.931	NA	NA	13.284	NA
A0A2R8YEE0	RIPOR2	RHO family interacting cell polarization regulator 2	Homo sapiens	NA	15.477	15.728	15.451	15.753	15.65	15.793	NA	15.822	15.103	15.396	15.863	15.687	15.826	15.655
Q8IVA1	PCP2	Purkinje cell protein 2	Homo sapiens	14.678	NA	14.355	14.234	13.84	14.346	14.329	NA	13.85	13.71	13.782	14.354	14.869	14.66	NA
Q7Z4F3	CAV1	caveolin 1	Homo sapiens	19.782	18.695	19.743	19.559	19.146	19.321	19.48	20.23	19.896	19.192	19.381	19.606	19.324	20.18	19.219
A0AAU7P1G8	FOXC1	forkhead box C1	Homo sapiens	17.576	16.65	NA	16.549	17.144	16.993	17.078	17.171	NA	NA	16.443	17.759	17.243	17.159	16.775
A0A087X1S7	CD48	CD48 molecule	Homo sapiens	15.992	15.444	15.367	15.47	15.701	15.301	15.521	16.154	NA	15.327	15.284	16.226	16.181	15.774	15.053
B4DIC2	KIAA1586	KIAA1586	Homo sapiens	13.049	NA	12.242	NA	NA	NA	NA	13.446	NA	12.823	NA	13.113	13.097	13.199	NA
B7Z6N1	ERF	ETS2 repressor factor	Homo sapiens	16.42	16.184	16.093	NA	16.5	16.378	15.937	17.131	16.794	16.372	16.234	16.446	16.745	17.168	16.194
P29017	CD1C	CD1c molecule	Homo sapiens	15.265	NA	15.621	15.12	15.587	15.706	15.503	16.184	14.998	15.196	NA	15.445	15.316	NA	15.493
B4DGR0	API5	apoptosis inhibitor 5	Homo sapiens	19.288	18.205	18.857	18.243	18.658	18.711	18.57	19.006	18.475	18.268	18.362	19.25	18.454	NA	18.152
B2R8F7	CILP	cartilage intermediate layer protein	Homo sapiens	19.702	NA	19.662	19.549	20.067	19.755	19.536	20.304	19.622	19.895	19.915	20.081	20.27	19.965	19.862
B2R712	ELMOD2	ELMO domain containing 2	Homo sapiens	16.295	16.305	16.47	15.94	16.279	16.039	16.452	16.9	NA	16.068	16.322	16.534	16.131	16.272	16.362
Q32M78	ZNF699	zinc finger protein 699	Homo sapiens	15.516	15.559	15.77	15.257	NA	15.712	15.496	NA	NA	14.92	NA	15.361	15.293	15.528	15.593
D3DNQ2	GPR160	G protein-coupled receptor 160	Homo sapiens	18.019	17.875	17.938	17.887	17.793	18.206	NA	18.879	17.46	17.999	17.701	17.995	17.54	17.97	17.766
Q8IYU2	HACE1	HECT domain and ankyrin repeat containing E3 ubiquitin protein ligase 1	Homo sapiens	14.535	NA	14.968	14.731	15.18	14.707	NA	15.512	14.471	14.535	14.595	NA	14.238	14.709	NA
A8K3N8	HOXB7	homeobox B7	Homo sapiens	18.717	19.055	19.056	18.974	19.165	19.318	18.814	19.917	19.083	18.715	19.521	19.795	NA	19.227	19.075
C9JWC4	HJURP	Holliday junction recognition protein	Homo sapiens	13.384	NA	12.954	NA	NA	NA	NA	NA	NA	NA	11.874	NA	NA	NA	NA
A2RUM4	VAV2	vav guanine nucleotide exchange factor 2	Homo sapiens	NA	17.971	17.987	17.097	17.451	17.495	17.14	17.926	18.191	17.487	17.602	18.363	17.687	17.442	17.351
O75106	AOC2	amine oxidase copper containing 2	Homo sapiens	14.568	14.091	14.365	14.252	14.497	NA	14.077	NA	NA	13.997	NA	NA	NA	14.701	13.64
A8K9U9	TRIM23	tripartite motif containing 23	Homo sapiens	NA	16.15	16.005	15.843	16.442	16.353	NA	16.478	16.604	NA	18.452	19.02	17.861	18.629	17.967
A8MUV8	ZNF727	zinc finger protein 727	Homo sapiens	15.863	16.104	NA	15.779	15.876	15.887	15.698	16.794	16.043	16.247	15.963	NA	16.19	16.583	15.587
B3KXU4	BOD1L2	biorientation of chromosomes in cell division 1 like 2	Homo sapiens	18.706	18.704	18.558	18.191	19.032	18.418	18.256	18.85	17.984	17.863	18.932	19.046	19.092	18.922	18.57
A8K1V8	THADA	THADA armadillo repeat containing	Homo sapiens	19.424	19.329	19.396	NA	19.376	NA	21.652	22.433	21.755	21.754	19.532	19.679	18.97	19.59	19.262
A0A1W2PP81	LOC128966671	putative TAF11-like protein ENSP00000332601	Homo sapiens	18.217	18.058	17.704	17.024	17.553	17.531	18.095	18.091	17.504	17.064	17.307	18.271	17.741	17.926	17.45
B3KXS1	HSD17B1	hydroxysteroid 17-beta dehydrogenase 1	Homo sapiens	16.259	15.689	NA	15.209	16.112	NA	16.153	16.297	15.632	15.047	NA	16.094	16.172	16.238	15.652
Q9UIF8	BAZ2B	bromodomain adjacent to zinc finger domain 2B	Homo sapiens	15.97	16.255	NA	16.07	16.429	16.058	16.045	16.37	15.565	15.834	15.299	16.085	15.77	15.866	15.796
A4D133	ITGB8	integrin subunit beta 8	Homo sapiens	15.596	14.823	14.784	14.998	14.919	NA	NA	15.817	15.105	14.796	14.629	15.288	NA	15.333	NA
A0A7M4CF15	FUT2	fucosyltransferase 2 (H blood group)	Homo sapiens	NA	NA	NA	15.048	NA	NA	15.799	15.554	14.974	14.803	15.567	15.572	15.578	15.744	14.898
A0A024CIM4	BCHE	butyrylcholinesterase	Homo sapiens	14.816	14.386	14.829	NA	NA	13.619	NA	NA	NA	NA	14.28	14.634	NA	14.266	NA
Q8IZQ3	SELENOK	selenoprotein K	Homo sapiens	13.35	13.425	NA	NA	13.723	NA	NA	14.222	NA	NA	NA	NA	NA	NA	NA
A0AV51	CATSPERB	cation channel sperm associated auxiliary subunit beta	Homo sapiens	14.67	NA	14.275	NA	14.852	15.496	NA	15.463	NA	14.864	NA	NA	14.999	NA	14.52
H3BSM7	RUSF1	RUS family member 1	Homo sapiens	19.852	19.336	NA	19.318	19.29	19.293	19.669	19.519	19.537	18.993	19.835	19.696	20.24	19.445	19.877
Q14CA6	ZIM3	zinc finger imprinted 3	Homo sapiens	NA	NA	NA	13.523	14.175	14.018	NA	NA	NA	NA	NA	13.931	13.39	NA	NA
A0A126GW83	OR2L8	olfactory receptor family 2 subfamily L member 8	Homo sapiens	14.326	15.708	15.28	14.464	NA	NA	15.193	15.559	NA	14.955	NA	NA	14.94	15.468	14.893
A8K3T6	NME7	NME/NM23 family member 7	Homo sapiens	15.752	15.68	16.229	15.483	16.099	15.429	15.706	16.024	15.406	15.69	16.023	16.007	15.899	15.797	NA
A8K381	SPATS2L	spermatogenesis associated serine rich 2 like	Homo sapiens	13.645	NA	13.15	NA	13.732	NA	NA	NA	NA	NA	NA	13.909	14.018	13.61	13.306
A0A126GWF5	OR52N2	olfactory receptor family 52 subfamily N member 2	Homo sapiens	17.595	16.94	16.859	16.651	17.238	17.12	16.861	17.329	16.891	16.737	17.274	17.331	16.829	16.686	17.424
Q96QZ0	PANX3	pannexin 3	Homo sapiens	16.068	16.465	16.076	15.763	16.946	16.175	15.751	16.634	16.187	15.449	NA	16.58	16.018	16.096	15.52
A8K1M4	MIS12	MIS12 kinetochore complex component	Homo sapiens	14.969	NA	14.891	14.596	15.171	15.256	15.003	NA	14.94	15.219	14.846	15.374	14.638	15.423	14.774
B2RDH8	SEMA4A	semaphorin 4A	Homo sapiens	NA	12.641	NA	NA	NA	NA	NA	NA	NA	NA	NA	NA	NA	NA	NA
Q6GMS4	ANKIB1	ankyrin repeat and IBR domain containing 1	Homo sapiens	18.361	18.253	17.869	17.786	18.215	NA	17.577	18.466	17.709	17.843	NA	18.455	18.078	18.183	18.154
A0A1W2PP81	TAF11L7	TATA-box binding protein associated factor 11 like 7	Homo sapiens	NA	NA	NA	NA	NA	NA	12.952	13.569	NA	NA	14.836	15.345	NA	15.843	14.393
Q96D05	FAM241B	family with sequence similarity 241 member B	Homo sapiens	NA	16.377	16.054	16.188	16.867	16.037	15.277	15.401	15.301	NA	NA	16.775	NA	16.093	16.392
A0A126GVZ6	OR8K1	olfactory receptor family 8 subfamily K member 1	Homo sapiens	15.631	15.224	15.103	15.036	15.535	15.248	14.878	15.606	15.231	NA	15.163	15.382	NA	15.537	NA
A8K9U4	HERC4	HECT and RLD domain containing E3 ubiquitin protein ligase 4	Homo sapiens	19.296	19.219	19.644	19.147	19.605	19.049	18.781	19.313	18.892	18.597	19.001	19.335	19.477	19.136	18.736
Q8IYX4	DND1	DND microRNA-mediated repression inhibitor 1	Homo sapiens	14.621	14.76	14.671	14.03	14.366	NA	16.663	17.392	NA	16.705	NA	NA	12.663	NA	NA
M0QX25	JOSD2	Josephin domain containing 2	Homo sapiens	18.206	18.816	19.225	17.861	18.385	18.42	18.311	NA	17.312	17.866	NA	18.421	17.929	18.506	18.616
A8K925	BAGE3	BAGE family member 3	Homo sapiens	17.946	17.547	NA	17.421	18.323	17.516	17.486	17.931	17.74	17.64	17.924	18.443	17.685	17.883	17.591
Q8N9H8	EXD3	exonuclease 3'-5' domain containing 3	Homo sapiens	NA	NA	14.737	NA	14.863	15.605	NA	15.434	14.232	15.083	NA	15.365	14.826	15.061	14.271
A6PVS8	LRRIQ3	leucine rich repeats and IQ motif containing 3	Homo sapiens	19.105	18.592	18.463	18.47	18.444	19.035	18.825	19.395	NA	18.166	19.013	19.054	19.074	19.409	18.637
B7Z296	SH3D19	SH3 domain containing 19	Homo sapiens	NA	15.601	15.565	15.06	15.652	16.188	15.437	16.323	NA	14.942	NA	16.025	16.312	15.773	NA
A0A090N8F5	KRBA1	KRAB-A domain containing 1	Homo sapiens	NA	NA	13.403	NA	NA	NA	13.512	NA	NA	NA	13.399	13.78	13.332	NA	12.894
B0QYU2	FAM199X	family with sequence similarity 199, X-linked	Homo sapiens	NA	14.805	13.79	13.979	14.408	14.75	NA	14.954	14.245	14.167	NA	14.093	NA	NA	14.545
Q9NRR6	INPP5E	inositol polyphosphate-5-phosphatase E	Homo sapiens	18.571	18.346	18.027	18.01	18.734	18.53	18.595	19.058	18.234	18.102	18.151	18.288	18.196	18.647	18.498
P68402	PAFAH1B2	platelet activating factor acetylhydrolase 1b catalytic subunit 2	Homo sapiens	14.913	14.447	14.559	NA	14.777	14.859	13.863	15.243	NA	14.749	NA	14.491	14.602	14.934	15.074
Q8TAV1	RHPN1	rhophilin Rho GTPase binding protein 1	Homo sapiens	15.337	14.672	14.869	NA	14.142	NA	14.742	15.244	NA	14.786	14.683	15.427	NA	14.806	14.483
A0A1S5UZH6	SEMA3B	semaphorin 3B	Homo sapiens	17.884	17.2	NA	17.692	17.875	17.99	17.902	18.372	17.801	17.048	17.914	17.885	18.036	18.368	17.717
Q9UKE5	TNIK	TRAF2 and NCK interacting kinase	Homo sapiens	15.492	15.613	NA	15.671	15.296	16.022	15.55	16	15.223	15.589	15.798	15.567	16.561	15.798	15.48
A0A0A0MSW5	ZNF778	zinc finger protein 778	Homo sapiens	NA	NA	NA	13.11	14.145	13.978	13.304	14.364	NA	14.074	NA	14.823	NA	14.341	NA
B2RTT8	MINDY2	MINDY lysine 48 deubiquitinase 2	Homo sapiens	15.877	15.637	16.36	16.045	15.584	17.294	16.933	17.331	16.253	17.027	NA	15.525	NA	15.545	15.022
A0A126GVK4	OR4D6	olfactory receptor family 4 subfamily D member 6	Homo sapiens	NA	NA	NA	NA	NA	13.768	NA	NA	NA	13.296	NA	NA	NA	NA	13.389
B4DGI7	PYCR3	pyrroline-5-carboxylate reductase 3	Homo sapiens	NA	NA	13.12	12.678	NA	15.837	NA	16.046	14.337	15.169	13.255	NA	NA	13.338	NA
B2RWN7	DMXL1	Dmx like 1	Homo sapiens	17.568	17.21	17.847	17.359	16.779	16.408	15.756	16.521	15.77	NA	17.595	17.714	17.835	17.603	17.607
Q2NKK0	SLC13A1	solute carrier family 13 member 1	Homo sapiens	17.022	NA	17.058	16.648	16.737	NA	19.05	19.577	19.211	19.641	16.759	16.934	16.677	17.451	15.783
A0RZB8	DIAPH1	diaphanous related formin 1	Homo sapiens	16.586	NA	NA	15.817	16.055	16.274	15.843	16.586	16.1	16.17	16.329	16.481	16.364	15.78	15.99
F8W9A8	PPIP5K1	diphosphoinositol pentakisphosphate kinase 1	Homo sapiens	NA	NA	NA	NA	NA	NA	12.25	12.327	NA	NA	NA	NA	NA	12.61	NA
B7ZB44	KLHL13	kelch like family member 13	Homo sapiens	14.725	14.332	14.562	NA	NA	16.597	16.201	16.612	16.005	16.15	NA	14.676	15.269	14.741	14.813
Q96PJ3	FCRL4	Fc receptor like 4	Homo sapiens	18.778	18.622	18.788	18.331	18.91	19.577	18.561	19.251	19.151	18.968	18.065	19.092	18.812	19.061	17.635
A8K612	KLHL18	kelch like family member 18	Homo sapiens	NA	NA	15.617	14.748	15.15	15.53	NA	15.709	15.753	NA	15.048	15.462	15.468	15.204	14.793
B7Z6J1	DLST	dihydrolipoamide S-succinyltransferase	Homo sapiens	NA	15.243	NA	13.677	15.005	NA	14.849	15.677	14.336	14.522	14.764	NA	14.988	NA	15.124
Q8IUM7	NPAS4	neuronal PAS domain protein 4	Homo sapiens	16.149	16.116	16.072	16.119	16.274	16.018	16.315	16.595	16.079	16.597	15.971	16.273	16.383	NA	15.773
E1P5K9	ZBTB46	zinc finger and BTB domain containing 46	Homo sapiens	15.359	15.493	15.228	15.109	NA	14.916	15.15	15.923	14.936	14.973	15.158	14.897	15.223	15.519	14.723
Q00722	PLCB2	phospholipase C beta 2	Homo sapiens	17.926	17.923	17.859	18.02	17.656	17.874	17.746	18.353	17.506	17.923	18.132	18.194	18.16	18.231	17.93
B2RC51	RASL11B	RAS like family 11 member B	Homo sapiens	13.284	NA	NA	NA	13.217	NA	NA	NA	NA	13.639	NA	NA	12.894	NA	13.409
A5PLN2	BRWD1	bromodomain and WD repeat domain containing 1	Homo sapiens	16.642	16.873	16.895	NA	16.309	14.894	14.735	14.525	14.531	14.424	NA	17.099	16.87	17.187	16.89
Q494U1	PLEKHN1	pleckstrin homology domain containing N1	Homo sapiens	18.002	17.539	17.649	17.353	17.779	16.129	16.398	17.077	15.92	16.257	20.721	20.251	20.788	20.737	20.209
A8K3J5	MSTO1	misato mitochondrial distribution and morphology regulator 1	Homo sapiens	NA	15.509	14.449	NA	14.852	14.884	NA	NA	14.383	14.579	14.772	14.652	15.028	15.152	15.05
D9I4E1	XPC	XPC complex subunit, DNA damage recognition and repair factor	Homo sapiens	14.442	14.171	14.353	NA	NA	14.338	14.457	NA	14.418	14.555	14.425	14.49	14.623	14.883	NA
B2RNG3	CRYBG2	crystallin beta-gamma domain containing 2	Homo sapiens	NA	NA	NA	NA	NA	NA	NA	12.29	NA	NA	NA	NA	NA	NA	NA
A7U7M2	PRND	prion like protein doppel	Homo sapiens	15.987	15.92	15.224	14.758	15.981	16.227	14.643	16.117	15.684	15.514	NA	13.06	NA	12.717	12.778
Q15828	CST6	cystatin E/M	Homo sapiens	NA	12.79	12.662	12.649	NA	NA	NA	13.46	NA	NA	12.92	NA	13.584	13.511	12.898
A8K555	TPBG	trophoblast glycoprotein	Homo sapiens	15.06	15.011	14.753	14.666	14.746	14.254	14.681	NA	14.456	NA	14.982	NA	15.06	NA	14.815
Q6AZZ1	TRIM68	tripartite motif containing 68	Homo sapiens	NA	14.239	13.767	NA	NA	14.398	NA	NA	NA	13.508	14.076	14.059	NA	NA	NA
Q6UY10	LRFN3	leucine rich repeat and fibronectin type III domain containing 3	Homo sapiens	13.409	NA	NA	NA	NA	13.203	12.999	13.695	12.469	13.043	13.21	NA	13.576	NA	NA
K7ERG4	SNRPD2	small nuclear ribonucleoprotein D2 polypeptide	Homo sapiens	13.895	14.828	13.44	NA	13.973	13.838	NA	14.37	13.329	13.95	NA	14.041	14.074	13.864	NA
Q9Y6C5	PTCH2	patched 2	Homo sapiens	15.17	15.1	15.192	15.176	NA	15.11	15.32	15.704	NA	15.624	15.562	15.492	15.429	NA	15.319
Q14117	DPYS	dihydropyrimidinase	Homo sapiens	18.343	18.568	17.778	17.906	18.237	18.258	17.35	18.475	17.914	18.161	17.761	18.308	18.624	17.871	17.545
B2R7T2	TGFB2	transforming growth factor beta 2	Homo sapiens	17.263	16.963	17.163	17.123	17.382	17.384	17.336	17.52	16.781	17.5	16.943	17.502	17.351	17.127	17.123
A0AAG2RNW0	RNASE9	ribonuclease A family member 9 (inactive)	Homo sapiens	NA	NA	13.416	NA	NA	NA	NA	NA	13.16	NA	14.295	NA	NA	13.928	NA
B2RCL6	ADAD2	adenosine deaminase domain containing 2	Homo sapiens	NA	15.995	15.601	NA	NA	16.243	15.852	16.11	15.497	NA	15.936	15.823	15.8	15.722	16.015
B3KQL2	PSG4	pregnancy specific beta-1-glycoprotein 4	Homo sapiens	16.627	NA	16.214	16.215	16.595	16.169	16.084	17.379	16.753	NA	NA	15.963	15.975	16.104	15.161
A0A090N7X1	ABCF2	ATP binding cassette subfamily F member 2	Homo sapiens	17.229	18.299	17.372	17.085	17.203	NA	17.281	17.768	17.18	17.437	17.457	18.281	NA	18.102	17.551
A0A804HI88	AKAP7	A-kinase anchoring protein 7	Homo sapiens	18.576	18.626	18.64	18.588	19.27	19.186	18.952	18.988	18.461	19.134	18.862	19.425	18.991	19.183	18.925
Q96DE9	EOLA2	endothelium and lymphocyte associated ASCH domain 2	Homo sapiens	16.363	16.28	16.16	16.005	16.172	NA	18.506	NA	17.74	18.128	15.823	16.213	16.085	16.967	NA
E1B6X3	CYBC1	cytochrome b-245 chaperone 1	Homo sapiens	NA	13.354	NA	NA	NA	NA	NA	13.863	NA	NA	13.844	NA	NA	13.975	NA
Q32MQ0	ZNF750	zinc finger protein 750	Homo sapiens	14.719	14.725	13.95	13.801	NA	14.82	14.069	15.799	14.451	14.166	NA	14.264	14.647	NA	NA
B4DHW2	NFIX	nuclear factor I X	Homo sapiens	17.483	17.044	17.532	NA	17.764	16.113	16.15	16.708	16.361	15.987	17.176	17.69	18.013	17.411	17.212
A0A5F9ZHS2	ASB5	ankyrin repeat and SOCS box containing 5	Homo sapiens	18.45	17.405	18.281	17.116	18.066	18.265	17.463	18.676	18.391	17.982	17.906	17.817	18.221	18.373	17.436
D3DUM5	GINS2	GINS complex subunit 2	Homo sapiens	NA	14.088	NA	13.121	13.957	14.201	13.922	NA	13.896	13.605	13.463	NA	NA	14.108	NA
Q5TE63	BCL2L1	BCL2 like 1	Homo sapiens	15.494	NA	15.091	14.736	15.606	15.143	NA	15.342	15.318	15.29	15.213	15.399	14.926	NA	15.504
B7ZM22	CCDC171	coiled-coil domain containing 171	Homo sapiens	NA	17.087	17.264	16.578	17.054	17.016	NA	17.29	17.064	16.657	17.262	17.372	17.648	17.102	NA
A0A126GVB2	OR9A2	olfactory receptor family 9 subfamily A member 2	Homo sapiens	18.635	18.682	18.203	18.734	19.152	18.58	18.034	18.967	NA	18.483	18.687	18.621	18.958	18.559	18.701
B3KWN9	SORCS1	sortilin related VPS10 domain containing receptor 1	Homo sapiens	14.646	13.968	14.756	13.894	14.902	NA	NA	12.684	NA	NA	NA	15.593	14.303	14.744	NA
A0A1B0GX65	UBE2E3	ubiquitin conjugating enzyme E2 E3	Homo sapiens	14.162	NA	NA	13.232	NA	14.47	NA	NA	NA	14.043	14.06	NA	NA	14.464	NA
A0A0C4DGM5	ZNF106	zinc finger protein 106	Homo sapiens	15.828	15.661	15.575	15.372	15.863	NA	15.419	16.14	14.903	15.05	14.85	15.397	15.329	15.781	15.244
A6NK34	LOC124906702	putative exonuclease GOR	Homo sapiens	NA	NA	15.308	14.468	NA	15.738	14.891	15.886	15.721	15.007	18.153	18.362	18.224	18.868	18.28
B0M0K2	GPR31	G protein-coupled receptor 31	Homo sapiens	NA	NA	14.019	NA	NA	14.587	14.204	14.632	14.396	14.413	14.46	14.321	NA	14.465	14.099
A0AAQ5BGS1	CASQ2	calsequestrin 2	Homo sapiens	NA	16.83	16.275	16.215	16.474	16.524	16.409	17.149	16.398	16.489	NA	13.76	14.078	14.125	NA
A0A087X1E4	ARFIP2	ARF interacting protein 2	Homo sapiens	17.035	17.099	17.184	16.921	16.913	16.801	17.399	17.235	16.902	16.953	NA	16.245	16.289	16.472	16.103
Q7L804	RAB11FIP2	RAB11 family interacting protein 2	Homo sapiens	16.86	16.923	16.511	15.838	16.538	17.002	16.496	17.534	15.84	16.871	16.986	16.99	17.125	NA	16.601
B3KML4	GLCE	glucuronic acid epimerase	Homo sapiens	17.056	17.296	16.893	16.008	NA	17.234	16.514	17.52	NA	NA	16.806	17.02	16.378	16.845	16.473
F5GXW6	BRI3	brain protein I3	Homo sapiens	17.831	17.345	17.442	17.357	NA	17.875	17.489	18.541	17.591	17.762	17.247	17.158	17.809	17.939	17.079
B3KMD5	RNF139	ring finger protein 139	Homo sapiens	18.362	18.399	17.963	17.588	18.138	18.397	18.52	18.958	18.715	17.619	17.991	18.424	18.02	18.071	17.869
A8KAL1	CNTROB	centrobin, centriole duplication and spindle assembly protein	Homo sapiens	NA	14.103	14.675	NA	14.393	14.958	14.61	14.791	NA	NA	14.327	14.339	14.477	NA	14.316
A0A0A0MTU0	NCR1	natural cytotoxicity triggering receptor 1	Homo sapiens	15.196	15.288	15.768	NA	15.9	NA	15.523	16.35	NA	16.063	15.638	NA	15.475	16.03	15.197
A8K646	OSTF1	osteoclast stimulating factor 1	Homo sapiens	17.442	17.002	16.877	17.087	17.339	16.828	16.989	17.971	16.541	17.268	17.136	17.444	17.121	17.579	NA
Q8IUZ5	PHYKPL	5-phosphohydroxy-L-lysine phospho-lyase	Homo sapiens	14.843	14.927	15.353	14.262	NA	15.23	14.618	14.676	15.282	15.028	14.818	15.002	14.806	NA	15.203
P0DTF9	PTTG1IP2	PTTG1IP family member 2	Homo sapiens	15.607	16.164	14.712	15.01	15.957	NA	15.735	16.102	15.63	15.534	15.271	16.226	15.952	15.765	15.37
Q53H66	ASB3	ankyrin repeat and SOCS box containing 3	Homo sapiens	16.669	17.107	16.078	16.398	16.891	16.416	16.601	17.292	16.082	16.524	16.411	16.986	16.993	17.028	NA
A2RRF0	NPFFR1	neuropeptide FF receptor 1	Homo sapiens	18.894	18.695	18.832	18.351	18.334	18.76	19.168	19.139	18.504	18.312	18.465	19.231	18.93	18.409	18.595
A8KAG7	EYA2	EYA transcriptional coactivator and phosphatase 2	Homo sapiens	18.355	18.07	18.482	17.894	18.654	19.301	17.53	18.558	18.377	18.414	18.676	18.179	19.202	NA	18.604
Q7Z2Z1	TICRR	TOPBP1 interacting checkpoint and replication regulator	Homo sapiens	14.889	NA	15.112	NA	NA	NA	15.221	16.305	15.459	15.587	NA	15.234	14.837	15.055	14.264
A6NN14	ZNF729	zinc finger protein 729	Homo sapiens	16.716	16.809	17.043	16.318	17.463	19.902	20.209	20.148	19.534	19.553	17.293	17.372	17.283	17.582	17.261
M1S623	POU5F1	POU class 5 homeobox 1	Homo sapiens	17.674	17.397	18.022	17.646	17.7	19.256	18.683	18.627	NA	18.585	20.093	20.379	21.061	20.862	20.664
Q8N9M3	ZNF135	zinc finger protein 135	Homo sapiens	14.389	13.785	NA	13.532	NA	NA	NA	14.797	14.083	14.062	14.262	14.575	14.375	NA	13.95
L8E853	VWF	von Willebrand factor	Homo sapiens	17.537	16.998	16.934	16.815	17.16	16.917	16.912	18.065	16.75	16.501	17.32	17.137	17.496	17.401	16.67
B2RE44	CELA3B	chymotrypsin like elastase 3B	Homo sapiens	10.653	NA	NA	NA	NA	10.69	NA	NA	NA	NA	NA	NA	NA	NA	NA
A0A2H4GYZ1	WNT10A	Wnt family member 10A	Homo sapiens	13.732	13.614	NA	NA	NA	NA	NA	NA	NA	13.211	13.494	14.099	NA	NA	NA
Q6UXN5	TMED6	transmembrane p24 trafficking protein 6	Homo sapiens	16.58	16.743	16.319	16.422	16.538	16.927	16.872	16.867	16.512	16.304	16.474	16.733	16.678	17.348	16.605
B2R6Y3	LOC124903767	putative uncharacterized protein MGC34800	Homo sapiens	17.775	17.823	18.327	17.637	18.432	17.857	17.293	NA	17.831	18.164	17.951	NA	18.274	18.444	17.544
B7WPN2	PLA2G4E	phospholipase A2 group IVE	Homo sapiens	NA	NA	13.198	NA	NA	12.843	12.516	NA	NA	NA	NA	12.998	12.723	NA	NA
B4DTK7	ZC3H18	zinc finger CCCH-type containing 18	Homo sapiens	14.49	NA	NA	14.166	14.456	NA	14.69	15.147	14.841	NA	14.977	15.437	14.87	14.933	14.988
O14806	TPMT	thiopurine S-methyltransferase	Homo sapiens	21.968	22.159	21.504	21.648	22.13	21.766	22.125	22.68	21.812	22.055	22.179	22.136	22.614	22.597	21.993
B9EGH8	TTLL5	tubulin tyrosine ligase like 5	Homo sapiens	NA	NA	NA	NA	NA	NA	NA	12.886	NA	11.978	NA	NA	NA	NA	NA
A8K807	TRAIP	TRAF interacting protein	Homo sapiens	18.627	18.631	18.439	18.107	18.006	17.92	17.927	18.145	17.904	18.221	18.241	18.874	18.237	19.161	18.911
Q68CU5	DHTKD1	dehydrogenase E1 and transketolase domain containing 1	Homo sapiens	16.516	17.017	16.52	16.743	17.051	16.387	16.246	16.678	16.596	16.085	16.898	16.371	16.766	17.185	15.631
O95382	MAP3K6	mitogen-activated protein kinase kinase kinase 6	Homo sapiens	17.53	17.76	17.487	16.846	17.879	18.256	17.524	18.474	17.767	17.109	17.056	18.623	17.956	18.052	17.635
P52736	ZNF133	zinc finger protein 133	Homo sapiens	21.137	20.959	21.642	20.719	21.136	21.691	20.94	21.088	20.808	NA	21.426	21.765	21.499	21.657	20.474
Q7Z3D7	RBM10	RNA binding motif protein 10	Homo sapiens	16.776	NA	16.391	15.876	16.701	16.086	16.425	17.092	16.333	16.134	16.088	17.041	17.065	16.606	16.534
B4DDB9	SPCS2	signal peptidase complex subunit 2	Homo sapiens	16.538	15.877	16.236	16.1	16.202	16.561	16.095	16.671	15.889	16.051	16.176	NA	16.144	16.765	NA
A0A0B4J2A1	CD160	CD160 molecule	Homo sapiens	NA	16.114	15.395	15.637	NA	16.247	16.653	16.877	15.803	15.882	15.905	16.168	16.449	15.797	15.766
P49914	MTHFS	methenyltetrahydrofolate synthetase	Homo sapiens	17.02	16.423	16.254	15.621	16.887	18.473	18.287	18.988	18.961	18.196	16.646	NA	16.456	16.326	15.955
D3DNZ5	GYPE	glycophorin E (MNS blood group)	Homo sapiens	16.659	16.641	17.103	16.42	16.726	16.762	NA	17.15	16.425	16.438	17.401	16.833	16.982	16.768	NA
Q495X7	TRIM60	tripartite motif containing 60	Homo sapiens	NA	NA	NA	14.883	NA	14.884	NA	15.248	14.758	NA	NA	NA	NA	12.158	11.875
O14688	SMAD5	SMAD family member 5	Homo sapiens	15.39	15.496	15.648	NA	15.105	15.365	NA	15.457	NA	NA	14.879	15.439	15.739	15.021	NA
A0A087WXE1	CEACAM20	CEA cell adhesion molecule 20	Homo sapiens	14.651	NA	14.403	14.629	15.06	14.73	14.49	15.257	14.951	14.174	16.923	17.424	16.867	16.997	16.997
Q96B20	PCED1B	PC-esterase domain containing 1B	Homo sapiens	NA	NA	NA	14.166	14.953	15.041	15.012	15.548	14.859	NA	NA	15.174	NA	15.064	NA
O43402	EMC8	ER membrane protein complex subunit 8	Homo sapiens	14.476	NA	14.377	14.185	NA	14.472	NA	14.711	NA	14.515	NA	NA	14.811	NA	14.417
E9PGN4	ZNF793	zinc finger protein 793	Homo sapiens	18.348	17.911	NA	18.332	NA	17.88	18.087	18.956	17.745	18.227	18.277	NA	NA	18.17	18.319
P20794	MAK	male germ cell associated kinase	Homo sapiens	19.692	18.713	19.55	18.811	19.368	18.853	19.373	19.814	19.305	18.943	18.927	19.448	19.149	19.27	19.315
Q8N4C7	STX19	syntaxin 19	Homo sapiens	15.822	15.496	NA	15.144	15.563	15.429	NA	16.459	NA	15.733	15.479	15.447	15.746	15.493	15.211
Q5TCU3	TPM2	tropomyosin 2	Homo sapiens	NA	13.804	NA	NA	13.541	13.256	NA	14.108	NA	NA	NA	NA	13.401	NA	NA
B2RNV4	DHX9	DExH-box helicase 9	Homo sapiens	13.821	14.047	NA	13.501	14.299	14.344	14.105	14.796	13.914	14.15	14.499	14.336	14.484	NA	NA
Q6H3X2	RAET1G	retinoic acid early transcript 1G	Homo sapiens	16.237	16.193	16.105	15.609	16.454	15.919	15.85	16.571	15.663	NA	17.334	17.483	16.743	17.146	16.899
D3DTC1	CLPTM1L	CLPTM1 like	Homo sapiens	NA	NA	NA	NA	NA	NA	NA	14.378	14.324	NA	NA	NA	12.307	NA	NA
C1ID52	CYP2D6	cytochrome P450 family 2 subfamily D member 6 (gene/pseudogene)	Homo sapiens	14.007	NA	13.585	13.633	NA	14.575	NA	NA	NA	13.419	13.786	14.339	14.27	13.879	14.004
A0A499FJS7	IKBKB	inhibitor of nuclear factor kappa B kinase subunit beta	Homo sapiens	NA	NA	11.702	NA	NA	NA	NA	NA	NA	NA	NA	NA	NA	NA	NA
B3KRF8	B3GNT5	UDP-GlcNAc:betaGal beta-1,3-N-acetylglucosaminyltransferase 5	Homo sapiens	17.823	17.403	17.009	17.184	17.229	17.433	16.985	17.65	17.281	17.131	18.12	17.588	17.243	17.658	NA
A6NK34	LOC124906711	putative exonuclease GOR	Homo sapiens	20.748	20.652	20.971	20.112	21.36	20.636	21.28	20.75	20.122	20.518	20.787	20.761	NA	21.129	20.406
B2R4W5	CLPP	caseinolytic mitochondrial matrix peptidase proteolytic subunit	Homo sapiens	NA	16.092	15.715	15.662	16.164	NA	15.486	16.154	15.15	15.301	15.313	16.023	16.076	16.214	15.307
A3KN85	MAP3K9	mitogen-activated protein kinase kinase kinase 9	Homo sapiens	16.792	16.532	NA	15.871	16.221	16.393	16.272	17.287	16.632	16.382	16.399	NA	16.716	16.908	16.407
O14628	ZNF195	zinc finger protein 195	Homo sapiens	15.584	15.038	NA	15.482	15.378	15.653	15.296	15.96	15.009	15.217	15.743	15.784	15.521	15.555	NA
F8VUJ3	POC1B-GALNT4	POC1B-GALNT4 readthrough	Homo sapiens	NA	13.172	NA	12.801	13.084	13.261	NA	14.423	13.077	NA	NA	13.466	13.109	13.503	NA
A0A126GVI4	OR4C12	olfactory receptor family 4 subfamily C member 12	Homo sapiens	18.253	18.849	18.313	17.756	18.384	18.775	18.131	18.825	17.913	NA	18.524	18.801	18.314	19.042	17.942
A4D2I3	MGAM2	maltase-glucoamylase 2 (putative)	Homo sapiens	17.116	17.275	17.609	16.954	17.06	14.759	14.843	15.59	NA	14.582	16.928	17.267	16.772	17.303	16.909
A8K5S0	EGLN2	egl-9 family hypoxia inducible factor 2	Homo sapiens	15.15	14.201	NA	13.958	14.567	14.85	NA	14.527	NA	14.449	NA	14.828	14.477	NA	14.059
P32927	CSF2RB	colony stimulating factor 2 receptor subunit beta	Homo sapiens	17.938	17.922	17.789	18.018	18.01	18.432	18.222	18.342	17.564	17.631	18.463	18.708	18.142	18.241	18.302
Q9BSY0	PTDSS1	phosphatidylserine synthase 1	Homo sapiens	17.027	17.304	17.487	16.69	17.77	17.881	17.125	18.123	16.569	NA	16.984	NA	17.716	18.063	17.292
B4DNW0	ABHD14A-ACY1	ABHD14A-ACY1 readthrough	Homo sapiens	16.329	16.511	16.256	15.919	16.221	16.816	16.468	16.781	16.185	NA	16.165	16.776	15.798	16.16	16.315
Q6DN12	MCTP2	multiple C2 and transmembrane domain containing 2	Homo sapiens	NA	13.713	13.791	NA	NA	14.174	NA	NA	NA	13.996	14.464	13.875	NA	14.206	13.963
Q2VY69	ZNF284	zinc finger protein 284	Homo sapiens	16.648	16.087	16.423	15.871	16.59	NA	16.478	NA	NA	16.24	15.866	16.638	16.923	16.209	16.31
A8K884	CFAP45	cilia and flagella associated protein 45	Homo sapiens	15.1	15.72	NA	14.141	14.966	NA	14.528	14.403	NA	14.053	14.806	NA	14.927	14.699	NA
Q00526	CDK3	cyclin dependent kinase 3	Homo sapiens	15.957	16.268	16.329	NA	15.649	15.974	15.577	16.461	15.665	16.086	NA	NA	15.554	16.355	16.298
A0PK91	H2AC7	H2A clustered histone 7	Homo sapiens	NA	14.622	13.455	14.466	NA	NA	NA	15.62	15.083	14.679	14.799	14.854	14.392	14.485	14.152
Q2L6B3	SCGB3A2	secretoglobin family 3A member 2	Homo sapiens	15.219	14.679	15.312	15.084	14.086	14.646	14.825	15.156	14.934	14.193	NA	15.997	14.949	NA	NA
A0A8Q3WK58	NUP160	nucleoporin 160	Homo sapiens	13.515	NA	NA	13.027	NA	NA	12.961	NA	NA	NA	13.29	13.491	NA	NA	12.844
P05771	PRKCB	protein kinase C beta	Homo sapiens	14.852	15.007	14.66	14.084	15.271	14.856	14.567	14.943	14.738	NA	NA	15.139	14.983	14.397	14.613
Q6AZE0	FBXO38	F-box protein 38	Homo sapiens	15.679	15.219	NA	14.946	15.575	15.433	14.914	15.953	15.38	15.377	NA	15.616	15.629	NA	15.249
A0A0C4DGA2	ECI2	enoyl-CoA delta isomerase 2	Homo sapiens	NA	16.571	16.577	16.438	17.088	15.95	15.568	NA	15.807	15.224	16.59	16.97	16.883	16.976	16.474
B3KTG0	SIRPB2	signal regulatory protein beta 2	Homo sapiens	14.83	14.739	NA	13.833	14.792	NA	NA	15.058	NA	14.528	NA	NA	14.615	15.567	NA
A8K185	SLC35D1	solute carrier family 35 member D1	Homo sapiens	17.486	17.114	17.539	16.829	17.035	17.56	17.075	17.938	17.6	NA	17.623	17.223	17.403	NA	17.251
A0A220T1R9	ANKLE2	ankyrin repeat and LEM domain containing 2	Homo sapiens	NA	NA	11.592	NA	NA	NA	NA	NA	NA	NA	NA	12.041	NA	11.742	NA
B4DN83	ERG	ETS transcription factor ERG	Homo sapiens	14.94	NA	14.951	14.622	NA	15.063	14.388	15.547	14.953	14.984	NA	15.223	15.364	14.973	14.885
A0A494C191	LOC124906603	putative speedy protein E9	Homo sapiens	18.82	18.168	18.109	17.485	17.462	18.524	18.027	18.904	17.58	NA	17.749	18.004	18.349	17.64	18.536
Q2M3H8	ANAPC1	anaphase promoting complex subunit 1	Homo sapiens	17.599	17.989	17.747	17.425	17.328	17.593	16.912	17.717	17.143	17.234	17.635	17.753	17.566	17.788	17.239
Q8NEK5	ZNF548	zinc finger protein 548	Homo sapiens	18.75	18.494	18.761	18.658	18.104	18.077	18.225	18.94	18.121	17.864	18.773	18.064	18.39	18.823	18.257
D3DWI5	JRK	Jrk helix-turn-helix protein	Homo sapiens	16.382	15.66	16.545	15.795	NA	16.035	15.201	16.542	16.194	15.907	14.414	14.571	NA	14.031	14.869
Q8NEZ5	FBXO22	F-box protein 22	Homo sapiens	16.888	16.497	16.113	16.018	16.257	15.884	16.069	16.577	16.12	16.363	16.226	16.781	16.834	16.567	16.37
A0A0C4DFP5	RORA	RAR related orphan receptor A	Homo sapiens	15.033	15.363	15.501	15.163	NA	NA	15.298	15.851	15.323	15.119	NA	15.168	NA	15.468	15.215
A6NFP3	TJP3	tight junction protein 3	Homo sapiens	14.645	14.381	14.328	14.449	NA	16.825	16.71	17.428	16.626	16.485	NA	14.924	14.537	15.012	14.617
B2RMS0	FUT4	fucosyltransferase 4	Homo sapiens	13.664	NA	13.563	NA	NA	14.101	NA	14.054	13.793	NA	NA	13.74	NA	13.646	NA
A1XPJ0	ANKRD42	ankyrin repeat domain 42	Homo sapiens	NA	15.586	NA	NA	NA	16.17	16.059	16.972	NA	NA	NA	16.251	NA	16.241	16.408
A4FVC0	AGO2	argonaute RISC catalytic component 2	Homo sapiens	14.153	NA	13.931	NA	14.616	14.818	13.974	14.812	14.044	NA	NA	14.533	14.433	NA	14.086
E5RHP7	CA1	carbonic anhydrase 1	Homo sapiens	14.869	NA	14.558	NA	NA	13.944	14.703	NA	NA	14.044	NA	14.108	14.373	14.525	14.24
A0A6Q8PGA8	GARS1	glycyl-tRNA synthetase 1	Homo sapiens	NA	NA	14.657	14.001	14.782	16.535	16.377	16.785	16.097	16.165	13.06	NA	13.214	NA	NA
B3KQW8	HIP1R	huntingtin interacting protein 1 related	Homo sapiens	13.445	NA	13.293	NA	NA	NA	13.272	NA	13.106	NA	NA	NA	NA	NA	NA
B2RC92	AQP10	aquaporin 10	Homo sapiens	18.641	18.515	19.103	18.198	18.957	18.355	18.658	19.81	18.145	19.135	17.248	17.561	NA	17.086	16.791
A6NFY7	SDHAF1	succinate dehydrogenase complex assembly factor 1	Homo sapiens	17.316	17.406	16.896	16.861	17.328	17.188	17.749	18.135	16.742	16.339	18.89	19.071	19.209	19.476	18.957
A4IF47	BAGE	B melanoma antigen	Homo sapiens	NA	16.172	15.832	15.813	16.117	16.331	16.189	16.313	15.387	15.531	16.214	16.103	15.557	16.047	15.558
B3KQ60	GTSF1	gametocyte specific factor 1	Homo sapiens	14.29	14.036	14.851	NA	14.111	NA	NA	14.792	13.862	14.305	NA	14.975	NA	14.1	14.695
A0A384N5Z8	SFPQ	splicing factor proline and glutamine rich	Homo sapiens	14.869	13.866	NA	14.301	NA	13.962	NA	NA	NA	13.794	NA	NA	NA	NA	13.502
Q8N1H1	NHLRC2	NHL repeat containing 2	Homo sapiens	15.121	15.379	15.322	15.256	15.539	15.467	15.101	15.623	14.978	NA	15.071	15.734	15.623	15.413	NA
Q02045	MYL5	myosin light chain 5	Homo sapiens	15.931	16.257	16.1	NA	16.248	15.741	16.27	16.482	15.903	15.257	15.515	16.332	NA	16.119	15.97
A0A1W2PQ72	MSANTD7	Myb/SANT DNA binding domain containing 7	Homo sapiens	16.562	NA	16.414	16.088	16.727	16.09	16.361	16.567	15.834	16.168	15.593	16.488	16.877	16.919	16.287
P34130	NTF4	neurotrophin 4	Homo sapiens	20.91	20.632	20.588	20.915	20.741	20.895	21.124	20.814	21.217	20.727	20.883	20.98	21.066	NA	20.203
A0A2R8Y7N9	CD8B2	CD8B family member 2	Homo sapiens	13.566	NA	13.43	13.338	13.599	NA	NA	NA	12.881	NA	13.396	NA	13.907	13.566	13.238
A0A2R8YDA8	TIMM8A	translocase of inner mitochondrial membrane 8A	Homo sapiens	NA	15.145	14.958	NA	15.015	17.662	17.1	17.533	16.936	17.661	15.358	15.133	NA	NA	14.418
A8K3N6	EBAG9	estrogen receptor binding site associated antigen 9	Homo sapiens	15.791	14.939	15.487	14.687	15.838	15.193	15.295	15.694	14.979	15.929	15.338	15.514	15.206	NA	NA
A0A024R5Y7	PARP16	poly(ADP-ribose) polymerase family member 16	Homo sapiens	17.402	17.892	17.709	16.939	17.551	17.894	17.294	18.231	NA	17.438	17.517	NA	17.498	NA	17.65
A8K5G9	TRIM59	tripartite motif containing 59	Homo sapiens	16.985	16.217	NA	16.55	16.961	NA	16.533	NA	16.353	16.321	17.068	16.467	17.082	16.489	16.311
A9UMZ7	RMDN2	regulator of microtubule dynamics 2	Homo sapiens	16.822	16.435	15.959	16.432	16.642	16.368	16.36	16.433	NA	NA	15.908	16.381	15.822	16.471	15.645
Q5SXQ9	ZSWIM5	zinc finger SWIM-type containing 5	Homo sapiens	15.37	NA	14.87	14.909	15.598	NA	15.135	15.778	15.19	15.053	14.914	14.85	15.063	15.139	15.141
A6NJ94	LOC124908558	X antigen family member 1-like	Homo sapiens	15.008	14.306	14.937	NA	14.653	NA	14.935	15.143	NA	14.318	14.564	14.378	14.874	15.209	14.156
A0PJV3	ZKSCAN7	zinc finger with KRAB and SCAN domains 7	Homo sapiens	16.95	16.448	16.12	16.027	16.784	16.998	16.556	17.006	16.261	16.158	16.46	NA	16.708	16.373	16.475
A0A8I5KP73	IFT122	intraflagellar transport 122	Homo sapiens	16.997	16.424	16.977	16.49	16.869	16.947	NA	17.582	16.852	15.937	16.359	16.532	17.166	16.81	16.874
Q8NBK3	SUMF1	sulfatase modifying factor 1	Homo sapiens	19.051	18.389	18.513	18.688	18.462	18.812	NA	19.586	18.079	18.295	18.989	19.074	19.242	19.242	18.31
A0A494C0M2	EPPIN-WFDC6	EPPIN-WFDC6 readthrough	Homo sapiens	15.123	14.449	13.662	14.448	14.185	NA	NA	14.376	NA	14.177	NA	14.818	14.532	14.481	NA
A4QPB9	AQP12A	aquaporin 12A	Homo sapiens	NA	NA	NA	NA	14.1	13.674	NA	14.43	NA	NA	13.894	14.199	14.466	14.459	NA
B4DJV5	PWP1	PWP1 homolog, endonuclein	Homo sapiens	NA	NA	11.82	NA	NA	12.511	NA	NA	NA	11.911	NA	11.982	NA	NA	NA
Q0VAA8	ANKRD33	ankyrin repeat domain 33	Homo sapiens	19.334	18.495	18.428	18.384	18.798	18.987	18.101	18.844	18.699	17.973	18.775	18.371	18.485	18.718	18.096
P50402	EMD	emerin	Homo sapiens	NA	NA	NA	NA	NA	NA	13.051	NA	13.158	12.964	NA	NA	13.704	12.943	NA
B2R6Y4	SERPINB5	serpin family B member 5	Homo sapiens	17.998	17.562	17.692	17.89	18.627	18.357	18.098	18.87	17.955	18.048	17.967	18.401	18.011	17.789	17.478
B2R6H9	CHP1	calcineurin like EF-hand protein 1	Homo sapiens	18.041	18.647	NA	17.971	18.74	18.629	18.529	19.312	17.893	18.074	18.29	18.303	18.307	18.496	17.616
A0A384NPY7	LMAN2	lectin, mannose binding 2	Homo sapiens	16.841	16.305	17.088	16.552	17.147	16.732	NA	17.577	16.349	15.942	17.127	17.289	17.091	17.435	16.778
A0AA34QVV2	DDI2	DNA damage inducible 1 homolog 2	Homo sapiens	17.021	16.332	16.201	16.494	16.406	17.436	17.672	18.554	17.747	16.984	16.976	NA	16.441	16.291	16.612
Q2TB96	NSMF	NMDA receptor synaptonuclear signaling and neuronal migration factor	Homo sapiens	16.778	17.368	16.807	17.148	17.307	15.888	NA	16.526	15.697	15.263	NA	17.443	17.766	NA	NA
B7WP74	CWC22	CWC22 spliceosome associated protein homolog	Homo sapiens	17.293	18.024	16.759	17.714	17.308	17.502	17.477	17.909	17.374	17.74	17.837	17.799	17.614	17.811	17.188
Q8N6V9	TEX9	testis expressed 9	Homo sapiens	19.037	19.245	19.171	19.326	19.887	19.852	19.469	19.785	19.122	19.003	19.556	20.05	19.982	20.071	18.848
B7Z7C2	USP2	ubiquitin specific peptidase 2	Homo sapiens	NA	18.989	19.31	19.321	19.204	19.441	18.641	19.59	19.107	18.886	18.913	19.404	19.239	19.55	19.312
A1A4X9	MEPE	matrix extracellular phosphoglycoprotein	Homo sapiens	NA	NA	12.278	NA	NA	NA	NA	NA	NA	NA	NA	NA	12.219	12.191	NA
Q6ZN19	ZNF841	zinc finger protein 841	Homo sapiens	17.886	17.84	17.877	17.266	NA	15.867	NA	16.341	NA	16.062	17.841	18.058	17.853	17.838	17.555
A0A090N8N3	ZNF212	zinc finger protein 212	Homo sapiens	17.855	18.132	17.636	17.657	19.005	17.761	17.694	17.969	18.261	17.39	NA	18.559	17.533	18.355	18.135
Q8NDK2	ZNF446	zinc finger protein 446	Homo sapiens	13.755	NA	NA	NA	NA	NA	13.505	NA	NA	NA	NA	NA	NA	NA	NA
H0YMV8	RPS27L	ribosomal protein S27 like	Homo sapiens	18.68	18.466	18.464	18.743	18.497	18.464	18.753	18.653	18.61	18.581	18.52	19.018	18.809	18.583	18.057
P17947	SPI1	Spi-1 proto-oncogene	Homo sapiens	NA	18.936	18.808	18.497	19.086	20.774	20.484	21.552	20.854	20.831	18.859	19.072	19.457	18.982	18.797
Q16769	QPCT	glutaminyl-peptide cyclotransferase	Homo sapiens	18.958	18.009	18.472	18.77	18.254	18.182	18.434	19.051	18.114	18.173	18.517	18.591	18.917	18.899	19.136
B4DMR3	SERPINE2	serpin family E member 2	Homo sapiens	14.736	15.176	14.972	14.954	NA	NA	14.436	15.834	14.989	14.936	15.063	15.06	NA	15.497	15.071
A0A140VKG0	GK2	glycerol kinase 2	Homo sapiens	16.097	15.747	16.334	15.236	15.689	16.053	15.756	16.045	15.644	15.996	15.813	16.026	15.742	16.394	15.921
A8K5Z9	ZNF547	zinc finger protein 547	Homo sapiens	17.402	17.158	NA	17.274	17.207	17.589	17.279	17.808	17.32	16.425	17.598	17.315	16.917	17.569	17.364
A3KMF8	UPB1	beta-ureidopropionase 1	Homo sapiens	15.126	14.25	14.459	NA	NA	14.312	14.434	14.729	14.587	14.18	NA	15.907	16.14	15.652	15.864
B2R7F7	F2	coagulation factor II, thrombin	Homo sapiens	15.904	16.11	16.553	15.734	16.592	15.08	14.776	15.971	14.958	14.45	17.514	18.658	18.237	18.199	17.64
H3BPF8	GOLGA8S	golgin A8 family member S	Homo sapiens	17.134	16.476	NA	16.53	16.649	16.9	16.742	18.189	16.231	16.835	16.611	16.935	17.081	17.567	NA
Q8IXQ3	C9orf40	chromosome 9 open reading frame 40	Homo sapiens	NA	NA	13.321	NA	13.351	13.132	13.41	13.856	13.583	NA	13.606	NA	NA	13.69	13.44
Q58F09	MOGS	mannosyl-oligosaccharide glucosidase	Homo sapiens	17.479	NA	17.869	16.575	17.468	17.572	NA	17.951	17.21	17.315	17.32	17.426	16.991	17.926	17.017
B3KWQ6	PRPH	peripherin	Homo sapiens	16.665	15.893	15.562	15.943	NA	16.083	16.23	16.53	16.099	NA	NA	15.859	15.696	16.295	NA
D3DUK6	CMC2	C-X9-C motif containing 2	Homo sapiens	15.948	15.809	16.35	16.021	16.101	16.197	15.979	16.678	15.901	NA	16.099	16.34	16.265	17.121	15.655
Q69YZ2	TMEM200B	transmembrane protein 200B	Homo sapiens	16.713	16.193	16.669	16.104	16.864	16.904	17.063	16.572	16.701	NA	16.973	17.572	16.976	17.533	16.443
A0A140VKG3	FEZF2	FEZ family zinc finger 2	Homo sapiens	16.604	16.53	17.216	16.135	16.723	16.886	16.558	16.974	16.365	NA	16.941	17.341	17.023	16.46	16.561
I3L3Z2	NAA38	N-alpha-acetyltransferase 38, NatC auxiliary subunit	Homo sapiens	19.344	18.84	19.255	18.832	18.715	17.432	16.742	17.717	17.095	16.984	19.34	19.645	19.45	19.345	18.559
A0PJT7	H3C12	H3 clustered histone 12	Homo sapiens	17.908	17.831	NA	16.985	17.674	18.37	17.591	18.868	17.598	17.872	17.902	17.841	18.05	18.095	17.843
A0A384NYL6	AP3M2	adaptor related protein complex 3 subunit mu 2	Homo sapiens	16.549	15.852	NA	16.581	16.681	16.273	16.42	NA	15.725	15.949	16.196	16.805	15.756	16.743	16.268
A8K1U0	NBR1	NBR1 autophagy cargo receptor	Homo sapiens	16.614	16.535	16.772	16.045	16.636	17.065	17.019	17.002	16.59	16.021	16.75	16.581	17.335	16.79	16.373
P58317	ZNF121	zinc finger protein 121	Homo sapiens	15.977	16.723	16.18	16.52	16.667	16.622	16.154	17.396	16.063	16.623	16.645	17.282	16.631	16.741	16.138
Q8N4C9	C17orf78	chromosome 17 open reading frame 78	Homo sapiens	20.837	20.787	20.795	20.955	20.88	21.163	20.554	21.837	NA	20.484	21.116	20.589	21.547	20.876	20.823
A0PJX3	SHISA3	shisa family member 3	Homo sapiens	18.093	17.377	17.725	NA	17.575	18.179	18.042	18.57	17.82	18.151	18.031	18.169	17.834	18.219	17.546
A8K842	CT45A6	cancer/testis antigen family 45 member A6	Homo sapiens	15.393	15.146	15.188	15.483	NA	15.487	15.573	15.929	15.814	15.268	15.233	15.911	15.386	15.459	15.096
A8K8L1	SUPT20H	SPT20 homolog, SAGA complex component	Homo sapiens	14.683	15.212	14.565	14.421	15.022	15.143	14.219	15.281	14.938	14.459	15.122	14.883	NA	NA	NA
A0A0J9YWD5	PHRF1	PHD and ring finger domains 1	Homo sapiens	16.344	16.007	NA	15.354	15.865	NA	16.075	15.947	NA	NA	16.116	16.018	16.098	NA	15.946
Q658U4	FKBP10	FKBP prolyl isomerase 10	Homo sapiens	17.306	16.978	17.216	16.793	17.141	17.452	16.599	17.379	17.179	16.537	16.875	17.432	16.66	17.325	17.341
Q1L6U9	MSMP	microseminoprotein, prostate associated	Homo sapiens	17.052	17.624	17.249	16.972	17.209	16.345	17.108	17.047	NA	17.289	17.003	17.281	16.899	17.775	17.133
G4XH69	QRFPR	pyroglutamylated RFamide peptide receptor	Homo sapiens	12.923	NA	12.776	NA	NA	NA	NA	13.285	NA	NA	NA	13.304	NA	NA	NA
C9JAX3	ZNF467	zinc finger protein 467	Homo sapiens	17.544	17.425	17.003	17.52	17.168	17.416	17.307	17.914	NA	17.483	17.871	17.852	17.219	NA	17.308
B4E3R1	SYNE1	spectrin repeat containing nuclear envelope protein 1	Homo sapiens	15.117	15.024	14.558	14.963	14.788	15.466	15.056	14.816	NA	15.134	15.324	NA	14.968	15.215	15.231
B3KT20	SLC38A5	solute carrier family 38 member 5	Homo sapiens	17.251	17.143	17.009	16.776	17.042	17.092	17.639	17.739	NA	16.64	17.257	17.295	17.157	17.509	17.403
Q9BRV3	SLC50A1	solute carrier family 50 member 1	Homo sapiens	13.788	14.125	NA	NA	NA	13.561	NA	NA	NA	NA	14.142	14.016	13.963	13.951	13.955
Q5T6X5	GPRC6A	G protein-coupled receptor class C group 6 member A	Homo sapiens	NA	15.585	15.624	14.803	14.955	NA	15.11	15.815	15.878	15.368	15.343	15.702	15.785	15.723	15.457
A0AV52	SLC6A12	solute carrier family 6 member 12	Homo sapiens	NA	NA	NA	12.921	NA	NA	NA	11.068	NA	NA	NA	NA	NA	15.801	15.194
A8K4L6	VANGL2	VANGL planar cell polarity protein 2	Homo sapiens	19.936	20.562	19.736	NA	19.935	19.987	20.016	20.114	19.977	19.817	20.012	20.626	19.991	19.844	20.192
Q6IAA7	C14orf119	chromosome 14 open reading frame 119	Homo sapiens	15.201	NA	14.986	14.611	15.309	NA	14.698	15.101	15.065	14.645	NA	15.105	15.259	15.49	14.763
A0A499FJ85	SLFN12L	schlafen family member 12 like	Homo sapiens	16.379	16.933	16.098	15.775	16.872	16.449	16.045	16.763	16.029	16.327	16.557	16.897	NA	16.655	16.577
A0A0S2Z392	GRK2	G protein-coupled receptor kinase 2	Homo sapiens	18.659	18.375	18.391	17.894	18.312	16.451	16.364	16.211	16.396	16.147	20.682	20.945	21.214	20.976	21.193
A0A494C1A7	BIVM	basic, immunoglobulin-like variable motif containing	Homo sapiens	NA	15.515	NA	15.052	15.136	16.225	15.529	16.213	NA	15.593	15.6	15.616	15.752	15.828	15.749
B2R751	H1-3	H1.3 linker histone, cluster member	Homo sapiens	14.713	14.068	NA	14.11	NA	14.223	13.618	14.448	14.301	13.922	13.888	14.283	14.313	14.39	NA
A0A087WYN1	FAM153A	family with sequence similarity 153 member A	Homo sapiens	NA	15.237	NA	14.139	15.218	14.492	14.116	14.509	14.526	14.239	14.907	15.022	14.835	14.813	14.632
A8K8V7	VSIG1	V-set and immunoglobulin domain containing 1	Homo sapiens	16.732	16.381	16.633	NA	15.943	16.893	16.44	17.107	16.667	16.229	NA	NA	15.708	15.812	14.97
O43161	BSN	bassoon presynaptic cytomatrix protein	Homo sapiens	15.633	14.761	NA	14.634	15.291	14.92	NA	15.433	14.712	14.726	NA	15.49	NA	15.034	14.914
A8K7U7	DPP7	dipeptidyl peptidase 7	Homo sapiens	14.921	15.216	NA	NA	15.235	15.246	15.429	15.536	14.949	NA	NA	NA	NA	14.921	NA
A0A087WUA7	ZNF804B	zinc finger protein 804B	Homo sapiens	NA	15.563	NA	NA	15.862	15.331	NA	15.63	15.622	15.07	15.313	15.193	15.219	15.796	15.513
A6ND60	SLC41A3	solute carrier family 41 member 3	Homo sapiens	18.226	18.517	18.252	17.983	18.184	18.164	18.332	19.058	18.615	18.465	18.335	18.669	18.13	18.015	18.645
B2R935	CDC6	cell division cycle 6	Homo sapiens	19.033	18.681	19.037	18.282	18.66	18.454	18.652	18.984	18.084	18.373	18.835	19.043	19.134	18.72	18.444
B4DGV0	CNTN6	contactin 6	Homo sapiens	NA	15.559	15.753	NA	15.466	15.633	NA	16.461	15.068	NA	15.755	15.796	15.194	14.956	15.162
A6NNC9	ADAMTS20	ADAM metallopeptidase with thrombospondin type 1 motif 20	Homo sapiens	13.771	14.496	NA	NA	13.171	NA	NA	NA	13.719	13.531	15.741	15.717	16.09	16.556	15.771
B4DSD9	HIF3A	hypoxia inducible factor 3 subunit alpha	Homo sapiens	17.619	17.26	17.101	16.513	18.413	17.733	NA	18.097	17.437	16.651	17.182	17.528	17.371	18.357	17.124
A0A1B0GVY7	GOLGA8M	golgin A8 family member M	Homo sapiens	NA	NA	12.261	NA	NA	NA	NA	NA	NA	NA	12.116	NA	NA	NA	NA
Q96K62	ZBTB45	zinc finger and BTB domain containing 45	Homo sapiens	17.319	16.866	16.642	16.285	16.214	16.962	16.795	17.259	16.78	16.11	16.377	17.094	16.431	16.465	16.384
Q96DA6	DNAJC19	DnaJ heat shock protein family (Hsp40) member C19	Homo sapiens	16.085	16.636	15.75	15.512	NA	16.077	16.003	16.497	15.562	15.581	16.347	NA	16.242	NA	15.946
A0A0U1RRK1	MICU1	mitochondrial calcium uptake 1	Homo sapiens	19.328	19.062	18.819	18.673	18.81	18.841	19.155	19.163	18.845	18.94	18.891	18.988	18.853	19.521	18.395
A0A494C086	SPDYE21	speedy/RINGO cell cycle regulator family member E21	Homo sapiens	13.056	13.522	NA	NA	NA	NA	12.852	13.788	NA	NA	12.962	13.086	13.51	NA	NA
B2R5A0	GNG5	G protein subunit gamma 5	Homo sapiens	15.305	15.089	15.643	NA	15.746	15.623	15.171	NA	NA	14.916	NA	15.482	NA	15.343	15.06
A0A9L9PX77	FGF14	fibroblast growth factor 14	Homo sapiens	14.637	NA	NA	13.057	NA	13.378	NA	14.453	NA	NA	NA	14.032	NA	NA	NA
F4MH35	UTY	ubiquitously transcribed tetratricopeptide repeat containing, Y-linked	Homo sapiens	16.94	16.933	17.497	16.3	16.864	16.831	16.454	16.974	17.048	16.786	16.832	17.37	17.518	16.748	17.341
B4DNC9	ISCU	iron-sulfur cluster assembly enzyme	Homo sapiens	15.976	NA	15.934	15.706	15.613	15.46	15.926	15.97	15.713	15.543	16.186	NA	15.332	15.759	15.509
Q5VWP3	MLIP	muscular LMNA interacting protein	Homo sapiens	14.883	15.057	14.952	14.978	15.289	14.769	NA	15.356	14.326	14.88	14.879	15.446	NA	NA	NA
A0A140VJY8	TXNDC2	thioredoxin domain containing 2	Homo sapiens	14.815	14.386	15.133	14.858	NA	NA	14.684	15.233	NA	13.987	14.331	15.287	NA	14.488	14.404
Q16600	ZNF239	zinc finger protein 239	Homo sapiens	17.354	17.286	17.102	NA	17.134	17.298	16.709	17.546	16.651	16.878	17.164	17.071	17.155	17.79	17.279
B2R9B0	HPDL	4-hydroxyphenylpyruvate dioxygenase like	Homo sapiens	18.752	18.266	18.76	17.738	18.789	18.455	17.877	19.021	18.261	18.066	20.273	20.329	20.747	20.521	20.362
A0A0S2Z626	BBS5	Bardet-Biedl syndrome 5	Homo sapiens	16.614	17.31	16.76	15.926	16.817	16.907	16.419	17.204	16.134	16.18	16.97	16.589	16.806	16.701	16.552
A8K1M0	IP6K3	inositol hexakisphosphate kinase 3	Homo sapiens	NA	NA	NA	NA	NA	11.515	NA	NA	NA	NA	NA	NA	NA	NA	NA
A0A1B0GU47	CDCP2	CUB domain containing protein 2	Homo sapiens	17.372	17.092	17.069	16.818	17.199	NA	NA	15.673	16.014	15.581	14.361	14.541	NA	14.521	13.934
A0A1X7SBZ2	DDX17	DEAD-box helicase 17	Homo sapiens	19.192	18.754	18.775	18.381	19.021	18.823	18.301	19.331	18.825	18.924	18.426	19.311	18.861	18.575	18.653
A0A994J4R7	TRPM3	transient receptor potential cation channel subfamily M member 3	Homo sapiens	17.444	17.505	17.266	NA	17.352	19.675	19.323	20.002	19.1	18.932	17.939	17.95	17.486	17.47	17.145
Q96A28	SLAMF9	SLAM family member 9	Homo sapiens	14.665	NA	NA	14.016	14.4	14.679	14.39	NA	13.787	NA	17.108	17.288	17.107	17.337	16.509
X5D2E5	CHD1L	chromodomain helicase DNA binding protein 1 like	Homo sapiens	NA	13.803	NA	13.235	NA	13.782	13.607	NA	13.01	NA	13.13	13.776	13.002	12.938	NA
A0A0A8K8F5	SCAMP5	secretory carrier membrane protein 5	Homo sapiens	NA	NA	NA	NA	NA	NA	12.888	13.835	NA	NA	12.843	NA	NA	13.686	NA
B2R7R5	PRPSAP2	phosphoribosyl pyrophosphate synthetase associated protein 2	Homo sapiens	18.781	18.791	17.844	18.13	17.981	18.845	18.509	19.301	18.461	18.453	18.519	18.587	18.913	17.853	18.253
B3KPG6	CHPF2	chondroitin polymerizing factor 2	Homo sapiens	15.562	15.694	NA	15.523	15.765	15.536	15.964	15.843	15.408	16.044	15.944	15.924	NA	16.145	15.862
O60766	SIM2	SIM bHLH transcription factor 2	Homo sapiens	15.708	15.086	15.555	15.144	15.03	15.426	14.704	15.783	15.005	15.18	15.099	15.255	15.331	NA	14.991
D3DQS7	TRIM34	tripartite motif containing 34	Homo sapiens	17.172	17.521	16.978	16.573	16.965	17.216	NA	17.899	17.156	NA	17.074	17.29	16.973	17.405	16.797
B3KN83	LIN52	lin-52 DREAM MuvB core complex component	Homo sapiens	NA	15.45	14.912	14.639	15.067	15.478	14.384	NA	NA	15.025	15.277	15.66	15.543	15.174	15.371
P17041	ZNF32	zinc finger protein 32	Homo sapiens	16.105	16.106	15.444	16.611	16.968	16.134	16.586	16.947	16.148	16.384	16.57	NA	16.346	16.716	16.456
Q99828	CIB1	calcium and integrin binding 1	Homo sapiens	20.109	20.445	20.949	20.48	20.672	20.811	20.953	21.257	19.824	NA	20.829	20.547	20.769	20.988	20.724
A0A1X7SBR1	PRICKLE2	prickle planar cell polarity protein 2	Homo sapiens	15.721	NA	16.436	15.362	15.33	15.293	15.555	NA	NA	15.305	15.834	16.421	15.578	NA	15.28
A8K3S2	GGNBP2	gametogenetin binding protein 2	Homo sapiens	10.375	NA	NA	NA	NA	NA	NA	NA	NA	NA	NA	NA	NA	NA	NA
A0A140VJF3	BUB3	BUB3 mitotic checkpoint protein	Homo sapiens	NA	15.919	NA	15.118	15.895	15.928	NA	NA	15.399	15.812	16.06	16.674	15.543	16.672	16.156
Q5W0L0	HS6ST3	heparan sulfate 6-O-sulfotransferase 3	Homo sapiens	13.514	13.259	14.176	NA	13.127	14.031	NA	14.714	NA	14.026	NA	NA	NA	NA	NA
B2R5L9	PSENEN	presenilin enhancer, gamma-secretase subunit	Homo sapiens	18.677	18.507	18.24	18.301	18.447	19.275	18.338	19.071	18.611	18.02	17.203	17.66	17.453	16.55	16.685
O96007	MOCS2	molybdenum cofactor synthesis 2	Homo sapiens	NA	NA	NA	12.319	NA	NA	NA	NA	NA	NA	12.198	NA	NA	13.143	NA
O00445	SYT5	synaptotagmin 5	Homo sapiens	18.272	18.749	18.985	18.13	18.447	18.458	18.79	19.036	18.271	18.497	18.158	18.546	18.359	18.769	18.721
A8K1I2	DKK3	dickkopf WNT signaling pathway inhibitor 3	Homo sapiens	NA	14.178	13.893	NA	14.268	NA	13.254	14.093	NA	NA	13.813	NA	14.474	13.846	NA
A0A090N8Y1	C7orf33	chromosome 7 open reading frame 33	Homo sapiens	16.549	16.178	NA	16.023	16.094	16.483	16.326	17.563	NA	16.357	NA	16.962	16.371	16.576	16.415
A0A0A0MTB5	EOLA1	endothelium and lymphocyte associated ASCH domain 1	Homo sapiens	16.453	16.019	16.677	NA	NA	16.143	15.779	16.808	15.782	NA	NA	16.547	NA	17.011	16.486
A1L162	ERICH2	glutamate rich 2	Homo sapiens	NA	15.453	14.949	15.002	15.281	15.432	14.954	16.126	15.131	14.789	14.959	15.659	15.553	NA	15.102
A8K026	ATP6V0A2	ATPase H+ transporting V0 subunit a2	Homo sapiens	15.752	NA	15.788	14.74	15.187	15.184	15.211	15.799	15.6	15.385	15.41	NA	15.688	15.78	15.39
B4DX45	TTC29	tetratricopeptide repeat domain 29	Homo sapiens	19.691	19.407	19.231	19.091	19.803	19.762	19.835	20.157	19.053	20.017	19.652	20.377	19.384	20.212	19.955
O15015	ZNF646	zinc finger protein 646	Homo sapiens	17.45	17.012	16.776	16.879	17.82	17.415	16.485	17.3	16.97	17.292	17.079	17.394	17.237	17.409	17.067
Q8N6U8	GPR161	G protein-coupled receptor 161	Homo sapiens	18.476	18.207	18.149	17.949	18.691	18.47	18.949	18.906	18.697	NA	18.366	18.662	18.491	18.342	18.654
B2RCJ1	RAP2A	RAP2A, member of RAS oncogene family	Homo sapiens	14.715	15.286	NA	14.614	NA	NA	14.723	NA	14.775	NA	NA	14.732	14.69	NA	NA
B4DNZ9	GPAT2	glycerol-3-phosphate acyltransferase 2, mitochondrial	Homo sapiens	NA	15.05	15.384	14.492	NA	15.18	15.374	15.52	15.242	15.197	NA	13.381	NA	13.668	14.23
A2BDF6	H3C15	H3 clustered histone 15	Homo sapiens	NA	NA	NA	12.897	NA	13.445	13.065	13.243	NA	NA	13.12	13.406	NA	NA	NA
A0A126GVI8	OR5D18	olfactory receptor family 5 subfamily D member 18	Homo sapiens	16.256	16.536	16.466	15.767	16.623	16.856	16.279	16.936	16.338	16.077	16.738	16.325	16.751	16.183	16.356
Q53R44	AP1S3	adaptor related protein complex 1 subunit sigma 3	Homo sapiens	16.17	16.212	15.971	15.84	16.372	16.101	16.724	16.838	NA	16.329	18.072	18.309	18.651	18.328	18.541
A5A3E0	POTEF	POTE ankyrin domain family member F	Homo sapiens	14.787	14.256	14.068	13.827	NA	NA	NA	NA	NA	10.904	NA	NA	NA	NA	NA
A8K1Z3	NEDD1	NEDD1 gamma-tubulin ring complex targeting factor	Homo sapiens	NA	15.25	15.546	14.956	15.061	15.391	15.468	NA	15.551	14.769	15.838	15.504	NA	15.786	NA
A0A1L6Z9X4	LY6G6D	lymphocyte antigen 6 family member G6D	Homo sapiens	NA	13.052	NA	NA	13.314	13.443	13.488	13.886	NA	NA	NA	13.671	13.561	13.343	NA
B2RCN2	GAS2L3	growth arrest specific 2 like 3	Homo sapiens	16.163	15.839	15.64	15.545	15.599	15.108	15.724	16.003	15.138	14.907	15.128	15.253	15.352	15.509	15.044
K7EP90	RBM42	RNA binding motif protein 42	Homo sapiens	18.064	17.224	17.046	16.895	17.879	17.519	17.145	17.848	17.171	17.861	17.45	17.702	17.26	17.689	17.408
Q13512	P3H3	prolyl 3-hydroxylase 3	Homo sapiens	16.372	16.245	15.648	15.596	15.525	16.193	15.645	16.077	15.274	15.656	15.822	15.983	NA	15.913	15.243
A6NHJ0	SOD1	superoxide dismutase 1	Homo sapiens	16.986	NA	15.824	16.241	16.65	16.224	16.38	16.486	16.064	15.709	16.013	16.845	NA	NA	15.772
P57105	SYNJ2BP	synaptojanin 2 binding protein	Homo sapiens	NA	NA	15.314	NA	15.161	15.793	NA	15.857	15.137	15.036	NA	15.111	15.45	15.08	14.898
P51805	PLXNA3	plexin A3	Homo sapiens	18.568	18.086	17.94	18.131	18.306	18.268	NA	19.136	17.925	17.88	18.442	18.438	18.619	18.421	18.461
Q8IZY2	ABCA7	ATP binding cassette subfamily A member 7	Homo sapiens	16.175	16.281	15.686	16.378	16.016	16.13	15.666	16.676	16.125	15.743	NA	15.764	16.011	15.677	15.413
A0A0B4J1R5	KIR3DL3	killer cell immunoglobulin like receptor, three Ig domains and long cytoplasmic tail 3	Homo sapiens	17.724	17.675	17.014	NA	NA	17.458	17.565	17.942	17.189	17.256	17.537	17.618	18.049	17.837	17.563
B2RBV9	TAF7	TATA-box binding protein associated factor 7	Homo sapiens	14.876	14.691	14.607	14.007	14.723	14.665	14.639	15.24	NA	14.92	NA	14.471	14.328	14.765	14.191
K7ES70	MFAP4	microfibril associated protein 4	Homo sapiens	19.072	19.051	19.184	18.922	19.719	19.623	19.027	19.572	19.046	19.541	18.783	19.24	19.317	19.28	19.456
A4D0P9	RELN	reelin	Homo sapiens	NA	NA	13.836	NA	14.07	NA	13.668	13.034	NA	12.743	13.545	NA	13.767	13.505	13.29
Q14CZ0	HAPSTR1	HUWE1 associated protein modifying stress responses	Homo sapiens	16.686	16.424	NA	16.453	16.576	16.425	17.12	17.105	16.5	16.146	16.731	16.843	17.06	16.372	16.4
A0A087WU62	MRPL45	mitochondrial ribosomal protein L45	Homo sapiens	14.583	14.442	NA	14.178	14.455	NA	NA	15.343	NA	NA	14.616	NA	NA	14.89	14.399
H2B4M3	LILRA3	leukocyte immunoglobulin like receptor A3	Homo sapiens	15.646	15.808	15.398	NA	16.161	NA	15.677	NA	15.762	15.279	NA	NA	15.696	16.084	14.981
P46778	RPL21	ribosomal protein L21	Homo sapiens	19.323	19.112	18.566	18.445	18.735	19.089	18.154	19.255	18.439	18.773	NA	19.303	18.903	19.115	18.412
P49247	RPIA	ribose 5-phosphate isomerase A	Homo sapiens	16.362	15.877	NA	15.775	15.912	16.144	15.879	16.553	16.34	15.694	NA	15.711	16.344	16.658	NA
Q4G0L8	COG1	component of oligomeric golgi complex 1	Homo sapiens	16.048	15.553	15.24	15.333	15.438	15.685	16.09	16.005	NA	16.023	15.208	NA	15.382	15.704	15.741
A0A8V8TQ42	LOC102723996	ICOS ligand	Homo sapiens	16.854	17.072	16.83	16.541	17.249	17.241	16.806	17.265	16.606	16.855	17.18	16.732	16.477	16.588	16.29
Q4W5N8	AADAT	aminoadipate aminotransferase	Homo sapiens	NA	17.041	17.327	17.448	17.17	17.716	17.25	18.272	16.966	17.672	17.208	16.688	NA	17.176	16.621
A8K470	ADH4	alcohol dehydrogenase 4 (class II), pi polypeptide	Homo sapiens	13.112	13.668	13.964	13.703	NA	13.918	13.367	14.674	13.576	NA	NA	14.204	NA	14.002	NA
B1AML4	ATOSB	atos homolog B	Homo sapiens	NA	14.609	15.019	14.621	14.907	14.96	NA	15.269	15.169	14.751	15.085	15.252	14.899	15.628	14.95
A8MUM7	LGALS16	galectin 16	Homo sapiens	20.723	20.745	20.384	20.984	21.046	20.803	20.611	21.112	20.239	20.547	20.758	20.89	20.932	20.517	20.648
Q14D67	FAM83C	family with sequence similarity 83 member C	Homo sapiens	14.198	14.398	14.795	14.684	NA	NA	14.694	15.623	NA	14.343	NA	NA	14.278	NA	NA
A0A2R8YEM9	TRANK1	tetratricopeptide repeat and ankyrin repeat containing 1	Homo sapiens	18.089	17.825	18.103	17.801	18.565	18.347	17.966	18.084	17.893	18.368	17.985	18.962	18.094	18.626	18.009
B2RNG5	TMPPE	transmembrane protein with metallophosphoesterase domain	Homo sapiens	14.79	NA	15.287	14.299	14.583	NA	14.804	15.129	13.985	NA	14.845	15.541	14.902	14.769	14.44
E7EQB8	IDH3G	isocitrate dehydrogenase (NAD(+)) 3 non-catalytic subunit gamma	Homo sapiens	18.089	18.046	17.725	17.763	17.897	18.282	17.587	18.579	17.124	17.106	17.627	17.774	18.019	17.617	NA
B2R8P9	KLF3	KLF transcription factor 3	Homo sapiens	NA	16.153	16.079	16.235	16.932	NA	16.441	17.245	16.432	15.982	16.147	16.401	16.751	16.397	16.231
P0CW18	PRSS56	serine protease 56	Homo sapiens	15.446	15.565	NA	14.903	NA	NA	14.815	NA	15.071	14.691	15.434	15.149	15.228	15.473	NA
Q3KRB5	FAM209B	family with sequence similarity 209 member B	Homo sapiens	17.55	17.373	17.728	17.225	17.738	19.53	18.792	20.029	18.922	18.501	14.943	15.458	NA	NA	14.92
B4DY93	LETM2	leucine zipper and EF-hand containing transmembrane protein 2	Homo sapiens	NA	NA	NA	NA	NA	NA	13.421	NA	13.228	NA	NA	NA	NA	NA	NA
Q96AB7	DPH7	diphthamide biosynthesis 7	Homo sapiens	15.843	16.703	16.857	16.016	16.287	16.649	16.561	16.49	16.926	15.824	17.375	16.49	16.669	NA	NA
B3KU77	ZNF347	zinc finger protein 347	Homo sapiens	14.986	NA	15.616	14.865	NA	15.538	15.203	16.294	15.705	15.503	15.072	15.635	15.501	NA	15.73
B7ZLW5	STIL	STIL centriolar assembly protein	Homo sapiens	NA	14.985	14.041	NA	NA	NA	13.935	14.931	NA	14.089	15.143	16.203	15.467	15.452	15.682
D2JYH5	COL3A1	collagen type III alpha 1 chain	Homo sapiens	13.025	NA	NA	NA	NA	NA	NA	NA	NA	NA	NA	NA	NA	NA	NA
B2R775	GALNT4	polypeptide N-acetylgalactosaminyltransferase 4	Homo sapiens	14.816	NA	13.94	14.358	14.987	NA	14.673	15.329	15.131	14.482	14.416	15.294	14.941	15.355	15.017
B3KNH6	FIGNL1	fidgetin like 1	Homo sapiens	16.097	15.726	15.574	15.253	15.888	15.252	16.023	16.866	15.863	15.653	15.385	NA	16.197	16.456	16.328
Q8N894	NIBAN3	niban apoptosis regulator 3	Homo sapiens	NA	16.453	16.512	16.001	16.352	17.095	16.799	NA	15.921	16.434	16.691	16.893	16.684	16.331	16.491
B2RA09	C5AR2	complement C5a receptor 2	Homo sapiens	16.234	15.564	NA	15.401	15.819	15.735	15.94	16.781	15.592	15.535	15.643	15.69	16.038	16.114	15.698
A6NK58	LIPT2	lipoyl(octanoyl) transferase 2	Homo sapiens	16.703	16.19	15.728	15.921	16.536	17.151	NA	16.881	15.956	16.514	15.72	16.476	16.199	17.027	16.417
B2R9Q8	VEGFC	vascular endothelial growth factor C	Homo sapiens	NA	13.916	NA	NA	NA	NA	NA	NA	14.026	NA	13.72	14.404	14.23	NA	NA
P18825	ADRA2C	adrenoceptor alpha 2C	Homo sapiens	19.56	19.178	19.642	18.933	18.787	19.056	18.547	19.523	19.058	19.351	18.818	19.557	18.942	19.641	19.079
A0A286YF86	OR5T2	olfactory receptor family 5 subfamily T member 2	Homo sapiens	15.034	14.941	14.451	14.009	14.422	NA	13.845	15.162	14.581	14.846	15.559	15.48	15.061	14.915	15.379
A0A1I9RI51	IL33	interleukin 33	Homo sapiens	NA	NA	14.016	13.966	NA	NA	NA	14.581	14.037	NA	NA	NA	14.337	NA	14.004
A0A8I5KWR6	NF1	neurofibromin 1	Homo sapiens	18.448	18.667	18.565	17.838	18.307	17.572	NA	17.442	16.826	16.991	17.386	17.315	17.805	17.62	17.427
Q5VSG1	ANAPC2	anaphase promoting complex subunit 2	Homo sapiens	9.223	NA	NA	NA	NA	NA	NA	NA	NA	NA	NA	NA	NA	NA	NA
Q5T7I7	SHC3	SHC adaptor protein 3	Homo sapiens	17.231	16.167	16.789	NA	16.937	17.15	16.124	17.276	16.66	NA	16.704	17.039	17.052	NA	16.132
B4DZF6	UBQLN4	ubiquilin 4	Homo sapiens	16.111	15.61	15.852	16.158	16.092	16.142	16.56	16.69	16.191	15.746	NA	14.885	NA	NA	NA
D6RA42	MCTP1	multiple C2 and transmembrane domain containing 1	Homo sapiens	15.362	14.335	14.772	14.338	NA	14.429	NA	15.331	14.308	NA	14.895	14.605	14.538	14.959	NA
A7MD46	CNOT6	CCR4-NOT transcription complex subunit 6	Homo sapiens	NA	13.164	NA	NA	NA	13.366	NA	13.576	NA	NA	NA	NA	NA	13.634	NA
A0A8Q3WLE8	FANCM	FA complementation group M	Homo sapiens	18.203	18.078	18.12	16.96	17.943	17.604	18.04	18.896	17.684	NA	18.526	18.629	17.668	18.152	18.161
Q5T297	NOL7	nucleolar protein 7	Homo sapiens	16.709	17.367	17.105	16.563	16.819	17.055	16.675	17.185	17.28	16.914	16.18	16.431	16.482	16.244	15.848
Q6ZVN8	HJV	hemojuvelin BMP co-receptor	Homo sapiens	16.958	NA	16.832	16.084	16.678	17.008	16.208	17.093	16.236	16.395	16.554	16.361	16.794	16.735	16.316
B7Z956	PTPRR	protein tyrosine phosphatase receptor type R	Homo sapiens	20.334	20.215	20.288	19.985	20.765	20.317	19.908	20.646	21.141	20.288	NA	21.149	20.351	20.715	20.365
A4D271	BHLHA15	basic helix-loop-helix family member a15	Homo sapiens	16.805	16.322	16.309	15.876	16.42	16.42	16.073	16.983	16.546	16.322	16.028	16.884	16.018	16.391	NA
O75465	NECTIN1	nectin cell adhesion molecule 1	Homo sapiens	18.853	19.538	19.52	18.784	NA	18.845	19.177	19.914	19.279	18.989	18.676	19.531	19.245	18.873	19.309
A3KBI9	PTCH1	patched 1	Homo sapiens	17.775	17.061	18.094	17.692	17.916	17.993	18.179	17.776	17.549	17.548	17.381	17.737	17.365	17.655	17.841
B2R6B8	SRSF8	serine and arginine rich splicing factor 8	Homo sapiens	13.777	NA	NA	NA	NA	13.042	13.707	13.692	13.415	NA	NA	NA	NA	14.816	13.393
B4DER4	PIK3CB	phosphatidylinositol-4,5-bisphosphate 3-kinase catalytic subunit beta	Homo sapiens	14.696	14.896	14.49	NA	14.322	14.267	NA	14.332	13.646	14.591	NA	NA	NA	NA	NA
F5GZP6	PPFIBP1	PPFIA binding protein 1	Homo sapiens	15.775	15.892	15.329	15.491	15.948	15.804	15.387	15.995	15.533	15.488	15.744	16.076	15.346	16.072	15.43
A8K1H4	C6orf141	chromosome 6 open reading frame 141	Homo sapiens	17.48	17.606	17.488	NA	17.018	17.808	17.363	17.887	17.069	17.16	17.282	18.352	17.68	17.808	17.304
A0A286YF01	SCYGR7	small cysteine and glycine repeat containing 7	Homo sapiens	15.206	15.476	NA	NA	15.324	NA	15.1	15.782	15.18	14.83	NA	15.516	15.016	NA	15.967
A0A590UK17	SBK1	SH3 domain binding kinase 1	Homo sapiens	NA	16.64	16.804	17.373	17.46	16.998	16.803	17.116	17.329	17.196	16.705	17.58	16.862	17.436	16.976
A0AV05	ZNF517	zinc finger protein 517	Homo sapiens	14.409	NA	14.711	NA	14.994	14.468	14.57	14.51	NA	NA	15.123	14.431	14.73	14.847	14.874
A0AAG2TTP8	LOC102724737	40S ribosomal protein S8-like	Homo sapiens	15.175	14.982	15.233	15.133	14.915	NA	15.409	15.287	NA	14.711	15.468	15.448	15.49	15.714	15.521
Q9ULH7	MRTFB	myocardin related transcription factor B	Homo sapiens	NA	14.124	NA	13.282	NA	16.386	16.015	16.824	NA	16.212	15.639	16.017	15.316	15.638	NA
B7Z370	CPNE4	copine 4	Homo sapiens	NA	15.386	15.32	15.089	15.545	15.437	15.509	15.988	16.084	15.308	15.704	15.718	15.886	15.496	15.304
Q8TBN0	RAB3IL1	RAB3A interacting protein like 1	Homo sapiens	NA	NA	NA	NA	NA	NA	12.564	NA	12.466	NA	NA	NA	NA	NA	NA
Q08AP8	TREML2	triggering receptor expressed on myeloid cells like 2	Homo sapiens	15.921	15.081	15.375	14.945	15.201	15.545	15.201	NA	15.762	15.382	15.334	15.604	15.225	15.454	NA
B4DI01	CDK5RAP1	CDK5RAP1 mitochondrial tRNA methylthiotransferase	Homo sapiens	21.634	22.059	22.379	22.056	21.728	24.601	24.042	24.553	23.986	23.717	22.242	NA	21.814	22.593	NA
D3DS71	DHRS1	dehydrogenase/reductase 1	Homo sapiens	15.019	15.289	14.956	14.854	NA	NA	14.642	15.718	15.118	14.721	14.777	15.848	15.277	15.027	15.016
P51814	ZNF41	zinc finger protein 41	Homo sapiens	12.253	NA	NA	NA	NA	NA	NA	NA	NA	NA	NA	NA	NA	NA	NA
P09914	IFIT1	interferon induced protein with tetratricopeptide repeats 1	Homo sapiens	17.985	17.597	17.615	17.234	18.257	NA	17.892	17.831	17.359	NA	17.655	17.969	17.765	17.485	17.507
A6NGN4	PRAMEF26	PRAME family member 26	Homo sapiens	NA	14.34	14.397	NA	14.572	NA	NA	15.073	NA	NA	14.647	14.432	14.654	14.549	14.842
Q9GZY1	PBOV1	prostate and breast cancer overexpressed 1	Homo sapiens	15.516	15.033	14.726	14.69	15.123	NA	15.463	15.909	15.404	14.822	15.191	15.362	15.531	15.089	15.208
E9PFQ4	PHLDB2	pleckstrin homology like domain family B member 2	Homo sapiens	19.872	19.801	18.949	19.544	19.53	22.479	22.462	23.253	21.73	21.75	19.773	19.819	19.515	19.699	18.882
B2RD85	CDC42EP2	CDC42 effector protein 2	Homo sapiens	NA	14.305	14.89	13.622	14.021	14.442	NA	14.85	NA	NA	13.964	14.359	NA	14.321	13.999
A0A0G2JPT5	RAD17	RAD17 checkpoint clamp loader component	Homo sapiens	18.241	17.664	18.085	18.027	18.405	18.087	17.891	18.205	17.864	17.927	17.733	18.605	18.084	17.918	17.325
A0A2X0TVS2	ARHGAP25	Rho GTPase activating protein 25	Homo sapiens	12.662	NA	NA	NA	NA	13.857	12.634	13.448	NA	13.316	NA	13.389	13.474	13.259	NA
Q8N6T7	SIRT6	sirtuin 6	Homo sapiens	16.453	15.973	15.963	15.481	16.112	NA	16.41	17.194	NA	16.008	15.787	15.88	16.128	16.864	15.466
O75556	SCGB2A1	secretoglobin family 2A member 1	Homo sapiens	17.724	17.671	17.978	17.141	18.07	17.193	17.701	18.037	17.477	17.905	17.424	17.979	17.364	NA	17.551
C9J6V0	MSANTD1	Myb/SANT DNA binding domain containing 1	Homo sapiens	NA	NA	15.722	14.591	15.102	NA	12.382	NA	NA	NA	14.731	15.606	14.771	NA	14.979
Q52LL3	KCNK15	potassium two pore domain channel subfamily K member 15	Homo sapiens	15.149	15.021	15.305	15.235	NA	14.994	NA	15.705	NA	14.868	14.718	NA	15.179	15.222	14.984
B7Z2E0	CSPG5	chondroitin sulfate proteoglycan 5	Homo sapiens	16.843	16.821	16.739	16.568	17.468	16.939	16.905	18.065	17.381	17.263	17.601	17.007	17.254	18.014	16.841
A8K2W3	CAVIN2	caveolae associated protein 2	Homo sapiens	16.86	16.497	16.537	16.143	16.163	16.721	16.229	NA	15.969	15.64	16.676	16.964	16.523	16.517	16.092
E7ER45	MGAM	maltase-glucoamylase	Homo sapiens	16.015	NA	16.255	16.032	16.708	17.554	17.633	NA	17.165	17.139	17.62	18.348	17.945	18.503	17.463
B2RP89	CCDC183	coiled-coil domain containing 183	Homo sapiens	14.633	NA	14.954	14.222	14.566	14.974	NA	15.395	NA	15.147	14.865	14.61	15.078	NA	14.301
O94851	MICAL2	microtubule associated monooxygenase, calponin and LIM domain containing 2	Homo sapiens	16.174	15.779	NA	16.115	16.175	15.678	16.159	16.985	16.123	NA	16.511	16.568	16.008	17.148	16.423
B2R6L2	PFKFB4	6-phosphofructo-2-kinase/fructose-2,6-biphosphatase 4	Homo sapiens	18.387	17.901	18.201	18.074	18.24	18.376	NA	19.104	18.333	18.455	18.672	18.793	18.778	19.025	17.919
A0PJA2	RANBP9	RAN binding protein 9	Homo sapiens	15.498	15.95	15.444	14.754	14.998	15.4	14.748	15.577	15.107	14.899	NA	15.341	15.636	NA	15.617
A0A0S2Z5P5	MCMBP	minichromosome maintenance complex binding protein	Homo sapiens	22.603	22.267	22.411	22.027	22.285	22.112	21.815	22.791	22.002	21.899	21.824	22.345	22.34	21.913	21.983
A8K1C7	LRRC8A	leucine rich repeat containing 8 VRAC subunit A	Homo sapiens	15.904	16.557	16.064	15.503	16.525	16.16	15.912	16.178	15.399	15.511	15.795	15.99	16.152	16.108	16.082
B4DR96	STAC	SH3 and cysteine rich domain	Homo sapiens	15.305	15.571	16.153	15.084	15.396	NA	NA	16.406	15.202	NA	NA	15.758	15.385	15.531	NA
A0A0K0VQ49	EDARADD	EDAR associated via death domain	Homo sapiens	16.472	15.787	NA	16.444	16.708	13.953	NA	14.551	NA	NA	15.133	15.124	NA	15.647	NA
A0A087WZQ7	NAPB	NSF attachment protein beta	Homo sapiens	20.14	20.495	20.194	NA	20.285	20.709	20.284	20.605	20.284	19.567	20.458	20.508	20.395	20.53	20.497
Q8N2I9	STK40	serine/threonine kinase 40	Homo sapiens	15.558	15.866	15.285	15.091	15.73	15.61	15.326	15.715	NA	15.521	15.413	15.977	NA	15.505	15.791
A0A126GW15	OR6C6	olfactory receptor family 6 subfamily C member 6	Homo sapiens	21.348	20.1	20.844	20.243	21.143	20.325	20.959	20.839	20.575	NA	20.96	20.557	NA	20.649	20.483
A8K0H4	FAM174A	family with sequence similarity 174 member A	Homo sapiens	16.449	16.094	16.719	16.276	16.471	16.061	16.355	16.842	16.321	NA	16.147	16.804	17.168	16.577	16.403
X6RM59	NT5C3A	5'-nucleotidase, cytosolic IIIA	Homo sapiens	15.638	15.836	15.936	15.834	15.808	16.362	NA	15.93	15.78	15.389	16.546	16.202	15.691	NA	16.039
B7ZMC8	BARHL1	BarH like homeobox 1	Homo sapiens	15.867	16.409	15.82	NA	15.702	17.383	16.919	18.029	16.795	16.641	15.066	15.983	15.896	15.718	14.867
Q6ZNT7	LOC124900993	uncharacterized LOC124900993	Homo sapiens	17.459	NA	16.895	NA	16.587	17.308	16.356	17.078	16.549	17.183	16.771	17.044	16.901	16.665	16.66
Q7Z614	SNX20	sorting nexin 20	Homo sapiens	18.178	18.128	18.067	18.551	19.024	18.813	18.052	18.686	18.186	18.561	17.562	18.308	18.363	18.375	18.551
O00237	RNF103	ring finger protein 103	Homo sapiens	15.465	NA	15.833	15.677	NA	15.611	16.224	16.273	15.862	15.92	15.836	16.179	15.567	NA	15.184
A0A669KBF5	TMEM30A	transmembrane protein 30A	Homo sapiens	18.044	17.815	17.565	17.402	NA	17.473	17.314	17.75	16.937	17.442	17.713	18.03	17.928	18.271	16.924
D3DQU3	MRPL17	mitochondrial ribosomal protein L17	Homo sapiens	14.105	14.13	NA	NA	NA	14.439	14.041	14.691	NA	13.846	16.145	16.004	NA	16	NA
A0A5F9ZHZ5	ARSL	arylsulfatase L	Homo sapiens	19.111	18.457	18.823	18.096	18.624	18.739	NA	18.708	18.154	18.708	NA	18.87	18.316	NA	18.315
H0YKI9	EFL1	elongation factor like GTPase 1	Homo sapiens	14.994	15.06	15.054	NA	15.258	14.989	NA	15.107	NA	14.935	15.489	14.555	15.55	14.97	14.407
B0UZT7	MUC21	mucin 21, cell surface associated	Homo sapiens	16.53	16.349	16.498	15.631	16.417	16.794	16.17	16.589	16.25	15.817	16.611	16.93	16.075	16.173	16.426
A2RRM9	RIMOC1	RAB7A interacting MON1-CCZ1 complex subunit 1	Homo sapiens	15.505	15.032	15.587	15.226	15.436	15.399	NA	16.13	15.242	15.138	NA	15.591	15.515	15.646	15.821
F1T0E9	LOC124906874	uncharacterized LOC124906874	Homo sapiens	11.065	NA	NA	NA	NA	NA	NA	NA	NA	NA	NA	NA	NA	NA	NA
F8VVR8	MYRFL	myelin regulatory factor like	Homo sapiens	NA	NA	NA	13.459	NA	13.581	14.084	NA	NA	NA	NA	NA	NA	NA	NA
Q9BPZ0	IL17RB	interleukin 17 receptor B	Homo sapiens	15.563	15.023	15.1	15.284	16.007	15.522	NA	15.986	15.051	14.921	15.225	15.82	15.455	15.672	NA
H3BLV4	SUSD1	sushi domain containing 1	Homo sapiens	15.834	16.162	15.725	14.995	15.59	15.854	15.326	15.627	15.513	15.591	15.891	15.558	16.308	15.629	14.781
A8K3E4	FGA	fibrinogen alpha chain	Homo sapiens	16.571	16.417	16.174	15.76	15.895	16.832	16.916	17.252	16.219	16.123	16.783	16.56	16.698	16.511	16.738
P17026	ZNF22	zinc finger protein 22	Homo sapiens	13.838	NA	13.335	NA	NA	NA	NA	13.764	NA	NA	12.701	NA	NA	13.808	NA
Q9GZT6	CCDC90B	coiled-coil domain containing 90B	Homo sapiens	16.144	17.064	15.96	15.564	NA	15.511	16.122	16.831	16.375	16.096	16.129	16.292	16.94	16.511	15.698
B3KUI2	TNFAIP8	TNF alpha induced protein 8	Homo sapiens	20.195	19.912	NA	19.9	NA	20.467	20.512	20.564	19.919	19.907	20.489	20.611	20.411	20.773	20.299
A0A8I5KHR1	GKN1	gastrokine 1	Homo sapiens	19.157	18.506	18.995	18.215	19.519	19.299	19.116	19.821	18.847	18.861	19.246	19.232	19.076	18.98	18.448
B2RBT7	RAB31	RAB31, member RAS oncogene family	Homo sapiens	19.377	19.461	19.788	19.076	19.295	19.256	19.327	19.953	19.525	18.67	19.785	19.433	19.291	19.193	19.029
A1L3Y2	INHBC	inhibin subunit beta C	Homo sapiens	NA	14.488	13.678	NA	14.606	14.646	NA	14.896	NA	NA	15.005	NA	14.653	14.354	NA
Q96NL1	TMEM74	transmembrane protein 74	Homo sapiens	19.471	19.493	19.512	19.013	NA	19.068	19.781	19.246	19.123	18.947	19.136	19.543	19.352	19.121	19.534
A0A3B3ISV5	LRRC57	leucine rich repeat containing 57	Homo sapiens	18.348	NA	17.645	17.615	18.465	17.336	18.157	18.611	18.086	18.083	18.438	17.963	18.395	18.079	17.655
B4DDM4	DYNC1LI1	dynein cytoplasmic 1 light intermediate chain 1	Homo sapiens	14.27	NA	NA	13.024	NA	13.654	NA	NA	13.339	NA	NA	13.947	NA	13.556	NA
B2RPM1	LOC124906743	beta-defensin 107	Homo sapiens	NA	15.719	15.815	15.333	15.672	15.663	15.7	16.169	14.922	15.312	15.63	15.839	15.729	15.542	NA
A0JLT2	MED19	mediator complex subunit 19	Homo sapiens	NA	NA	15.316	NA	NA	15.836	14.589	15.53	15.55	14.678	NA	15.684	14.958	15.582	16.057
P11047	LAMC1	laminin subunit gamma 1	Homo sapiens	16.673	16.53	16.758	16.176	17.392	16.575	17.087	16.943	16.747	16.499	16.97	16.737	17.113	17.313	NA
A8MWS7	KRTAP4-1	keratin associated protein 4-1	Homo sapiens	17.399	16.943	17.368	16.698	17.27	16.98	17.385	NA	17.334	17.744	16.962	17.144	17.397	17.403	17.472
H0YMV8	RPS27	ribosomal protein S27	Homo sapiens	18.032	18.235	17.99	17.468	18.57	19.52	19.599	20.254	19.175	19.166	18.325	18.838	18.168	18.325	17.625
C6KMR9	FOXC2	forkhead box C2	Homo sapiens	NA	NA	12.693	NA	NA	11.855	NA	12.736	NA	NA	NA	NA	11.96	NA	NA
A8K8N1	RNF216	ring finger protein 216	Homo sapiens	NA	15.549	14.541	14.642	NA	14.792	15.579	15.566	14.805	NA	14.506	NA	NA	15.252	NA
Q96MH7	C5orf34	chromosome 5 open reading frame 34	Homo sapiens	17.331	16.805	16.841	16.334	17.104	17.114	16.113	17.922	16.707	16.755	16.665	NA	16.784	17.236	17.12
A5PKV4	MADCAM1	mucosal vascular addressin cell adhesion molecule 1	Homo sapiens	15.071	14.669	15.439	15.318	14.967	15.093	15.346	15.812	15.262	14.911	NA	15.612	15.183	15.562	15.001
A0A096LP55	UQCRHL	ubiquinol-cytochrome c reductase hinge protein like	Homo sapiens	18.503	18.857	18.581	18.356	19.394	18.755	19.399	19.117	18.589	18.907	18.57	18.665	NA	18.936	18.776
Q53GF0	CMAS	cytidine monophosphate N-acetylneuraminic acid synthetase	Homo sapiens	18.378	17.695	17.903	17.875	17.756	15.501	15.256	16.088	14.614	15.529	17.993	17.497	18.108	17.735	18.262
E9PJ81	UBXN1	UBX domain protein 1	Homo sapiens	18.065	17.999	17.897	17.569	17.66	18.653	17.89	18.282	17.594	17.768	17.758	18.36	17.967	17.913	17.539
B7ZGX9	LOC128966645	putative ATP-dependent RNA helicase DDX12	Homo sapiens	17.76	17.933	18.064	17.247	18.115	18.216	17.898	18.04	17.637	17.191	17.857	18.343	17.949	17.651	18.002
Q7Z6Z6	PNPLA5	patatin like domain 5, triacylglycerol lipase	Homo sapiens	NA	NA	NA	NA	15.304	NA	13.631	14.832	14.062	NA	14.641	13.806	NA	14.372	NA
Q6IPW0	FAM193B	family with sequence similarity 193 member B	Homo sapiens	18.828	18.415	18.351	17.787	17.833	18.227	18.505	18.813	18.31	18.286	18.991	18.127	18.876	18.547	18.136
A8K096	GABRA6	gamma-aminobutyric acid type A receptor subunit alpha6	Homo sapiens	16.493	16.908	15.92	16.459	16.811	NA	NA	14.602	13.969	14.031	NA	15.555	NA	15.354	14.83
B0FXJ1	OPRM1	opioid receptor mu 1	Homo sapiens	NA	NA	12.048	NA	NA	NA	NA	NA	NA	NA	NA	11.204	NA	NA	NA
Q14088	RAB33A	RAB33A, member RAS oncogene family	Homo sapiens	14.672	14.418	14.332	13.709	NA	14.443	14.793	14.339	NA	14.002	14.595	NA	14.615	NA	NA
Q7Z7H5	TMED4	transmembrane p24 trafficking protein 4	Homo sapiens	15.165	NA	15.362	14.642	15.046	15.331	NA	15.881	15.445	14.135	15.291	15.739	15.238	NA	15.808
A0A075B738	PECAM1	platelet and endothelial cell adhesion molecule 1	Homo sapiens	17.01	17.678	17.046	17.23	17.108	16.854	17.248	17.146	16.846	17.4	16.923	18.115	NA	17.366	16.922
A0A126GVR1	OR7D4	olfactory receptor family 7 subfamily D member 4	Homo sapiens	16.541	15.542	15.57	15.486	16.012	NA	NA	16.276	15.447	15.231	15.891	16.475	NA	15.958	16.048
Q3KNW5	SLC10A6	solute carrier family 10 member 6	Homo sapiens	NA	NA	NA	14.079	14.852	NA	14.064	14.629	14.511	13.425	14.134	14.891	NA	14.468	14.47
Q3LI58	KRTAP21-1	keratin associated protein 21-1	Homo sapiens	NA	15.821	15.725	15.135	15.559	15.531	15.526	15.949	15.009	15.577	15.686	16.208	NA	15.358	15.321
Q8N5S9	CAMKK1	calcium/calmodulin dependent protein kinase kinase 1	Homo sapiens	19.279	19.063	19.054	18.679	19.418	19.092	18.604	18.637	19.376	18.624	21.22	21.588	21.243	21.366	20.61
Q2M2E4	DLEU7	deleted in lymphocytic leukemia 7	Homo sapiens	19.658	19.524	19.585	19.881	19.408	20.147	19.657	20.382	NA	19.662	19.543	20.977	19.802	19.807	NA
A6NMX0	MAGED2	MAGE family member D2	Homo sapiens	19.907	19.598	19.437	19.214	19.954	19.927	19.278	19.666	19.424	19.274	20.139	20.045	19.812	19.497	18.573
S5NU80	SCN5A	sodium voltage-gated channel alpha subunit 5	Homo sapiens	15.635	15.308	16.021	15.153	15.995	15.503	15.844	16.228	15.199	14.96	15.758	16.007	15.968	15.907	15.295
B0UY00	ZBTB12	zinc finger and BTB domain containing 12	Homo sapiens	16.212	16.051	16.079	15.764	15.787	15.969	16.454	16.518	15.948	16.42	18.31	18.33	18.588	18.58	18.225
Q2M3F7	GPR174	G protein-coupled receptor 174	Homo sapiens	17.695	NA	17.64	NA	17.768	17.051	18.185	18.129	16.879	17.094	17.525	17.605	17.769	17.424	17.574
Q1EHB4	SLC5A12	solute carrier family 5 member 12	Homo sapiens	18.307	18.672	18.505	18.275	18.242	18.17	18.128	19.136	18.461	18.628	18.445	18.49	18.374	18.298	18.169
A0A140VJE9	APLP2	amyloid beta precursor like protein 2	Homo sapiens	15.925	NA	NA	14.974	15.864	16.067	NA	15.975	15.23	NA	15.528	15.551	15.713	15.666	NA
P33947	KDELR2	KDEL endoplasmic reticulum protein retention receptor 2	Homo sapiens	15.456	16.11	16.355	NA	15.436	15.742	15.659	15.989	15.692	16.016	15.589	16.332	16.221	15.584	15.747
A0A3B3ITA1	RNF43	ring finger protein 43	Homo sapiens	NA	12.564	NA	NA	NA	NA	NA	13.581	NA	13.951	14.237	14.954	14.534	13.817	NA
Q67FW5	B3GNTL1	UDP-GlcNAc:betaGal beta-1,3-N-acetylglucosaminyltransferase like 1	Homo sapiens	18.283	17.858	18.455	16.963	17.572	20.903	20.957	21.072	20.035	19.916	19.396	18.799	19.008	19.244	18.686
A5LIN1	TNFRSF25	TNF receptor superfamily member 25	Homo sapiens	14.193	14.875	NA	14.797	13.887	NA	14.917	15.468	14.81	NA	NA	14.892	15.116	14.818	NA
Q02928	CYP4A11	cytochrome P450 family 4 subfamily A member 11	Homo sapiens	NA	NA	12.04	NA	12.58	NA	NA	NA	12.064	NA	NA	NA	NA	NA	NA
A0A494C1Q3	CCDC39	coiled-coil domain 39 molecular ruler complex subunit	Homo sapiens	12.025	NA	NA	NA	NA	NA	NA	NA	NA	NA	NA	NA	NA	NA	NA
Q03431	PTH1R	parathyroid hormone 1 receptor	Homo sapiens	17.797	17.822	NA	17.834	18.191	18.061	17.741	18.274	18.246	18.258	17.905	18.01	18.143	18.347	17.708
A0A0A0MSW7	PRR16	proline rich 16	Homo sapiens	NA	NA	14.449	14.319	14.822	14.99	NA	NA	14.585	14.417	14.868	14.943	14.585	14.938	14.217
B3KM38	BANP	BTG3 associated nuclear protein	Homo sapiens	16.226	16.081	NA	15.581	16.038	NA	16.472	16.353	16.434	15.288	NA	15.853	16.011	16.937	15.674
A0A0U1RQF7	DPEP2NB	DPEP2 neighbor	Homo sapiens	15.309	15.458	16.136	14.978	15.531	16.621	15.55	16.724	15.564	16.117	15.565	15.555	16.15	NA	15.82
A8K437	PCK1	phosphoenolpyruvate carboxykinase 1	Homo sapiens	14.951	14.853	NA	14.728	15.007	17.085	17.784	17.474	16.842	16.565	14.386	NA	14.811	NA	14.515
Q5JPK0	TAB3	TGF-beta activated kinase 1 (MAP3K7) binding protein 3	Homo sapiens	NA	NA	NA	NA	NA	NA	NA	NA	13.096	NA	13.733	NA	13.338	13.636	12.803
A0A6Q8PGT6	IGHMBP2	immunoglobulin mu DNA binding protein 2	Homo sapiens	15.068	15.56	15.683	14.789	15.583	15.603	15.012	16.168	15.286	15.296	15.396	15.701	NA	15.795	NA
A8K4C9	HELB	DNA helicase B	Homo sapiens	17.802	17.481	17.774	16.727	17.343	17.729	17.821	17.706	17.87	NA	17.414	17.835	17.674	17.876	17.18
B4DLI5	LAPTM5	lysosomal protein transmembrane 5	Homo sapiens	18.347	18.951	19.027	18.518	NA	21.21	20.636	21.604	20.905	21.411	18.064	19.048	19.36	18.691	18.096
A8K9N7	CFHR4	complement factor H related 4	Homo sapiens	16.533	NA	17.047	16.54	16.646	16.128	16.537	17.27	16.077	15.795	16.27	16.85	16.441	16.624	16.235
A6NEL2	SOWAHB	sosondowah ankyrin repeat domain family member B	Homo sapiens	16.896	16.809	16.63	16.201	16.624	16.795	17.142	17.057	17.036	16.826	17.163	17.568	16.835	17.4	17.056
Q8NA47	CCDC63	coiled-coil domain containing 63	Homo sapiens	17.761	17.569	17.461	17.096	17.802	17.743	17.647	18.076	17.194	17.357	17.929	18.379	17.18	17.467	17.626
H7BXI7	LYPD6B	LY6/PLAUR domain containing 6B	Homo sapiens	16.154	16.356	NA	15.991	16.257	NA	18.016	18.926	17.654	17.722	13.162	NA	NA	NA	13.294
A4D256	CDC14C	cell division cycle 14C	Homo sapiens	15.943	16.113	16.118	15.465	16.133	NA	13.328	14.173	NA	NA	16.113	16.492	15.835	16.302	15.285
A6H8X1	CDK5RAP2	CDK5 regulatory subunit associated protein 2	Homo sapiens	19.022	19.045	18.897	18.917	19.161	21.267	20.694	21.263	20.862	21.825	19.158	19.273	19.225	19.437	19.425
E9PE87	PARD3B	par-3 family cell polarity regulator beta	Homo sapiens	NA	NA	14.581	14.853	14.876	NA	14.639	15.507	14.49	NA	14.518	15.144	NA	15.199	14.407
A8K3H0	MFAP5	microfibril associated protein 5	Homo sapiens	16.446	15.91	16.207	15.894	16.895	16.122	16.069	16.666	16.194	15.891	NA	16.738	NA	16.805	16.031
B3KY79	KRT7	keratin 7	Homo sapiens	14.865	14.793	NA	14.842	14.803	15.057	NA	15.369	14.629	14.817	15.298	14.728	14.996	14.905	14.832
A0A804HIA4	FHAD1	forkhead associated phosphopeptide binding domain 1	Homo sapiens	15.363	14.545	14.471	14.432	14.987	14.863	14.715	15.458	15.047	14.337	NA	NA	15.089	15.756	14.233
P03999	OPN1SW	opsin 1, short wave sensitive	Homo sapiens	16.283	16.213	16.122	16.328	NA	16.8	16.174	16.795	15.99	16.073	15.899	16.273	16.37	16.184	NA
P09430	TNP1	transition protein 1	Homo sapiens	NA	13.115	13.294	NA	NA	NA	NA	NA	NA	NA	15.303	15.706	NA	15.761	15.532
A7E242	AKAP6	A-kinase anchoring protein 6	Homo sapiens	17.233	16.834	16.708	16.373	17.258	16.987	17.131	17.005	16.969	16.788	17.102	17.013	NA	17.188	16.987
A0S6W1	CTCFL	CCCTC-binding factor like	Homo sapiens	14.1	NA	NA	14.005	NA	14.034	14.418	14.779	14.414	NA	13.899	14.461	14.145	14.544	NA
Q86WR6	CHCT1	CHD1 helical C-terminal domain containing 1	Homo sapiens	17.068	17.104	16.989	16.389	NA	16.166	16.1	16.8	16.215	16.107	16.007	16.51	15.828	15.946	15.47
A0A8J9C2I7	PITX2	paired like homeodomain 2	Homo sapiens	17.913	18.328	18.493	17.739	18.043	18.091	18.029	18.9	18.187	18.113	NA	NA	18.519	18.545	18.572
A8MWT5	IMPG2	interphotoreceptor matrix proteoglycan 2	Homo sapiens	15.598	15.548	NA	14.89	14.859	14.388	NA	NA	14.882	15.049	15.219	15.137	15.032	15.692	NA
A0A0D9SF12	CCDC163	CCDC163 homolog	Homo sapiens	NA	NA	15.041	14.538	14.778	15.119	14.563	16.126	NA	NA	NA	15.026	14.974	15.299	NA
Q92541	RTF1	RTF1 homolog, Paf1/RNA polymerase II complex component	Homo sapiens	16.99	17.167	17.199	16.812	16.665	16.899	17.576	17.475	16.858	16.921	17.473	17.209	17.476	17.145	NA
A0A8J8YUZ5	PPFIA4	PTPRF interacting protein alpha 4	Homo sapiens	15.662	NA	15.412	15.23	15.257	15.542	15.237	15.53	14.889	NA	16.782	17.454	17.151	17.529	NA
B5MDW2	SNX29	sorting nexin 29	Homo sapiens	19.151	18.893	18.804	18.507	18.769	19.004	18.737	19.295	18.247	18.927	18.343	18.961	18.373	19.121	18.332
B4DF88	BHLHE22	basic helix-loop-helix family member e22	Homo sapiens	NA	NA	NA	NA	NA	NA	NA	NA	NA	NA	NA	13.317	12.906	NA	13.659
A1KYY9	WRN	WRN RecQ like helicase	Homo sapiens	17.504	16.948	16.416	16.567	NA	16.831	16.251	17.03	17.013	16.568	17.397	17.355	NA	16.835	NA
B3KVM2	DIRAS2	DIRAS family GTPase 2	Homo sapiens	NA	NA	12.152	11.302	NA	NA	NA	NA	NA	NA	NA	12.177	12.396	NA	NA
Q86T29	ZNF605	zinc finger protein 605	Homo sapiens	15.742	15.432	15.573	14.648	15.627	15.646	15.096	15.53	NA	NA	14.906	NA	15.434	15.749	15.113
A8K0S2	EIF3F	eukaryotic translation initiation factor 3 subunit F	Homo sapiens	14.727	14.92	15.147	14.22	15.186	15.005	14.94	15.131	14.668	NA	14.385	15.098	15.192	14.728	NA
Q53H10	RAD18	RAD18 E3 ubiquitin protein ligase	Homo sapiens	17.539	16.856	17.343	17.301	17.722	17.495	16.992	17.893	16.879	17.33	16.075	16.427	16.091	15.782	16.068
B4DE52	CRTAM	cytotoxic and regulatory T cell molecule	Homo sapiens	19.235	18.411	18.496	18.708	18.646	18.727	18.512	19.222	18.667	18.354	19.096	19.081	18.747	18.252	18.694
B2R4P1	CNIH1	cornichon family member 1	Homo sapiens	15.662	15.572	16.032	15.465	16.225	16.091	15.886	16.358	16.315	15.783	16.306	16.054	15.856	16.48	15.658
Q9H3S5	PIGM	phosphatidylinositol glycan anchor biosynthesis class M	Homo sapiens	13.703	NA	NA	NA	13.778	NA	NA	14.533	NA	NA	NA	14.489	NA	NA	NA
Q5T0B9	ZNF362	zinc finger protein 362	Homo sapiens	18.275	18.121	18.209	18.19	18.074	18.515	18.334	19.002	17.701	NA	18.769	19.243	18.556	18.522	17.862
A0A087WZB2	TYW1B	tRNA-yW synthesizing protein 1 homolog B	Homo sapiens	14.038	NA	13.911	12.924	NA	NA	NA	NA	NA	NA	NA	NA	14.26	13.694	13.852
A8K0P8	UTP25	UTP25 small subunit processome component	Homo sapiens	15.821	15.621	15.609	15.618	15.308	16.178	15.803	16.779	15.724	15.416	15.871	16.528	15.92	15.654	15.447
B2R5A4	PHLDA3	pleckstrin homology like domain family A member 3	Homo sapiens	NA	19.664	19.252	19.415	19.443	19.774	19.087	20.149	19.285	19.022	NA	19.973	19.091	19.345	19.481
A8K4V8	S100A10	S100 calcium binding protein A10	Homo sapiens	15.636	15.725	15.539	15.137	15.889	15.677	15.228	16.072	15.293	14.956	15.425	16.811	14.825	15.802	15.33
B4DKF9	ZNF286A	zinc finger protein 286A	Homo sapiens	NA	18.531	18.498	18.624	18.477	18.638	18.707	19.013	19.066	NA	19.094	18.814	18.194	18.792	18.171
A0A0K0K1J1	CST3	cystatin C	Homo sapiens	18.69	19.437	18.922	19.375	18.929	19.441	19.002	19.322	18.816	18.477	18.628	18.826	19.282	18.956	18.179
A0A7D5BUS2	KIR2DL2	killer cell immunoglobulin like receptor, two Ig domains and long cytoplasmic tail 2	Homo sapiens	18.86	18.214	17.875	18.33	18.12	18.119	18.364	18.722	NA	18.087	NA	NA	18.169	18.005	17.974
Q59FA2	SRSF1	serine and arginine rich splicing factor 1	Homo sapiens	NA	13.016	NA	NA	NA	NA	12.858	NA	NA	NA	NA	13.13	13.333	13.61	12.999
B3KWM3	MYRIP	myosin VIIA and Rab interacting protein	Homo sapiens	15.892	15.793	15.919	15.414	15.776	16.039	15.928	16.061	NA	15.949	15.617	15.967	15.332	16.139	15.526
A0A5S6SZ32	PRIMPOL	primase and DNA directed polymerase	Homo sapiens	NA	13.474	NA	NA	NA	NA	NA	NA	NA	NA	12.839	13.114	13.205	13.447	NA
B4DUR5	MTBP	MDM2 binding protein	Homo sapiens	NA	NA	11.896	NA	NA	NA	NA	NA	NA	NA	NA	NA	NA	NA	NA
O15219	HOXC10	homeobox C10	Homo sapiens	15.518	15.545	15.378	15.265	NA	15.614	15.089	16.191	15.38	15.017	15.084	15.881	15.302	15.41	14.944
Q59EN5	PSAP	prosaposin	Homo sapiens	14.927	14.214	14.942	14.159	14.908	15.096	NA	15.966	14.736	NA	15.097	14.601	14.63	NA	15.033
Q9UK61	TASOR	transcription activation suppressor	Homo sapiens	15.927	15.828	16.014	15.973	16.276	16.308	16.188	16.662	15.861	15.767	15.249	16.382	NA	16.149	15.938
D3DQL1	PANK3	pantothenate kinase 3	Homo sapiens	18.853	18.643	18.689	18.589	18.755	19.189	18.488	19.252	18.555	18.735	18.704	19.174	18.568	18.668	18.43
B3KN01	DZIP3	DAZ interacting zinc finger protein 3	Homo sapiens	15.452	15.001	15.309	14.895	NA	15.433	15.011	15.856	14.817	NA	15.287	15.201	NA	15.483	14.782
G3V1P3	BORCS5	BLOC-1 related complex subunit 5	Homo sapiens	NA	14.058	13.667	13.874	14.515	NA	NA	NA	NA	12.057	13.027	12.923	NA	12.885	13.219
A0A024RB53	HNRNPA1	heterogeneous nuclear ribonucleoprotein A1	Homo sapiens	17.701	17.45	17.072	17.507	NA	17.41	17.083	18.164	17.596	17.656	17.577	17.838	NA	17.699	17.5
Q540R4	LOC124905625	testis-specific Y-encoded protein 3	Homo sapiens	17.028	17.124	17.467	16.429	17.584	17.118	NA	17.994	17.21	17.228	NA	16.655	16.989	17.47	16.982
A0A0S2Q0B1	ARID1A	AT-rich interaction domain 1A	Homo sapiens	NA	NA	13.598	NA	13.512	13.244	13.072	NA	NA	NA	13.446	NA	NA	14.033	NA
O75795	UGT2B17	UDP glucuronosyltransferase family 2 member B17	Homo sapiens	15.814	NA	15.675	15.187	15.283	16.093	15.41	16.076	15.628	14.932	15.46	15.952	14.906	15.943	15.484
A0A140VKB6	SPATA19	spermatogenesis associated 19	Homo sapiens	NA	14.663	14.368	14.265	14.126	14.876	NA	15.028	14.249	14.428	14.546	15.333	14.907	NA	14.481
A6NIC5	NEK8	NIMA related kinase 8	Homo sapiens	14.459	13.941	NA	NA	NA	14.62	13.838	15.298	NA	NA	14.409	14.377	NA	NA	14.5
A7E2X9	SHROOM4	shroom family member 4	Homo sapiens	16.135	15.683	16.462	16.316	16.507	16.152	16.14	16.911	16.32	16.02	NA	NA	16.197	16.854	16.117
B4DGY6	NDFIP2	Nedd4 family interacting protein 2	Homo sapiens	15.955	15.01	15.108	14.572	15.391	15.739	NA	15.807	15.371	14.688	15.179	15.722	14.863	15.341	15.393
B4DT52	AQP9	aquaporin 9	Homo sapiens	12.956	NA	12.989	NA	NA	12.561	NA	NA	NA	NA	NA	12.62	NA	13.041	12.856
A7YA96	GGCX	gamma-glutamyl carboxylase	Homo sapiens	14.88	15.13	14.6	13.942	NA	14.436	14.778	14.947	NA	NA	14.988	14.667	14.857	15.165	NA
A0A669KBH5	SNCA	synuclein alpha	Homo sapiens	NA	NA	NA	11.692	NA	NA	NA	12.272	NA	NA	NA	NA	NA	NA	NA
B4DIK0	MRAS	muscle RAS oncogene homolog	Homo sapiens	14.465	14.056	14	13.69	NA	13.459	NA	14.874	14.325	14.243	NA	14.683	14.864	14.702	13.932
A0A024QZ77	EFHD2	EF-hand domain family member D2	Homo sapiens	17.07	17.372	16.986	16.517	16.759	17.692	17.256	NA	16.939	17.225	16.976	17.642	18.059	17.049	16.919
A6PVL6	DCDC1	doublecortin domain containing 1	Homo sapiens	14.922	NA	15.022	NA	NA	15	NA	15.178	14.237	NA	NA	14.702	NA	14.927	14.244
A0A126GVI0	OR8U3	olfactory receptor family 8 subfamily U member 3	Homo sapiens	14.989	15.194	NA	14.621	15.411	NA	15.33	15.279	14.865	14.711	14.781	15.902	15.156	15.388	14.913
A8K882	RAE1	ribonucleic acid export 1	Homo sapiens	18.486	17.641	18.446	17.679	17.647	NA	17.965	18.617	17.723	17.78	16.777	17.722	17.41	17.784	16.976
X5DNG0	CADPS2	calcium dependent secretion activator 2	Homo sapiens	17.351	17.515	17.462	17.07	NA	17.429	17.173	NA	17.56	17.162	17.309	17.514	16.98	17.711	16.869
B9EH38	OR52E8	olfactory receptor family 52 subfamily E member 8	Homo sapiens	15.859	15.967	15.255	15.256	15.507	NA	15.357	NA	15.424	15.618	15.903	15.867	16.067	15.712	15.101
A0A0C4DFX5	OR51T1	olfactory receptor family 51 subfamily T member 1	Homo sapiens	15.863	15.218	15.048	15.09	NA	15.167	NA	16.181	15.037	15.677	15.114	15.666	NA	15.249	15.147
A0A0K0K1J0	WFDC8	WAP four-disulfide core domain 8	Homo sapiens	14.812	14.73	NA	13.831	14.397	14.43	NA	14.382	13.414	NA	NA	NA	NA	14.909	14.341
Q9H6X4	TMEM134	transmembrane protein 134	Homo sapiens	20.431	20.264	19.981	19.725	20.372	20.23	19.484	NA	19.56	19.593	19.567	20.197	20.33	20.2	19.511
A3KMP9	CFAP69	cilia and flagella associated protein 69	Homo sapiens	19.663	19.848	19.447	19.36	19.534	19.9	19.717	19.34	18.885	NA	19.27	NA	19.81	19.658	19.494
Q8IZ69	TRMT2A	tRNA methyltransferase 2 homolog A	Homo sapiens	14.322	13.755	NA	14.237	NA	14.664	NA	14.677	14.4	14.081	15.066	14.491	14.671	14.613	14.138
B2R7Q4	PLAAT3	phospholipase A and acyltransferase 3	Homo sapiens	15.683	15.925	15.562	15.79	16.395	15.978	16.256	15.756	15.667	15.537	15.987	15.92	14.942	16.234	15.566
A0A087X0F7	RIBC2	RIB43A domain with coiled-coils 2	Homo sapiens	18.071	18.299	18.297	17.387	NA	20.673	20.293	20.953	20.642	20.879	16.68	16.554	16.138	17.102	16.284
A0A0A6YYL1	ST20-MTHFS	ST20-MTHFS readthrough	Homo sapiens	17.619	17.46	16.876	NA	17.832	17.773	17.791	17.795	17.382	17.553	17.437	17.314	17.605	17.656	17.537
B7Z5L4	SEZ6L2	seizure related 6 homolog like 2	Homo sapiens	16.683	16.69	16.878	NA	17.061	16.938	16.688	17.087	NA	16.308	16.578	16.881	17.047	NA	17.239
A6NC65	SEPTIN8	septin 8	Homo sapiens	NA	12.583	NA	NA	NA	NA	NA	NA	NA	NA	NA	13.045	12.332	NA	NA
A0A384NL74	RBM34	RNA binding motif protein 34	Homo sapiens	14.731	14.683	NA	NA	14.796	NA	14.444	15.156	14.061	13.871	14.646	14.825	14.008	14.856	NA
A4QPH3	CCT8L2	chaperonin containing TCP1 subunit 8 like 2	Homo sapiens	18.758	18.26	18.898	18.394	NA	18.354	18.413	19.159	18.265	18.642	17.936	18.17	18.359	18.834	18.458
Q96K18	NKIRAS1	NFKB inhibitor interacting Ras like 1	Homo sapiens	NA	NA	NA	NA	NA	NA	NA	NA	NA	NA	NA	NA	NA	12.445	NA
O14598	VCY1B	variable charge Y-linked 1B	Homo sapiens	17.44	16.436	16.542	16.759	16.805	16.03	16.756	17.479	16.498	16.322	16.629	16.43	16.514	16.97	16.17
A0A804HI95	ACTN2	actinin alpha 2	Homo sapiens	16.624	15.965	16.029	NA	16.036	16.285	16.021	16.789	16.064	15.769	18.019	17.79	NA	17.733	17.264
A0A140T9Z0	UGT2A1	UDP glucuronosyltransferase family 2 member A1 complex locus	Homo sapiens	17.37	17.655	17.584	17.267	17.64	17.916	17.748	17.795	17.507	17.383	17.975	17.929	17.923	17.559	17.39
A0A994J542	SEC23IP	SEC23 interacting protein	Homo sapiens	18.044	17.349	17.298	17.296	17.396	17.823	17.466	18.122	17.712	17.372	17.631	18.095	17.692	17.877	17.442
C4AM86	KRT35	keratin 35	Homo sapiens	17.725	16.873	17.133	16.873	NA	17.962	17.234	17.178	17.133	16.899	17.5	17.622	16.874	17.888	16.953
A0A140VJG8	COMT	catechol-O-methyltransferase	Homo sapiens	16.81	16.816	16.006	16.022	17.001	16.657	16.238	17.409	16.409	16.034	16.482	17.204	16.677	16.888	16.522
B2RPQ4	FAM72C	family with sequence similarity 72 member C	Homo sapiens	16.569	15.699	15.769	15.298	16.304	16.321	NA	16.649	15.677	14.865	15.685	16.099	15.958	16.11	NA
A8K7G1	CCDC22	CCC complex scaffolding subunit CCDC22	Homo sapiens	NA	14.018	14.057	NA	NA	NA	NA	NA	NA	NA	NA	13.858	14.388	NA	NA
Q86WU2	LDHD	lactate dehydrogenase D	Homo sapiens	NA	14.944	NA	14.744	14.921	15.381	14.772	15.239	13.816	NA	14.861	14.546	15.397	15.272	14.729
B3KPR4	CSRNP3	cysteine and serine rich nuclear protein 3	Homo sapiens	20.608	19.685	19.187	19.76	19.798	20.065	19.713	20.239	19.413	19.442	19.552	19.668	19.725	19.95	20.265
A0PJT7	H3C7	H3 clustered histone 7	Homo sapiens	18.435	17.472	17.402	17.712	17.745	17.578	17.583	19.01	17.632	17.491	18.136	18.042	18.248	18.349	17.635
B4DWJ7	THEM6	thioesterase superfamily member 6	Homo sapiens	17.279	16.687	17.787	17.323	17.259	17.092	17.164	17.725	17.084	16.315	16.99	17.357	17.343	16.799	17.674
C9JDC8	OGFOD3	2-oxoglutarate and iron dependent oxygenase domain containing 3	Homo sapiens	14.166	14.902	15.138	14.537	NA	14.573	NA	NA	14.08	NA	14.399	14.579	NA	14.682	14.682
Q8N344	MIER2	MIER family member 2	Homo sapiens	16.287	16.093	16.253	15.745	16.44	16.068	NA	15.818	15.733	15.313	15.913	15.658	16.506	16.009	15.89
E9PBY4	DNASE1L2	deoxyribonuclease 1 like 2	Homo sapiens	15.056	15.028	14.652	14.073	NA	14.854	14.366	15.108	14.555	14.659	14.561	15.099	15.012	14.668	14.188
Q0P5P5	C1orf141	chromosome 1 open reading frame 141	Homo sapiens	NA	14.702	15.363	14.705	15.22	15.261	14.71	NA	15.174	15.529	15.09	14.873	15.17	15.45	15.312
A0A080YUZ6	LYZL6	lysozyme like 6	Homo sapiens	17.966	17.944	18.078	17.997	18.139	18.233	17.714	18.926	17.774	17.763	18.471	18.248	17.744	NA	17.705
B4DVJ2	TRIM17	tripartite motif containing 17	Homo sapiens	17.678	17.607	17.217	17.561	17.172	17.782	17.813	18.075	17.529	17.553	17.383	NA	17.364	17.302	17.02
Q96A44	SPSB4	splA/ryanodine receptor domain and SOCS box containing 4	Homo sapiens	16.145	15.504	15.153	14.159	15.548	15.373	NA	16.135	15.442	14.885	14.68	15.333	15.218	16.03	NA
B8QGS9	PKP2	plakophilin 2	Homo sapiens	15.116	14.63	15.551	15.266	15.389	15.267	14.499	15.477	15.205	NA	15.251	15.364	15.232	NA	15.456
A8K8Z8	ARMH4	armadillo like helical domain containing 4	Homo sapiens	16.63	16.592	16.749	16.875	16.806	16.873	17.098	17.525	17.234	16.521	16.681	16.496	16.942	16.933	16.217
A8K4B5	BTN3A2	butyrophilin subfamily 3 member A2	Homo sapiens	14.528	14.807	14.773	14.307	14.632	15.345	NA	NA	NA	13.724	14.386	14.806	14.848	NA	NA
O95030	RHOXF1	Rhox homeobox family member 1	Homo sapiens	17.223	16.804	17.171	17.664	17.453	17.538	17.238	18.406	17.238	17.215	17.241	17.964	17.614	17.559	17.637
B2RCJ3	NXPH1	neurexophilin 1	Homo sapiens	17.88	17.304	17.516	17.498	17.387	17.516	17.558	18.112	17.222	17.306	17.878	17.599	18.209	17.86	NA
B2RXB8	BLOC1S3	biogenesis of lysosomal organelles complex 1 subunit 3	Homo sapiens	16.383	16.181	16.624	15.84	16.71	15.973	15.941	16.863	16.066	16.537	NA	16.599	16.399	16.469	15.709
B2R6H3	KIF18A	kinesin family member 18A	Homo sapiens	NA	13.453	NA	NA	NA	NA	NA	13.583	13.057	NA	NA	NA	NA	NA	NA
O96009	NAPSA	napsin A aspartic peptidase	Homo sapiens	NA	14.073	13.479	13.03	14.291	NA	NA	NA	NA	NA	NA	13.821	13.932	NA	NA
H3BUJ7	E4F1	E4F transcription factor 1	Homo sapiens	15.718	14.995	15.766	14.828	15.768	15.768	15.493	15.956	15.521	15.206	15.869	15.588	15.787	15.527	15.201
A0A384DVW2	CACNA1A	calcium voltage-gated channel subunit alpha1 A	Homo sapiens	17.828	17.611	18.282	17.543	19.35	18.133	18.595	18.899	18.477	18.552	18.1	19.265	18.456	18.922	18.786
Q6ZZB5	AIPL1	AIP like 1 HSP90 co-chaperone	Homo sapiens	15.942	15.717	NA	15.237	15.641	NA	16.345	16.291	15.418	15.524	15.732	15.783	15.619	15.446	15.703
P12882	MYH1	myosin heavy chain 1	Homo sapiens	13.835	13.933	13.508	12.944	NA	13.087	NA	13.148	NA	NA	12.929	13.967	13.426	13.514	NA
A0A126GW54	OR2AG2	olfactory receptor family 2 subfamily AG member 2	Homo sapiens	15.046	NA	NA	14.645	15.718	16.648	16.2	16.78	15.654	15.692	14.884	NA	NA	NA	NA
Q15172	PPP2R5A	protein phosphatase 2 regulatory subunit B'alpha	Homo sapiens	15.902	15.691	15.373	NA	15.866	16.295	NA	15.446	15.021	14.985	15.522	15.769	15.921	15.522	15.172
B4DU97	SLC25A17	solute carrier family 25 member 17	Homo sapiens	14.164	NA	NA	13.874	14.483	14.112	13.92	NA	14.297	13.858	13.936	NA	13.835	14.365	13.661
K7ER95	MAP4K1	mitogen-activated protein kinase kinase kinase kinase 1	Homo sapiens	14.062	14.303	NA	13.878	13.913	14.054	NA	NA	14.292	NA	13.995	NA	14.213	14.286	13.872
E7EPK6	RPS24	ribosomal protein S24	Homo sapiens	16.84	17.267	16.58	16.644	16.786	16.757	17.431	17.474	16.649	16.316	17.212	17.035	NA	17.175	16.708
A0AAG2TNP7	LOC124906752	putative protein FAM90A13P	Homo sapiens	NA	NA	NA	12.902	NA	NA	NA	NA	NA	NA	15.388	15.182	NA	15.303	14.554
A6NCW2	SNURF	SNRPN upstream open reading frame	Homo sapiens	15.07	14.66	14.588	NA	NA	16.949	17.016	17.875	16.49	16.95	17.314	17.11	17.032	17.327	17.066
Q6ZTI6	ZNF664-RFLNA	ZNF664-RFLNA readthrough	Homo sapiens	18.677	17.934	17.544	17.144	18.494	17.789	17.787	19.021	18.031	17.373	NA	18.61	18.437	18.096	18.076
B8ZZ47	IMP4	IMP U3 small nucleolar ribonucleoprotein 4	Homo sapiens	18.301	18.642	18.659	18.237	19.352	20.827	20.763	21.035	20.318	20.501	18.786	18.645	18.679	18.953	18.791
Q12996	CSTF3	cleavage stimulation factor subunit 3	Homo sapiens	NA	14.749	NA	NA	14.106	16.726	16.284	17.017	15.587	NA	NA	15.359	NA	NA	NA
A2RRD8	ZNF320	zinc finger protein 320	Homo sapiens	16.678	16.207	15.921	15.894	16.685	18.62	18.42	18.982	18.523	18.565	16.785	16.803	16.885	16.65	15.944
M0QWZ7	SARS2	seryl-tRNA synthetase 2, mitochondrial	Homo sapiens	18.339	17.821	17.456	17.371	17.64	16.246	15.972	16.708	16.477	15.858	17.362	18.122	17.968	18.638	17.657
B2RA81	NOG	noggin	Homo sapiens	16.529	16.879	16.431	15.965	16.274	15.706	16.422	16.561	15.834	15.779	16.216	16.241	16.402	16.35	NA
Q6PJY6	PACS1	phosphofurin acidic cluster sorting protein 1	Homo sapiens	18.86	19.384	19.133	19.066	19.432	19.214	18.652	19.766	18.978	18.947	18.9	19.949	18.865	19.634	18.946
P19105	MYL12A	myosin light chain 12A	Homo sapiens	17.507	17.796	17.228	16.708	17.97	17.84	17.247	17.932	17.149	17.311	17.168	17.964	17.761	18.043	17.144
Q96DC7	TMCO6	transmembrane and coiled-coil domains 6	Homo sapiens	NA	19.724	19.183	NA	18.69	20.127	20.05	19.917	19.646	19.338	20.128	19.912	20.015	19.803	19.51
Q7LC54	NMUR2	neuromedin U receptor 2	Homo sapiens	19.992	NA	19.34	19.2	19.338	19.276	18.895	19.552	19.637	19.358	19.549	19.708	NA	NA	18.913
Q9H4T2	ZSCAN16	zinc finger and SCAN domain containing 16	Homo sapiens	NA	14.914	15.578	15.688	15.788	NA	15.256	15.843	15.033	16.132	15.358	16.416	16.338	15.856	15.246
A8K6R5	RADX	RPA1 related single stranded DNA binding protein, X-linked	Homo sapiens	14.088	NA	NA	13.331	13.63	NA	NA	NA	NA	NA	NA	12.586	NA	NA	NA
Q2M1I2	C9orf50	chromosome 9 open reading frame 50	Homo sapiens	14.259	14.095	NA	NA	13.93	NA	NA	NA	NA	NA	NA	NA	13.598	NA	13.426
A8K2U1	EOGT	EGF domain specific O-linked N-acetylglucosamine transferase	Homo sapiens	18.564	18.28	17.529	17.962	17.722	17.947	18.71	18.305	18.044	17.702	NA	19.15	17.89	18.619	18.204
A0AV43	JAG1	jagged canonical Notch ligand 1	Homo sapiens	18.278	17.977	17.908	17.849	18.056	18.455	17.598	17.951	17.996	18.116	NA	18.063	18.212	17.101	18.325
B1N8M6	LOC124900571	killer cell immunoglobulin-like receptor 2DS1	Homo sapiens	14.65	NA	NA	14.317	15.147	NA	14.411	NA	14.536	15.033	17.162	17.744	17.373	17.455	16.986
P80108	GPLD1	glycosylphosphatidylinositol specific phospholipase D1	Homo sapiens	15.963	15.513	14.738	15.76	15.554	15.628	NA	16.129	15.193	15.693	15.318	15.157	15.371	NA	15.167
A1L411	VN1R2	vomeronasal 1 receptor 2	Homo sapiens	10.51	NA	NA	NA	NA	NA	NA	NA	NA	NA	NA	NA	NA	NA	NA
B4DLE8	CRYBG3	crystallin beta-gamma domain containing 3	Homo sapiens	NA	17.456	18.386	18.079	18.078	16.995	16.093	17.211	NA	NA	18.289	18.5	18.025	18.065	17.75
C9JCR4	FRA10AC1	FRA10A associated CGG repeat 1	Homo sapiens	16.035	15.848	16.208	15.528	15.77	15.853	NA	15.956	16.06	15.817	15.639	16.31	15.884	16.189	NA
A0A024RA38	KBTBD2	kelch repeat and BTB domain containing 2	Homo sapiens	19.226	19.404	19.584	18.756	18.152	19.594	19.018	19.457	19.381	19.151	18.376	18.956	19.593	19.139	18.842
Q7L5U3	TP53I13	tumor protein p53 inducible protein 13	Homo sapiens	18.929	19.018	19.024	18.89	19.563	19.182	18.846	19.712	18.812	18.147	18.715	19.425	19.144	18.565	18.34
B7Z6H0	SCAP	SREBF chaperone	Homo sapiens	16.2	15.565	16.349	15.337	15.708	NA	16.422	16.869	15.747	15.98	16.295	16.305	16.13	16.399	15.537
Q4LE74	MYO9B	myosin IXB	Homo sapiens	14.787	14.677	14.25	14.454	14.579	15.181	14.371	15.639	14.511	14.878	14.192	NA	14.864	14.814	NA
Q68CV7	SPINDOC	spindlin interactor and repressor of chromatin binding	Homo sapiens	14.064	13.544	13.998	NA	13.923	14.282	13.614	NA	NA	NA	14.23	13.894	NA	NA	NA
A0A1U9X8J0	SKIC2	SKI2 subunit of superkiller complex	Homo sapiens	NA	14.037	13.857	NA	13.335	13.254	NA	NA	13.195	NA	NA	NA	NA	NA	NA
A0A0G2JP35	TBC1D3L	TBC1 domain family member 3L	Homo sapiens	20.837	20.825	20.558	19.944	20.69	20.514	21.002	NA	20.208	20.512	20.146	21.032	20.588	21.004	20.478
A0A024R040	OXCT1	3-oxoacid CoA-transferase 1	Homo sapiens	13.604	13.608	13.122	13.607	NA	NA	NA	14.69	NA	NA	NA	NA	NA	13.71	13.214
A0AAG2TI18	LOC124906410	ubiquitin carboxyl-terminal hydrolase 17-like protein 22	Homo sapiens	19.194	18.698	19.051	18.508	19.179	18.781	18.24	19.35	NA	18.568	18.282	18.78	18.571	17.83	19.105
Q5VWJ9	SNX30	sorting nexin family member 30	Homo sapiens	15.696	15.639	15.931	15.306	16.042	15.864	15.552	16.617	15.822	16.347	15.742	15.909	16.058	16.123	15.972
B2RDW1	RPS27A	ribosomal protein S27a	Homo sapiens	16.091	16.123	16.05	16.465	16.71	16.359	16.294	16.669	16.124	NA	15.983	16.323	16.801	16.822	16.137
A0A140VK65	ATP6V1B2	ATPase H+ transporting V1 subunit B2	Homo sapiens	15.339	14.902	15.055	14.545	14.991	14.846	14.91	16.173	14.768	14.265	15.289	15.155	15.478	NA	15.218
P61088	UBE2N	ubiquitin conjugating enzyme E2 N	Homo sapiens	16.893	16.935	16.452	17.014	16.971	17.311	16.767	17.089	16.499	17.04	17.15	17.235	16.737	17.087	17.129
C9IZK4	MPP4	MAGUK p55 scaffold protein 4	Homo sapiens	15.419	14.853	15.539	15.102	14.98	15.416	14.763	15.428	15.165	NA	15.355	15.184	14.746	15.579	15.202
K7ER89	ERCC1	ERCC excision repair 1, endonuclease non-catalytic subunit	Homo sapiens	18.913	18.89	19	18.329	18.462	19.322	18.994	20.019	18.604	NA	19.277	19.259	18.862	19.046	18.71
Q96EQ0	SGTB	small glutamine rich tetratricopeptide repeat co-chaperone beta	Homo sapiens	16.219	15.625	16.022	15.934	16.172	16.36	16.615	16.407	15.869	NA	13.717	NA	14.057	NA	NA
A0A087WT05	PCDHGA4	protocadherin gamma subfamily A, 4	Homo sapiens	18.339	18.183	18.261	17.786	17.74	17.921	17.819	18.987	18.197	18.301	17.826	18.021	18.501	17.881	18.449
Q6ZMU5	TRIM72	tripartite motif containing 72	Homo sapiens	15.601	16.12	15.457	15.795	15.325	15.87	15.76	16.335	15.774	15.334	15.865	16.38	15.952	15.89	16.241
D6R9Z7	COX7C	cytochrome c oxidase subunit 7C	Homo sapiens	15.006	15.544	15.571	15.06	15.807	15.798	15.268	15.55	15.119	NA	NA	14.259	NA	NA	NA
O96001	PPP1R17	protein phosphatase 1 regulatory subunit 17	Homo sapiens	15.799	15.691	15.844	15.234	15.729	15.103	15.322	16.279	15.367	NA	15.78	15.683	15.661	15.953	15.595
A4FU77	SNRNP200	small nuclear ribonucleoprotein U5 subunit 200	Homo sapiens	NA	NA	13.906	13.89	14.194	NA	13.491	14.193	NA	NA	13.702	NA	NA	NA	NA
P56750	CLDN17	claudin 17	Homo sapiens	16.4	16.579	17.148	16.166	16.323	17.001	16.82	16.717	16.138	16.135	16.87	17.428	16.694	16.932	16.619
A0A0K0K1K3	ADCY8	adenylate cyclase 8	Homo sapiens	NA	15.111	NA	NA	15.062	NA	14.612	15.297	NA	14.58	15.161	NA	NA	15.093	15.041
P01286	GHRH	growth hormone releasing hormone	Homo sapiens	16.932	16.437	16.765	16.448	17.159	16.969	16.813	17.11	NA	16.1	17.347	16.461	16.501	17.166	16.595
Q2QGD7	ZXDC	ZXD family zinc finger C	Homo sapiens	17.109	15.953	15.97	16.066	16.121	16.547	16.035	16.807	15.853	16.644	16.232	NA	NA	16.483	16.648
A6NHD2	PTCD3	pentatricopeptide repeat domain 3	Homo sapiens	16.747	16.34	16.488	16.459	17.113	16.645	17.224	17.226	16.779	NA	NA	14.643	14.138	14.236	13.909
P17027	ZNF23	zinc finger protein 23	Homo sapiens	17.909	17.832	17.887	17.583	17.992	17.748	17.819	17.43	17.304	17.582	19.729	20.512	19.895	20.254	19.507
A8K3N0	PHOX2A	paired like homeobox 2A	Homo sapiens	15.222	NA	15.05	15.15	14.815	15.155	15.087	15.32	15.007	14.639	14.79	15.179	15.366	NA	NA
Q9BW11	MXD3	MAX dimerization protein 3	Homo sapiens	15.454	15.311	15.068	15.057	16.305	16.075	15.85	16.001	15.587	14.831	15.31	16.105	16.16	15.735	15.528
Q96G46	DUS3L	dihydrouridine synthase 3 like	Homo sapiens	18.289	18.672	17.864	18.698	18.909	16.586	16.9	16.873	16.673	15.949	18.775	19.041	19.137	19.882	18.658
Q2M396	BMF	Bcl2 modifying factor	Homo sapiens	NA	15.528	NA	15.441	15.994	16.005	15.489	NA	14.938	14.743	15.221	15.764	NA	15.493	15.642
B2R940	PAX9	paired box 9	Homo sapiens	21.199	20.698	20.33	20.349	20.465	20.71	20.067	20.714	20.604	20.19	20.604	20.753	20.967	20.895	20.229
Q9ULG6	CCPG1	cell cycle progression 1	Homo sapiens	18.664	NA	18.325	18.612	18.506	17.926	18.498	19.284	18.119	18.444	18.629	19.106	18.835	18.65	18.222
B2R6E3	ANGPT2	angiopoietin 2	Homo sapiens	NA	NA	13.834	NA	NA	13.87	13.684	14.689	12.992	NA	14.006	14.435	NA	14.154	13.577
C9J1C2	LRIT3	leucine rich repeat, Ig-like and transmembrane domains 3	Homo sapiens	17.59	17.207	16.928	17.247	17.177	19.884	18.698	19.802	19.377	18.86	16.567	17.165	17.176	17.401	16.591
B1ANJ4	PARP1	poly(ADP-ribose) polymerase 1	Homo sapiens	18.487	18.05	18.794	17.362	18.709	18.788	17.933	18.698	17.972	NA	17.716	18.64	18.037	19.04	18.305
O95439	CCNE2	cyclin E2	Homo sapiens	17.72	17.41	16.907	16.745	17.269	16.858	NA	18.066	16.678	17.135	16.999	17.75	17.496	17.244	17.338
L8B8F6	BCL11B	BCL11 transcription factor B	Homo sapiens	NA	13.762	13.747	NA	NA	14.354	NA	13.868	13.461	13.19	NA	NA	14.267	13.578	NA
Q9UJX4	ANAPC5	anaphase promoting complex subunit 5	Homo sapiens	16.267	15.344	15.843	16.025	15.876	19.239	18.082	18.807	18.271	18.034	15.587	16.464	15.596	16.667	15.932
A8K050	PGLYRP2	peptidoglycan recognition protein 2	Homo sapiens	13.674	NA	NA	NA	NA	NA	13.897	14.238	NA	NA	NA	NA	13.627	NA	NA
B7ZGX9	LOC124908103	putative ATP-dependent RNA helicase DDX12	Homo sapiens	NA	NA	NA	NA	NA	NA	NA	NA	NA	12.568	NA	13.229	NA	12.655	12.692
Q5T569	CNNM2	cyclin and CBS domain divalent metal cation transport mediator 2	Homo sapiens	NA	14.433	NA	13.627	NA	14.726	NA	14.94	13.828	NA	14.772	NA	14.468	14.623	NA
Q6W3E5	GDPD4	glycerophosphodiester phosphodiesterase domain containing 4	Homo sapiens	16.735	NA	16.451	16.693	16.451	17.138	16.433	16.952	16.462	16.992	16.739	16.636	17.052	NA	17.093
A0A804HI69	ZNF439	zinc finger protein 439	Homo sapiens	NA	NA	14.202	NA	13.715	14.058	13.705	NA	NA	13.965	13.937	13.882	NA	NA	13.908
O00503	CDX2	caudal type homeobox 2	Homo sapiens	18.272	17.994	17.558	17.846	17.148	17.517	17.928	18.955	17.568	17.539	17.61	18.006	17.926	17.83	17.927
A6NK34	LOC101929627	putative exonuclease GOR	Homo sapiens	15.91	15.758	15.72	15.628	16.023	15.85	15.019	16.173	15.658	15.674	15.724	15.913	15.714	NA	15.49
Q15013	MAD2L1BP	MAD2L1 binding protein	Homo sapiens	NA	14.006	NA	NA	14.289	NA	NA	NA	NA	13.499	14.156	NA	13.82	NA	NA
E7EV10	MTA3	metastasis associated 1 family member 3	Homo sapiens	18.18	18.041	17.732	17.416	18.029	16.793	NA	17.56	NA	17.06	17.948	18.546	18.258	18.177	17.769
A0A804F729	PKM	pyruvate kinase M1/2	Homo sapiens	14.628	14.842	15.277	15.417	14.891	NA	14.688	15.535	15.234	15.103	14.423	15.423	15.118	15.973	14.735
Q02548	PAX5	paired box 5	Homo sapiens	18.451	19.073	18.793	18.354	18.583	18.714	18.24	19.52	18.392	18.309	18.667	NA	18.395	18.603	18.217
Q30KQ7	DEFB113	defensin beta 113	Homo sapiens	14.341	14.841	NA	14.414	NA	NA	NA	14.536	NA	14.786	14.429	NA	14.619	NA	NA
B9A6L2	RABGAP1	RAB GTPase activating protein 1	Homo sapiens	NA	NA	14.341	13.506	NA	13.908	13.822	14.602	13.758	NA	NA	13.808	14.682	14.583	13.615
U3KQV5	GZMM	granzyme M	Homo sapiens	15.898	16.105	16.27	NA	16.111	16.136	16.285	15.937	15.998	15.537	16.15	16.119	15.755	16.336	15.522
P51636	CAV2	caveolin 2	Homo sapiens	15.588	15.172	NA	NA	NA	15.472	15.235	15.599	14.685	NA	15.146	15.226	15.729	14.814	14.373
B7Z948	PTPN3	protein tyrosine phosphatase non-receptor type 3	Homo sapiens	NA	NA	NA	11.336	NA	NA	NA	NA	NA	NA	NA	NA	NA	NA	NA
Q7Z368	KRT222	keratin 222	Homo sapiens	14.891	14.007	13.778	NA	14.469	14.117	14.415	14.767	NA	NA	16.156	NA	16.097	16.568	15.772
D3DRX0	MTPAP	mitochondrial poly(A) polymerase	Homo sapiens	14.211	13.937	13.64	13.67	13.631	NA	NA	14.104	NA	NA	13.503	NA	NA	NA	NA
A0A3B0ISU4	C1QTNF6	C1q and TNF related 6	Homo sapiens	NA	NA	NA	13.024	13.403	NA	NA	NA	NA	12.896	NA	NA	NA	13.955	NA
A0A0A1HAW1	RAB2A	RAB2A, member RAS oncogene family	Homo sapiens	NA	NA	NA	NA	NA	NA	13.099	NA	NA	NA	NA	NA	NA	NA	NA
A6NJB0	LAYN	layilin	Homo sapiens	15.796	16.15	15.95	15.722	NA	15.816	15.53	NA	15.919	15.708	15.639	16.169	15.956	16.104	15.411
Q96JP2	MYO15B	myosin XVB	Homo sapiens	18.496	17.742	NA	18.085	18.162	18.456	17.883	18.813	18.04	18.105	18.5	18.434	18.168	18.378	18.229
A8K020	ZNF774	zinc finger protein 774	Homo sapiens	NA	12.669	NA	NA	NA	NA	NA	NA	NA	NA	NA	NA	12.63	NA	NA
B2R5S5	STRAP	serine/threonine kinase receptor associated protein	Homo sapiens	15.731	15.63	NA	14.869	15.755	14.847	NA	15.567	NA	15.114	15.26	15.878	15.447	15.541	15.519
B4DV24	GRTP1	growth hormone regulated TBC protein 1	Homo sapiens	15.312	15.089	14.784	14.845	14.862	NA	NA	15.528	14.959	14.784	14.662	NA	15.104	15.139	15.006
O95886	DLGAP3	DLG associated protein 3	Homo sapiens	14.971	14.828	15.134	14.183	NA	NA	14.336	NA	14.864	14.075	NA	13.794	NA	NA	NA
A1L3Z2	ATF2	activating transcription factor 2	Homo sapiens	16.466	16.388	16.16	NA	16.168	16.414	16.192	16.975	15.991	15.745	16.589	16.587	16.74	16.338	16.56
A8MTX6	OTOG	otogelin	Homo sapiens	19.705	NA	19.28	19.541	19.462	19.942	19.347	19.745	18.912	18.991	19	20.09	19.719	19.953	19.482
B0ZBE9	NPPB	natriuretic peptide B	Homo sapiens	18.664	18.908	17.968	17.987	18.018	18.241	18.196	19.072	18.101	17.89	NA	17.903	18.629	18.857	17.802
B2RE65	LPAR2	lysophosphatidic acid receptor 2	Homo sapiens	15.219	15.42	15.282	15.039	15.499	15.433	NA	15.69	15.185	15.364	NA	15.118	NA	15.925	15.736
B2R9I6	GPR65	G protein-coupled receptor 65	Homo sapiens	18.918	18.201	18.128	17.925	18.466	18.771	18.296	NA	NA	18.337	18.505	17.745	17.938	18.398	18.011
A0A126GVJ6	OR10G9	olfactory receptor family 10 subfamily G member 9	Homo sapiens	21.402	21.333	21.216	20.747	21.163	22.409	22.594	23.02	22.755	22.825	21.754	21.471	20.899	20.915	20.933
B6ZGU8	NR5A1	nuclear receptor subfamily 5 group A member 1	Homo sapiens	17.16	17.494	17.047	16.853	17.368	17.267	17.389	18.073	17.361	16.774	16.26	16.274	16.28	16.341	16.423
A8MVQ8	GGPS1	geranylgeranyl diphosphate synthase 1	Homo sapiens	NA	NA	14.53	NA	14.379	14.972	NA	NA	NA	NA	NA	14.555	14.431	14.697	14.4
A4QMZ8	BTNL8	butyrophilin like 8	Homo sapiens	17.262	17.444	17.065	16.744	17.073	17.877	16.838	17.854	17.371	16.836	17.543	17.492	17.621	17.56	16.946
B4DYZ1	DDX31	DEAD-box helicase 31	Homo sapiens	15.919	16.191	16.685	15.638	15.967	16.397	15.521	16.212	16.331	16.23	16.095	16.097	16.057	16.057	15.832
A5D8V6	VPS37C	VPS37C subunit of ESCRT-I	Homo sapiens	NA	14.922	15.082	14.171	14.775	NA	15.199	15.443	14.921	14.418	15.386	15.047	15.49	NA	15.147
A8K7I9	EXOC3L1	exocyst complex component 3 like 1	Homo sapiens	NA	16.69	16.608	NA	16.966	16.82	16.762	17.43	16.902	16.327	16.784	17.761	16.013	17.039	16.263
A0A0S2Z3K5	CPA2	carboxypeptidase A2	Homo sapiens	10.782	NA	NA	NA	NA	NA	NA	NA	NA	NA	NA	NA	NA	NA	NA
A0A096LNW5	NOTCH2NLR	notch 2 N-terminal like R	Homo sapiens	19.039	19.001	18.71	18.639	19.075	18.706	18.459	19.167	18.456	18.656	18.568	18.333	19.364	NA	18.621
A0AAG2TNX0	LOC124906766	putative protein FAM90A10P	Homo sapiens	17.23	16.991	17.064	17.051	17.253	16.979	16.48	17.555	17.263	16.39	17.121	17.448	NA	17.252	17.078
B2RDA7	RNASET2	ribonuclease T2	Homo sapiens	16.554	16.787	16.726	15.99	16.751	17.119	15.921	16.584	16.58	15.99	16.655	16.411	16.778	16.683	16.127
Q53GN7	MRPS30	mitochondrial ribosomal protein S30	Homo sapiens	17.983	17.914	17.95	17.866	17.948	18.147	17.706	18.586	17.784	17.76	18.452	18.126	18.228	18.008	18.088
A0A1B0GVY7	GOLGA8T	golgin A8 family member T	Homo sapiens	14.777	14.516	14.335	NA	14.863	14.022	13.951	14.748	13.787	NA	14.299	NA	14.378	14.402	13.993
Q1WWK4	MRM2	mitochondrial rRNA methyltransferase 2	Homo sapiens	14.88	NA	NA	NA	NA	NA	13.78	15.022	14.454	NA	14.754	NA	NA	14.517	NA
A6NML2	TRPV2	transient receptor potential cation channel subfamily V member 2	Homo sapiens	14.395	NA	NA	14.266	14.942	NA	16.576	NA	15.544	16.319	14.897	15.288	NA	14.887	14.596
B0ZBE0	ADRA1D	adrenoceptor alpha 1D	Homo sapiens	15.282	15.559	16.072	15.343	15.616	15.853	15.67	16.207	15.43	NA	15.796	NA	NA	15.864	15.693
Q9BYU5	KRTAP2-1	keratin associated protein 2-1	Homo sapiens	15.045	NA	14.697	NA	14.507	15.128	NA	NA	13.772	14.914	14.33	NA	NA	NA	NA
A6H8M6	MANEA	mannosidase endo-alpha	Homo sapiens	17.309	17.374	NA	17.301	17.16	17.646	17.665	18.176	17.667	17.507	17.701	18.205	17.543	17.441	17.202
A0A499FJK2	TGFB1	transforming growth factor beta 1	Homo sapiens	16.922	16.31	16.699	16.16	16.815	16.428	16.478	16.553	15.962	15.796	16.758	16.692	16.571	NA	NA
H7C1I0	SLC35E1	solute carrier family 35 member E1	Homo sapiens	15.852	NA	15.381	15.308	16.043	16.27	NA	16.798	16.008	15.146	15.788	15.89	16.019	NA	NA
B0AZU0	MBOAT2	membrane bound glycerophospholipid O-acyltransferase 2	Homo sapiens	NA	15.203	15.514	15.219	15.228	15.565	14.33	15.636	15.143	15.265	15.144	15.451	15.848	15.63	15.767
B3KU49	CPT1C	carnitine palmitoyltransferase 1C	Homo sapiens	NA	14.871	14.746	NA	14.911	14.693	NA	15.054	14.777	14.51	NA	14.787	NA	14.891	14.657
O94835	SACS	sacsin molecular chaperone	Homo sapiens	15.351	14.896	14.954	NA	14.882	15.2	15.297	15.247	14.796	14.66	15.089	15.442	15.54	15.556	NA
Q53Z56	CBLN2	cerebellin 2 precursor	Homo sapiens	17.007	17.541	17.197	17.026	17.649	17.993	17.685	17.686	17.509	17.183	17.319	18.2	NA	17.335	17.705
A0A126GVM0	OR6X1	olfactory receptor family 6 subfamily X member 1	Homo sapiens	16.05	15.82	NA	15.225	16.036	15.588	15.457	16.343	15.424	16.064	NA	16.03	15.732	15.781	15.954
A0A024R579	GPHA2	glycoprotein hormone subunit alpha 2	Homo sapiens	16.029	14.939	15.35	15.378	15.979	15.672	15.835	16.616	16.074	15.403	NA	16.145	16.309	16.299	15.886
Q14865	ARID5B	AT-rich interaction domain 5B	Homo sapiens	15.018	14.451	14.735	13.994	NA	NA	NA	15.528	14.275	15.132	NA	14.85	15.348	14.543	NA
B1AHA4	NUP50	nucleoporin 50	Homo sapiens	NA	NA	NA	NA	NA	NA	NA	NA	NA	NA	NA	12.53	NA	12.925	12.848
B2R895	MMADHC	metabolism of cobalamin associated D	Homo sapiens	15.579	14.695	14.895	14.582	14.413	15.145	NA	NA	13.915	14.801	NA	14.917	15.207	15.196	14.479
D3DR59	PI4K2A	phosphatidylinositol 4-kinase type 2 alpha	Homo sapiens	18.014	18.013	17.913	17.295	17.807	18.16	17.653	18.4	17.653	NA	18.213	NA	18.032	17.716	17.507
A0A140VJK2	GPD2	glycerol-3-phosphate dehydrogenase 2	Homo sapiens	16.02	15.523	15.448	15.885	NA	15.335	15.453	NA	15.962	15.431	15.859	16.374	15.883	16.248	15.958
Q96MG2	JSRP1	junctional sarcoplasmic reticulum protein 1	Homo sapiens	NA	NA	14.47	NA	14.48	NA	14.544	14.992	NA	14.145	14.699	14.9	14.522	15.11	14.574
A3KFJ6	QRFP	pyroglutamylated RFamide peptide	Homo sapiens	17.08	16.529	17.024	16.871	16.886	19.678	NA	19.618	NA	18.99	16.829	17.02	16.76	17.363	17.221
B7ZBG9	EIF6	eukaryotic translation initiation factor 6	Homo sapiens	NA	NA	NA	NA	13.386	NA	12.403	NA	NA	NA	NA	12.951	NA	NA	NA
A8K2P7	STARD4	StAR related lipid transfer domain containing 4	Homo sapiens	NA	13.665	NA	13.652	13.963	14.41	13.877	14.37	13.835	NA	13.42	14.251	13.99	13.948	14.058
Q86XN8	MEX3D	mex-3 RNA binding family member D	Homo sapiens	16.591	15.666	16.316	15.695	16.38	15.416	15.259	16.417	16.007	15.762	16.042	15.652	16.026	16.437	15.511
G3V1K2	RXYLT1	ribitol xylosyltransferase 1	Homo sapiens	14.285	13.655	NA	13.33	NA	NA	NA	NA	14	13.815	15.309	15.114	14.804	14.791	14.613
D3DUL7	WFDC1	WAP four-disulfide core domain 1	Homo sapiens	17.234	17.444	17.243	16.791	17.352	17.316	NA	18.063	NA	16.762	16.951	17.028	17.249	17.53	17.098
P04554	PRM2	protamine 2	Homo sapiens	NA	NA	13.618	13.321	NA	13.585	NA	13.435	12.951	12.768	13.247	NA	13.55	NA	NA
Q2PPL5	TRMU	tRNA mitochondrial 2-thiouridylase	Homo sapiens	18.825	18.749	18.69	17.76	18.603	19.235	18.832	19.139	18.474	18.639	18.374	19.117	18.518	18.883	18.726
P39059	COL15A1	collagen type XV alpha 1 chain	Homo sapiens	17.588	17.114	17.298	17.139	17.565	17.425	16.782	17.506	16.743	17.085	17.655	17.792	17.364	17.377	16.768
F6T7Q3	FKBP1C	FKBP prolyl isomerase family member 1C	Homo sapiens	13.893	NA	NA	NA	NA	NA	12.933	NA	NA	12.921	NA	NA	13.306	NA	NA
A0A087WTD7	AKAP13	A-kinase anchoring protein 13	Homo sapiens	19.268	19.152	19.044	19.41	19.296	18.797	18.603	19.753	19.17	18.41	19.002	19.063	18.619	18.978	19.142
B5BU44	CRADD	CASP2 and RIPK1 domain containing adaptor with death domain	Homo sapiens	16.449	16.101	15.679	15.377	16.087	16.869	NA	16.333	16.067	15.993	15.459	16.54	15.662	16.334	15.911
A0A0B4J291	CDYL2	chromodomain Y like 2	Homo sapiens	18.843	18.526	19.167	18.697	18.688	18.886	18.292	18.832	17.937	18.414	NA	18.698	19.387	19.144	18.565
A6PVF2	WFDC3	WAP four-disulfide core domain 3	Homo sapiens	16.276	16.993	16.72	16.348	16.775	17.122	16.539	16.864	16.56	16.364	17.197	17.133	17.391	17.118	16.345
A0A1B0GUS4	UBE2L5	ubiquitin conjugating enzyme E2 L5	Homo sapiens	15.958	15.952	16.259	15.21	15.869	16.202	15.774	15.664	15.819	NA	16.918	17.198	16.817	17.092	16.226
A0A8I5KQM7	TRIM52	tripartite motif containing 52	Homo sapiens	14.22	NA	13.479	13.515	14.015	NA	13.99	NA	13.84	13.866	NA	14.647	13.49	NA	13.667
A0A1I9UVK8	CAV3	caveolin 3	Homo sapiens	NA	NA	NA	NA	NA	NA	NA	NA	NA	NA	NA	NA	10.755	NA	NA
B4DT22	PPWD1	peptidylprolyl isomerase domain and WD repeat containing 1	Homo sapiens	17.111	17.596	17.533	16.462	18.151	17.739	17.059	17.364	16.755	16.944	16.885	17.924	17.004	17.662	17.083
Q96EL3	MRPL53	mitochondrial ribosomal protein L53	Homo sapiens	NA	17.352	16.765	16.902	17.195	16.95	17.088	17.504	16.997	16.128	17.128	NA	16.886	17.29	17.074
A0A2R8Y5P2	DEPDC5	DEP domain containing 5, GATOR1 subcomplex subunit	Homo sapiens	14.682	14.895	14.829	14.721	14.601	14.659	15.045	15.86	14.45	NA	14.286	14.916	14.802	15.11	NA
Q49AA0	ZFP69	ZFP69 zinc finger protein	Homo sapiens	13.717	NA	13.568	13.17	13.66	NA	13.308	NA	NA	13.305	16.561	16.044	16.309	15.76	15.772
B9EG57	IQCG	IQ motif containing G	Homo sapiens	14.7	NA	15.421	14.478	15.923	15.709	14.946	15.958	15.006	14.668	15.136	15.813	15.501	NA	15.15
Q06055	ATP5MC2	ATP synthase membrane subunit c locus 2	Homo sapiens	15.001	15.407	NA	14.933	NA	15.528	15.012	16.333	NA	15.215	NA	14.926	14.941	15.608	15.301
A0A384N6C2	IMPDH2	inosine monophosphate dehydrogenase 2	Homo sapiens	14.646	NA	15.402	14.768	NA	15.569	NA	15.821	15.494	15.983	17.243	17.637	17.087	17.436	16.746
B1AM97	STXBP1	syntaxin binding protein 1	Homo sapiens	20.179	19.743	19.325	19.247	19.697	19.648	19.304	20.442	19.678	19.527	19.862	19.764	19.496	20.117	20.005
Q96HQ0	ZNF419	zinc finger protein 419	Homo sapiens	11.236	NA	NA	NA	NA	NA	NA	NA	NA	NA	NA	NA	NA	NA	NA
P52179	MYOM1	myomesin 1	Homo sapiens	NA	NA	NA	NA	13.097	NA	NA	NA	NA	NA	NA	13.33	NA	13.51	NA
A0A024RDA3	SGCB	sarcoglycan beta	Homo sapiens	15.059	15.521	14.893	15.011	NA	15.165	NA	15.267	15.214	14.141	14.947	15.601	15.387	15.231	14.358
Q59HG8	GABBR1	gamma-aminobutyric acid type B receptor subunit 1	Homo sapiens	NA	17.789	NA	16.672	16.942	17.738	17.006	17.85	16.905	17.214	17.316	17.564	17.656	17.401	17.63
A8K1W2	GPR61	G protein-coupled receptor 61	Homo sapiens	16.249	16.016	16.376	15.807	16.369	16.095	16.699	16.509	16.317	15.984	NA	16.418	16.294	16.739	15.465
O00581	AGGF1	angiogenic factor with G-patch and FHA domains 1	Homo sapiens	17.227	16.659	NA	NA	16.827	16.84	16.763	17.476	16.563	16.862	16.432	17.113	16.853	17.219	16.546
B2R4U4	RPS17	ribosomal protein S17	Homo sapiens	NA	15.065	15.003	NA	15.779	16.111	15.697	16.163	15.732	15.786	14.885	15.145	NA	NA	NA
B4DLB8	B4GALT1	beta-1,4-galactosyltransferase 1	Homo sapiens	19.245	19.697	19.626	19.347	19.084	20.037	19.495	19.707	19.383	19.266	19.987	NA	19.64	19.192	19.143
B7ZLF3	LOC728743	zinc finger domain-containing protein LOC728743	Homo sapiens	14.626	14.213	14.083	14.16	14.878	14.754	NA	15.289	14.905	NA	14.367	NA	NA	14.259	14.601
A0A140VJZ3	UBQLN3	ubiquilin 3	Homo sapiens	14.986	NA	15.246	14.988	15.608	14.521	NA	15.491	15.133	14.627	15.053	15.257	14.426	NA	14.875
Q8N2E5	WNT6	Wnt family member 6	Homo sapiens	17.033	16.869	17.28	16.496	17.105	NA	16.46	18.052	NA	16.641	17.182	17.217	16.617	17.066	16.837
A0A140VK21	HSFX1	heat shock transcription factor family, X-linked 1	Homo sapiens	14.944	14.653	14.956	14.411	15.313	15.17	NA	15.6	14.522	14.844	15.019	15.953	15.585	15.207	14.366
Q96PX1	RNF157	ring finger protein 157	Homo sapiens	17.207	16.857	16.709	16.438	17.206	16.954	17.175	17.139	16.884	16.421	17.356	17.184	16.463	17.75	17.263
Q9UIL4	KIF25	kinesin family member 25	Homo sapiens	NA	NA	NA	NA	NA	NA	NA	NA	NA	NA	NA	12.517	NA	NA	NA
Q14DH4	RFTN2	raftlin family member 2	Homo sapiens	18.571	17.59	17.362	17.685	NA	17.719	17.078	18.129	18.274	17.788	17.632	18.073	17.57	18.116	17.262
A0A126GWL6	OR56A3	olfactory receptor family 56 subfamily A member 3	Homo sapiens	14.835	13.79	14.278	13.554	NA	13.86	NA	15.174	13.802	13.654	14.547	NA	NA	14.442	NA
B1AKI4	MBNL3	muscleblind like splicing regulator 3	Homo sapiens	20.181	20.209	19.972	20.07	19.908	20.626	19.744	20.368	19.757	19.742	19.853	20.106	20.402	20.127	19.171
B2RXF8	NPIPB9	nuclear pore complex interacting protein family member B9	Homo sapiens	17.211	17.208	17.236	16.791	17.166	NA	17.278	17.415	16.432	17.223	17.694	17.386	16.364	17.691	17.001
A0A024R782	BPGM	bisphosphoglycerate mutase	Homo sapiens	18.606	18.286	18.826	18.752	18.68	17.561	17.05	17.481	17.101	17.398	21.471	21.804	21.238	21.831	21.333
A6NL45	SERF2	small EDRK-rich factor 2	Homo sapiens	20.28	19.651	20.36	19.909	20.361	20.085	20.24	20.154	20.312	20.12	20.102	NA	19.969	20.478	19.231
B2RDI3	FEM1A	fem-1 homolog A	Homo sapiens	13.335	13.136	NA	NA	NA	13.117	NA	13.644	NA	NA	13.287	NA	NA	NA	NA
Q14140	SERTAD2	SERTA domain containing 2	Homo sapiens	18.204	18.123	18.593	18.04	18.613	18.325	18.121	18.1	18.243	17.85	18.718	17.797	18.202	18.49	18.39
A0A6Q8JGY2	GPATCH11	G-patch domain containing 11	Homo sapiens	22.473	21.759	21.893	21.829	22.607	22.246	21.644	22.512	21.756	21.827	21.927	22.472	NA	22.065	NA
Q96N16	JAKMIP1	janus kinase and microtubule interacting protein 1	Homo sapiens	13.734	13.214	NA	13.244	NA	13.57	NA	13.439	13.263	NA	NA	13.277	NA	NA	13.426
A0A140VJS9	PPP1CA	protein phosphatase 1 catalytic subunit alpha	Homo sapiens	16.024	15.935	16.178	16.2	16.406	16.557	15.851	16.402	15.76	15.52	15.883	NA	15.747	16.487	16.025
B4DUW7	SLBP	stem-loop histone mRNA binding protein	Homo sapiens	15.584	15.758	15.514	15.713	15.743	15.829	15.602	15.862	15.582	15.125	16.015	16.128	15.749	15.742	15.997
A8MYD4	SSX4B	SSX family member 4B	Homo sapiens	15.357	15.226	15.056	NA	NA	NA	15.337	NA	15.007	15.176	14.346	NA	15.897	15.309	NA
P0DMU3	LOC124905556	FAM231A/C-like protein LOC102723383	Homo sapiens	16.054	NA	15.604	15.303	15.824	15.787	15.289	16.078	15.54	15.202	15.642	15.836	15.144	16.192	NA
A0A1B0GUY1	MARCOL	MARCO like	Homo sapiens	12.61	NA	12.675	NA	NA	13.247	NA	12.897	NA	NA	NA	NA	NA	NA	NA
A0A024R3S0	H3-3B	H3.3 histone B	Homo sapiens	17.208	17.226	16.696	16.514	17.376	16.58	16.604	17.326	16.359	16.392	16.701	17.031	16.887	16.683	16.446
A0A024R7W9	COPS5	COP9 signalosome subunit 5	Homo sapiens	16.412	16.046	16.739	16.05	16.569	NA	16.288	NA	16.816	16.053	16.32	16.891	16.841	15.997	16.163
A0A0A0MSJ3	RABGEF1	RAB guanine nucleotide exchange factor 1	Homo sapiens	17.035	16.682	16.324	15.854	16.569	17.041	16.536	17.29	16.865	16.53	16.213	16.338	16.717	16.69	17.013
A1L0T0	ILVBL	ilvB acetolactate synthase like	Homo sapiens	18.322	18.212	18.346	NA	18.039	NA	18.339	18.748	18.474	18.91	18.322	18.845	18.017	18.373	18.639
A0A024R6K8	WARS1	tryptophanyl-tRNA synthetase 1	Homo sapiens	18.557	18.144	18.285	18.201	18.492	18.132	17.319	18.417	NA	17.802	18.716	18.209	18.534	18.217	18.386
B2R8B0	TNFRSF13B	TNF receptor superfamily member 13B	Homo sapiens	15.218	14.918	15.171	14.995	NA	15.43	14.805	15.59	15.795	15.022	15.344	15.205	15.592	16.03	15.305
A0A0C4DFP4	NGLY1	N-glycanase 1	Homo sapiens	19.567	19.094	18.998	19.104	19.338	19.377	19.546	19.945	19.039	19.29	19.457	19.823	18.772	20.082	18.564
Q96EV9	OSGEPL1	O-sialoglycoprotein endopeptidase like 1	Homo sapiens	NA	16.84	17.165	16.154	16.769	17.129	16.885	17.152	16.707	16.461	NA	16.757	16.85	17.166	NA
B9EGU3	TMEM63B	transmembrane protein 63B	Homo sapiens	13.767	13.827	13.232	13.256	NA	13.815	13.433	NA	NA	13.292	13.692	13.938	13.759	NA	NA
B2R6N4	KDELR1	KDEL endoplasmic reticulum protein retention receptor 1	Homo sapiens	15.475	16.113	16.15	15.5	16.379	16.145	15.538	16.786	15.733	15.555	16.421	16.22	16.427	16.364	16.37
A8MT72	RTN1	reticulon 1	Homo sapiens	14.395	14.406	NA	NA	15.119	NA	NA	NA	14.185	NA	14.692	14.357	NA	14.223	NA
A8K0L7	SNAP91	synaptosome associated protein 91	Homo sapiens	17.686	17.431	17.732	18.08	18.269	17.454	17.69	17.885	18.25	17.662	17.953	17.931	18.024	18.087	17.267
A4D1T9	PRSS37	serine protease 37	Homo sapiens	18.992	19.088	18.645	18.443	18.96	19.825	18.974	19.254	18.737	19.089	18.855	19.75	19.306	19.337	18.55
A0A384MDM0	DEFB121	defensin beta 121	Homo sapiens	20.957	21.601	20.632	21.385	21.262	21.061	21.561	21.62	21.206	21.252	21.439	21.215	21.349	21.022	21.224
A0A7U3JVY2	FGF7	fibroblast growth factor 7	Homo sapiens	14.524	14.601	14.814	14.271	14.917	14.469	NA	14.792	NA	14.782	NA	NA	14.785	14.639	14.423
A6NCG6	KATNB1	katanin regulatory subunit B1	Homo sapiens	14.131	NA	14.725	14.101	NA	14.043	14.35	15.16	NA	NA	NA	NA	NA	NA	13.794
A0A024RAZ8	SMUG1	single-strand-selective monofunctional uracil-DNA glycosylase 1	Homo sapiens	19.485	18.779	18.52	18.693	19.284	19.324	18.824	19.382	18.367	19.446	18.778	19.425	18.527	19.258	NA
A0A126GWQ6	OR52H1	olfactory receptor family 52 subfamily H member 1	Homo sapiens	NA	NA	NA	14.508	NA	15.047	NA	14.457	14.628	14.847	14.502	14.858	NA	15.081	14.767
B3KP61	AKT2	AKT serine/threonine kinase 2	Homo sapiens	17.416	16.985	16.77	16.773	17.555	17.07	16.877	17.323	16.343	16.85	NA	16.025	15.929	15.637	16.061
B4E0W6	BTAF1	B-TFIID TATA-box binding protein associated factor 1	Homo sapiens	14.032	NA	NA	NA	13.651	NA	NA	14.202	NA	NA	14.63	14.839	14.671	NA	NA
A0A494BZV2	MPRIP	myosin phosphatase Rho interacting protein	Homo sapiens	NA	13.661	NA	13.94	14.15	NA	13.47	14.167	13.328	NA	NA	13.614	NA	14.097	13.799
D3DTL6	KIF1C	kinesin family member 1C	Homo sapiens	NA	18.051	18.433	18.237	18.905	18.595	18.534	18.464	18.28	18.155	18.874	18.59	18.258	18.661	18.768
A2RRH5	WDR27	WD repeat domain 27	Homo sapiens	16.774	16.659	16.685	15.975	16.802	16.541	16.813	16.967	15.828	16.174	16.386	16.261	16.716	16.604	15.929
A8MXR7	CSF3	colony stimulating factor 3	Homo sapiens	15.463	14.196	14.212	14.301	14.532	14.316	14.647	14.977	NA	14.514	NA	14.912	15.129	14.642	14.518
B2RD45	CORO1B	coronin 1B	Homo sapiens	NA	NA	NA	NA	12.649	NA	NA	NA	12.499	NA	NA	12.924	12.545	NA	NA
Q96AL5	PBX3	PBX homeobox 3	Homo sapiens	11.785	NA	NA	NA	NA	NA	NA	NA	NA	NA	NA	NA	NA	NA	NA
Q8N4Q0	PTGR3	prostaglandin reductase 3	Homo sapiens	14.621	NA	14.204	NA	NA	NA	NA	15.554	14.833	14.425	14.69	NA	14.542	NA	14.525
A0A126GVL9	OR5M11	olfactory receptor family 5 subfamily M member 11	Homo sapiens	12.593	NA	NA	12.565	NA	NA	NA	NA	NA	NA	NA	NA	NA	12.863	NA
B4DQW6	MEST	mesoderm specific transcript	Homo sapiens	NA	17.296	17.001	16.524	17.704	17.499	17.255	18.011	16.437	16.299	16.91	17.189	16.766	17.402	17.059
B4DDS6	PTTG1IP	PTTG1 interacting protein	Homo sapiens	17.037	NA	17.34	16.907	17.587	17.759	18.03	17.933	17.252	16.979	NA	17.687	NA	17.41	17.26
B2R7G6	HARS2	histidyl-tRNA synthetase 2, mitochondrial	Homo sapiens	16.415	16.25	15.98	15.846	NA	16.159	15.484	16.614	16.046	15.444	15.35	NA	16.039	16.446	16.07
A0A804HLA8	GNG5B	G protein subunit gamma 5B	Homo sapiens	16.729	16.82	16.198	16.289	16.725	16.507	16.728	NA	16.138	16.222	16.483	16.391	16.534	16.45	16.775
A8MVX5	ZNF676	zinc finger protein 676	Homo sapiens	15.18	15.772	15.408	15.182	NA	15.632	15.71	15.308	15.452	15.129	15.527	15.3	15.303	14.787	15.852
B1PS43	MYH11	myosin heavy chain 11	Homo sapiens	16.44	15.984	15.864	NA	16.127	16.215	15.436	16.469	16.102	15.957	16.322	16.086	15.896	16.189	15.666
B3KNT3	SRA1	steroid receptor RNA activator 1	Homo sapiens	17.608	NA	17.573	17.024	17.595	17.829	17.125	17.721	17.57	17.528	18.006	17.598	17.646	17.491	NA
Q9BVS5	TRMT61B	tRNA methyltransferase 61B	Homo sapiens	NA	NA	NA	NA	NA	NA	NA	NA	NA	NA	NA	12.641	NA	NA	NA
B4DFV2	SPIDR	scaffold protein involved in DNA repair	Homo sapiens	15.402	14.692	14.406	NA	15.25	14.549	NA	15.072	NA	14.315	14.814	15.024	NA	14.714	14.601
Q9P225	DNAH2	dynein axonemal heavy chain 2	Homo sapiens	12.636	NA	NA	NA	NA	NA	NA	NA	NA	NA	NA	NA	NA	NA	NA
Q08AL3	FBXO10	F-box protein 10	Homo sapiens	17.255	17.584	16.925	16.906	17.623	17.682	17.172	17.771	17.309	17.712	17.682	17.488	17.457	18.134	16.697
A0A0G2JKZ1	TAPBP	TAP binding protein	Homo sapiens	NA	NA	15.125	14.995	NA	NA	15.463	15.517	15.187	14.987	15.058	15.076	15.244	15.769	15.242
A0A8V8TPA6	POLD2	DNA polymerase delta 2, accessory subunit	Homo sapiens	19.046	19.162	18.7	18.171	18.943	18.945	18.278	19.669	18.412	18.221	17.589	19.094	19.126	18.478	18.598
B9EG67	ZAR1	zygote arrest 1	Homo sapiens	17.085	17.178	17.487	16.898	17.582	17.059	17.272	18.412	17.322	16.91	17.293	17.473	17.415	17.55	17.744
A0A126GW42	OR5C1	olfactory receptor family 5 subfamily C member 1	Homo sapiens	18.667	18.743	18.355	18.804	18.746	18.84	18.997	19.463	19.291	18.71	18.417	19.264	19.138	19.44	NA
B2RBF6	AP4B1	adaptor related protein complex 4 subunit beta 1	Homo sapiens	17.282	17.68	NA	16.522	16.877	17.899	17.316	17.661	17.394	16.687	17.44	17.924	17.352	16.997	17.223
P48444	ARCN1	archain 1	Homo sapiens	17.073	16.951	16.717	16.54	16.983	16.84	17.005	17.179	16.764	16.578	16.545	17.403	16.824	NA	16.254
A0A2R8Y430	GSS	glutathione synthetase	Homo sapiens	NA	NA	14.249	NA	14.675	NA	14.027	NA	13.74	14.304	NA	14.743	14.79	14.391	NA
B3KPB7	DCAF16	DDB1 and CUL4 associated factor 16	Homo sapiens	16.711	17.206	16.477	16.026	16.552	15.828	15.075	16.026	NA	14.978	16.018	16.941	NA	16.803	15.951
A0A087X1Y7	FAM72D	family with sequence similarity 72 member D	Homo sapiens	NA	14.702	NA	NA	15.043	NA	14.408	15.695	14.357	15.166	14.962	NA	14.669	14.774	NA
A0AAQ5BHV8	TNNT2	troponin T2, cardiac type	Homo sapiens	15.969	NA	15.853	15.357	NA	15.63	15.736	16.499	15.731	15.507	15.711	16.16	NA	16.052	15.653
A8K1H0	NFIC	nuclear factor I C	Homo sapiens	17.243	17.246	16.48	16.863	NA	16.965	16.817	17.333	16.463	17.14	16.479	16.236	17.419	16.765	17.088
B7Z734	MTFMT	mitochondrial methionyl-tRNA formyltransferase	Homo sapiens	20.746	20.032	20.544	19.89	20.54	20.155	20.197	NA	20.143	20.371	20.84	20.751	20.14	20.763	20.331
A0A126GVN2	OR4N4	olfactory receptor family 4 subfamily N member 4	Homo sapiens	NA	13.665	NA	NA	14.219	NA	13.754	14.681	NA	13.852	NA	14.179	14.359	NA	13.815
Q9Y3D8	AK6	adenylate kinase 6	Homo sapiens	11.146	NA	NA	NA	NA	NA	NA	NA	NA	NA	NA	NA	NA	NA	NA
A8K832	NOXO1	NADPH oxidase organizer 1	Homo sapiens	13.44	NA	NA	13.509	NA	NA	NA	NA	13.617	NA	NA	13.416	NA	NA	NA
A4KYM4	ING4	inhibitor of growth family member 4	Homo sapiens	18.793	18.37	19.01	17.04	18.311	18.792	18.959	18.857	18.363	18.298	17.676	17.893	18.051	18.252	18.446
O95672	ECEL1	endothelin converting enzyme like 1	Homo sapiens	17.133	17.096	17.136	16.75	17.714	17.661	17.131	17.328	16.836	16.912	NA	17.505	17.098	17.518	17.412
A0AAG2UXC4	FAM90A14	family with sequence similarity 90 member A14	Homo sapiens	19.828	19.849	19.601	19.48	19.854	19.7	19.461	20.411	19.532	19.01	19.48	18.759	19.557	20.209	19.841
A0A3B3IU30	MYO1G	myosin IG	Homo sapiens	17.526	17.59	17.482	17.568	17.612	17.783	17.093	17.51	17.551	17.445	18.972	19.238	19.426	19.212	19.335
A0A7R8GUW6	IFNW1	interferon omega 1	Homo sapiens	15.028	14.709	15.229	14.478	NA	15.525	15.859	16.124	15.417	15.483	14.962	NA	NA	15.28	NA
B2R7L1	RRAGA	Ras related GTP binding A	Homo sapiens	16.838	17.085	16.667	17.056	17.394	17.097	16.792	17.379	16.387	16.534	17.216	17.188	16.575	17.654	16.915
A6NIH7	UNC119B	unc-119 lipid binding chaperone B	Homo sapiens	19.685	19.786	19.832	19.19	19.431	20.144	18.849	19.403	19.585	19.006	19.225	20.076	19.27	19.771	18.934
B3KU71	PCDH19	protocadherin 19	Homo sapiens	18.978	18.211	18.377	17.78	18.028	18.436	18.577	19.189	18.173	17.949	18.481	18.509	18.317	18.162	18.137
A8K804	PUM3	pumilio RNA binding family member 3	Homo sapiens	15.889	15.382	14.902	15.238	15.969	16.039	15.304	15.974	NA	15.752	15.772	15.928	NA	NA	15.436
Q53XL7	LOC124908081	glycine cleavage system H protein, mitochondrial-like	Homo sapiens	17.319	17.137	18.003	16.898	17.223	16.915	17.186	17.698	17.167	17.177	19.368	19.098	19.942	19.927	19.323
P0DKL9	ARL14EPL	ARF like GTPase 14 effector protein like	Homo sapiens	NA	15.05	15.141	14.605	14.875	16.06	15.971	16.716	16.126	16.052	12.73	NA	NA	NA	NA
E7ERH8	FBXL13	F-box and leucine rich repeat protein 13	Homo sapiens	NA	NA	13.894	13.757	NA	14.461	14.152	14.383	NA	13.628	13.888	14.191	13.727	NA	NA
A0A1B0GW64	SMIM33	small integral membrane protein 33	Homo sapiens	16.732	16.73	16.865	16.297	16.861	NA	16.604	17.235	16.486	16.426	16.456	16.436	16.063	16.845	16.455
Q8N475	FSTL5	follistatin like 5	Homo sapiens	15.322	NA	15.832	15.334	15.055	15.602	15.424	15.448	NA	15.225	15.49	16.072	15.61	15.659	15.026
P04553	PRM1	protamine 1	Homo sapiens	15.234	15.041	NA	14.378	15.182	14.876	NA	16.077	NA	14.537	14.715	15.087	NA	15.051	NA
B2R717	CTSV	cathepsin V	Homo sapiens	15.77	15.062	NA	14.484	14.965	NA	15.611	15.803	NA	15.059	15.457	NA	15.407	16.017	15.23
A0A024R4B2	STK25	serine/threonine kinase 25	Homo sapiens	NA	15.349	14.948	14.125	14.452	14.945	NA	14.503	NA	14.044	14.782	14.448	NA	NA	14.171
A4D0X6	TMEM229A	transmembrane protein 229A	Homo sapiens	19.025	18.587	18.713	18.065	18.799	18.381	18.635	18.872	18.096	17.768	18.299	18.671	18.24	19.395	NA
A0A0S2Z328	BBS4	Bardet-Biedl syndrome 4	Homo sapiens	14.771	NA	14.036	13.966	NA	NA	NA	13.186	13.028	12.667	NA	14.765	14.495	14.835	NA
A0A096LP01	SMIM26	small integral membrane protein 26	Homo sapiens	16.883	NA	16.605	16.259	16.436	16.738	16.371	17.282	16.675	15.686	15.795	16.869	16.553	17.201	16.492
B2R4V3	CCL2	C-C motif chemokine ligand 2	Homo sapiens	NA	NA	NA	12.985	NA	NA	NA	NA	13.53	13.208	13.511	NA	13.27	13.507	NA
A8K4Y7	H3-7	H3.7 histone (putative)	Homo sapiens	17.141	17.263	16.673	16.651	17.386	17.034	16.866	17.44	16.895	16.097	16.697	16.58	16.686	16.523	16.893
Q3MJE0	NCAPG	non-SMC condensin I complex subunit G	Homo sapiens	16.406	16.136	16.038	16.239	16.808	15.59	16.545	17.016	16.239	16.155	16.105	NA	16.74	16.571	NA
Q5HYR0	DMRTC1	DMRT like family C1	Homo sapiens	17.778	17.212	17.586	17.03	17.699	18.081	17.676	18.113	17.793	17.6	17.395	17.704	17.519	17.445	17.395
C9JEE0	IGLL1	immunoglobulin lambda like polypeptide 1	Homo sapiens	17.204	17.895	17.278	17.107	17.448	17.763	17.444	17.608	17.352	16.55	17.25	17.985	17.407	17.537	17.258
Q01151	CD83	CD83 molecule	Homo sapiens	NA	NA	NA	13.98	14.67	14.987	14.528	15.052	14.075	14.499	14.679	NA	14.839	14.939	NA
D3DQ10	GPBP1L1	GC-rich promoter binding protein 1 like 1	Homo sapiens	13.717	NA	NA	12.751	13.636	NA	12.528	NA	12.646	12.878	NA	13.731	NA	13.567	13.303
Q9UIG8	SLCO3A1	solute carrier organic anion transporter family member 3A1	Homo sapiens	16.923	16.742	17.285	16.52	16.729	16.952	16.479	16.875	16.872	16.405	NA	16.795	17.019	16.819	16.395
Q6GV28	TMEM225	transmembrane protein 225	Homo sapiens	NA	NA	NA	NA	NA	NA	NA	NA	NA	NA	NA	NA	NA	NA	11.576
A2A3N8	ADD1	adducin 1	Homo sapiens	17.607	17.131	16.513	16.095	16.656	17.175	16.342	17.246	16.357	16.34	16.612	16.925	16.582	NA	17.172
A0A126GVE1	OR10G8	olfactory receptor family 10 subfamily G member 8	Homo sapiens	15.587	15.271	15.355	14.8	15.359	15.249	NA	15.068	14.771	14.649	15.228	14.999	15.643	15.362	14.775
A8K3D1	SOCS2	suppressor of cytokine signaling 2	Homo sapiens	16.7	16.723	16.727	NA	16.842	16.466	NA	17.13	16.609	16.714	16.958	16.865	17.12	17.09	16.256
A0A384P602	WBP1	WW domain binding protein 1	Homo sapiens	19.167	19.059	18.71	17.973	18.708	18.371	18.552	19.185	18.429	19.109	18.649	18.526	18.884	18.942	17.901
B4DEA4	ATG4A	autophagy related 4A cysteine peptidase	Homo sapiens	15.504	15.311	15.374	15.002	15.543	15.41	15.043	15.554	15.05	NA	15.128	15.722	14.774	15.587	15.093
A0A024R713	DLD	dihydrolipoamide dehydrogenase	Homo sapiens	15.517	15.886	15.061	15.31	NA	15.572	15.143	15.92	15.377	NA	15.671	15.64	15.859	15.501	NA
B2RBS9	RARS1	arginyl-tRNA synthetase 1	Homo sapiens	18.14	17.24	17.87	16.907	17.414	17.093	17.012	17.612	16.913	17.001	14.895	15.358	14.819	15.227	NA
Q16568	CARTPT	CART prepropeptide	Homo sapiens	16.154	16.518	NA	16.301	16.201	NA	16.866	16.392	16.099	15.846	16.369	16.902	NA	16.277	NA
B4E1M6	SLC13A2	solute carrier family 13 member 2	Homo sapiens	NA	NA	14.062	NA	NA	NA	NA	14.235	13.842	15.039	14.543	NA	NA	14.529	NA
Q5JQS6	GCSAML	germinal center associated signaling and motility like	Homo sapiens	18.151	17.625	18.408	18.222	17.847	18.401	18.607	18.764	17.626	18.352	18.311	18.087	18.118	18.33	18.182
B5MBW9	CHCHD10	coiled-coil-helix-coiled-coil-helix domain containing 10	Homo sapiens	18.486	19.141	18.279	19.072	18.447	19.165	18.83	18.584	18.712	18.477	18.769	18.811	18.681	18.763	18.282
A0A0G2JNQ3	HNRNPCL1	heterogeneous nuclear ribonucleoprotein C like 1	Homo sapiens	17.458	16.535	16.772	16.328	16.433	15.457	15.104	15.74	14.931	NA	16.501	NA	16.033	16.852	16.798
D6W522	LAPTM4A	lysosomal protein transmembrane 4 alpha	Homo sapiens	14.051	NA	14.589	14.408	NA	14.5	14.341	14.648	NA	14.649	NA	15.114	NA	14.37	14.244
A2RRF5	RREB1	ras responsive element binding protein 1	Homo sapiens	16.922	17.335	16.976	16.516	16.956	17.161	17.643	17.119	17.134	16.761	17.434	17.386	17.799	17.223	16.901
A0A8I5QKW7	SLC25A26	solute carrier family 25 member 26	Homo sapiens	16.32	16.123	16.002	15.625	16.471	NA	15.94	17.293	16.165	15.548	16.677	16.343	16.059	16.241	NA
B2RDM7	HAUS1	HAUS augmin like complex subunit 1	Homo sapiens	NA	NA	NA	NA	NA	13.221	NA	NA	NA	NA	12.685	NA	13.098	NA	NA
A0PJ50	PARP6	poly(ADP-ribose) polymerase family member 6	Homo sapiens	11.656	NA	NA	NA	NA	NA	NA	NA	NA	NA	NA	NA	NA	NA	NA
B2R8E7	MARCHF8	membrane associated ring-CH-type finger 8	Homo sapiens	NA	16.984	16.787	16.743	17.448	16.19	17.152	17.835	16.515	NA	17.531	16.917	17.341	17.087	17.378
A0A8V8TQ71	PPP1CB	protein phosphatase 1 catalytic subunit beta	Homo sapiens	15.456	NA	15.261	NA	15.372	NA	15.396	15.625	15.023	15.063	15.088	15.968	15.293	NA	14.982
B2R8T3	ACADL	acyl-CoA dehydrogenase long chain	Homo sapiens	NA	16.982	16.468	16.53	17.693	17.104	16.941	17.146	16.513	17.325	17.045	17.645	16.985	17.26	16.825
Q0QD37	NXNL1	nucleoredoxin like 1	Homo sapiens	16.096	14.888	NA	15.228	15.703	15.624	14.877	15.474	14.446	14.941	15.313	15.464	16.059	15.636	14.941
O95498	VNN2	vanin 2	Homo sapiens	17.38	17.009	16.932	16.362	16.961	17.015	17.139	17.921	16.734	16.947	17.06	16.882	17.234	NA	NA
B3KN09	EXOG	exo/endonuclease G	Homo sapiens	17.748	17.025	18.2	17.671	17.983	17.951	17.337	18.364	18.086	17.628	17.895	17.782	18.014	NA	17.65
Q3MJ62	ZSCAN23	zinc finger and SCAN domain containing 23	Homo sapiens	17.259	17.255	16.813	16.279	17.125	16.523	16.811	NA	16.624	17.317	16.977	16.538	17.254	17.067	16.324
A0A654IE64	GJB5	gap junction protein beta 5	Homo sapiens	NA	NA	NA	NA	NA	13.068	NA	13.173	NA	NA	NA	12.875	NA	NA	NA
A8K5I2	NAP1L2	nucleosome assembly protein 1 like 2	Homo sapiens	15.602	15.214	15.018	14.839	15.505	15.471	NA	15.722	15.168	15.577	15.301	15.098	15.283	15.6	15.446
A8MWA3	NME2	NME/NM23 nucleoside diphosphate kinase 2	Homo sapiens	17.214	17.226	16.761	17.196	17.844	15.302	15.909	16.338	NA	14.966	NA	17.325	17.616	17.135	16.826
B2R6X7	DENND2B	DENN domain containing 2B	Homo sapiens	16.103	16.387	15.794	NA	16.282	16.345	16.161	16.368	16.084	15.367	15.777	16.091	16.353	15.964	15.858
Q6UXT6	OR9H1	olfactory receptor family 9 subfamily H member 1 pseudogene (gene/pseudogene)	Homo sapiens	20.363	20.616	20.475	20.772	21.013	21.105	21.168	21.239	20.772	21.22	20.774	21.424	21.471	NA	20.186
B2R8W2	ZKSCAN3	zinc finger with KRAB and SCAN domains 3	Homo sapiens	18.002	17.848	NA	17.488	17.57	17.521	17.638	17.755	17.265	17.493	19.347	19.748	19.384	20.049	18.133
Q494V9	BTBD9	BTB domain containing 9	Homo sapiens	NA	15.39	15.547	15.284	15.011	14.762	15.645	15.931	15.176	15.711	15.617	15.623	14.989	16.122	NA
A0A126GWR8	OR2L5	olfactory receptor family 2 subfamily L member 5	Homo sapiens	NA	15.797	15.738	15.613	16.603	15.996	15.811	16.555	15.72	15.648	16.074	NA	15.997	15.97	16.097
Q7Z4A8	NME9	NME/NM23 family member 9	Homo sapiens	13.654	NA	NA	12.771	NA	NA	13.532	14.416	13.879	NA	13.613	NA	13.718	13.549	14.075
B4DKG3	SAFB2	scaffold attachment factor B2	Homo sapiens	16.305	16.009	15.999	16.208	NA	16.047	15.429	16.821	15.844	15.766	16.064	15.886	16.507	16.2	15.638
A8K7B6	CCNA2	cyclin A2	Homo sapiens	16.516	15.554	15.875	15.396	16.055	16.385	16.573	16.338	16.527	15.706	15.864	16.538	16.01	16.267	NA
A0A6Q8JFT6	PABPC1L	poly(A) binding protein cytoplasmic 1 like	Homo sapiens	13.51	NA	NA	13.035	13.594	NA	NA	NA	NA	NA	NA	14.286	14.125	14.04	14.181
P0C7Q6	SLC35G6	solute carrier family 35 member G6	Homo sapiens	NA	NA	13.891	13.059	13.365	NA	NA	NA	NA	NA	NA	NA	NA	NA	NA
A0A8V8TL59	PRKACA	protein kinase cAMP-activated catalytic subunit alpha	Homo sapiens	18.16	17.864	18.409	17.634	NA	18.368	18.439	18.518	17.977	18.286	18.186	18.318	17.986	18.705	18.004
Q12800	TFCP2	transcription factor CP2	Homo sapiens	15.117	15.353	15.269	14.569	15.441	15.033	NA	NA	14.676	NA	NA	16.025	15.262	15.155	NA
A8K0D4	TAF6L	TATA-box binding protein associated factor 6 like	Homo sapiens	15.834	15.765	15.825	NA	15.833	15.919	15.039	16.627	NA	15.272	15.369	16.069	NA	16.264	15.736
Q96S90	LYSMD1	LysM domain containing 1	Homo sapiens	13.788	NA	14.403	NA	NA	14.394	NA	14.412	NA	NA	13.866	14.14	NA	14.297	13.964
Q5H9L4	TAF7L	TATA-box binding protein associated factor 7 like	Homo sapiens	17.794	17.871	17.787	17.293	17.803	18.008	17.358	18.116	17.144	17.527	17.655	17.984	17.852	17.339	17.577
E9PED3	RAI14	retinoic acid induced 14	Homo sapiens	16.207	16.364	16.125	16.28	15.99	15.94	NA	16.56	15.753	15.487	16.162	15.999	15.828	16.409	15.925
Q2M3V1	PCDHAC2	protocadherin alpha subfamily C, 2	Homo sapiens	20.286	20.133	20.698	20.804	20.28	20.807	NA	20.507	NA	20.289	20.349	20.702	20.771	20.779	19.785
Q16270	IGFBP7	insulin like growth factor binding protein 7	Homo sapiens	16.523	16.024	16.725	15.62	16.608	15.959	NA	17.001	NA	16.269	16.223	17.075	NA	16.881	16.496
Q5TA01	GSTO1	glutathione S-transferase omega 1	Homo sapiens	13.879	NA	13.05	12.567	NA	NA	12.51	13.637	NA	NA	NA	14.025	12.92	NA	NA
H3BMS5	PHLPP2	PH domain and leucine rich repeat protein phosphatase 2	Homo sapiens	13.634	13.184	13.844	NA	13.73	NA	13.723	13.5	13.412	13.525	13.2	13.39	14.197	NA	NA
Q13257	MAD2L1	mitotic arrest deficient 2 like 1	Homo sapiens	NA	NA	14.5	NA	15.153	NA	14.677	NA	15.228	14.674	NA	14.982	14.509	15.66	14.708
A8K8M3	SMPD1	sphingomyelin phosphodiesterase 1	Homo sapiens	NA	15.824	15.6	14.865	15.563	14.591	14.72	14.741	14.282	14.422	15.9	15.556	15.573	15.574	15.151
A0A126GWT8	OR8B3	olfactory receptor family 8 subfamily B member 3	Homo sapiens	NA	NA	11.864	NA	11.799	NA	NA	12.044	NA	11.481	NA	NA	NA	NA	NA
A0A1B0GUS0	C19orf85	chromosome 19 open reading frame 85	Homo sapiens	14.95	15.171	NA	NA	15.256	15.287	NA	15.528	NA	14.375	14.887	15.1	15.515	15.601	14.456
A0A158SIU0	TET2	tet methylcytosine dioxygenase 2	Homo sapiens	16.335	16.096	16.611	16.159	16.631	16.177	16.545	16.389	16.145	15.964	15.968	16.37	16.955	16.593	15.937
A0A0S2Z500	OPTN	optineurin	Homo sapiens	15.033	15.058	14.54	NA	14.807	14.856	NA	14.858	14.743	15.258	15.626	15.186	14.447	14.635	15.175
B5MCF9	PES1	pescadillo ribosomal biogenesis factor 1	Homo sapiens	18.78	NA	18.567	17.997	18.652	18.732	18.941	19.638	17.926	18.322	17.976	18.306	18.77	19.288	18.597
A0A384P5U2	ANP32A	acidic nuclear phosphoprotein 32 family member A	Homo sapiens	15.271	NA	14.35	14.15	15.593	15.193	NA	14.568	NA	NA	14.52	14.809	14.609	NA	14.775
B4DR88	DHX40	DEAH-box helicase 40	Homo sapiens	17.181	17.453	17.648	17.001	17.892	16.645	17.591	17.848	17.376	16.873	17.086	17.246	17.243	17.697	17.369
A4D179	HOXA5	homeobox A5	Homo sapiens	17.062	17.195	17.582	NA	16.938	16.067	15.671	16.132	15.551	NA	19.912	19.008	18.503	19.202	18.654
Q8WUP2	FBLIM1	filamin binding LIM protein 1	Homo sapiens	15.1	NA	14.992	14.405	14.606	14.687	13.99	15.923	14.229	14.825	15.748	NA	NA	16.276	NA
B2RDW9	GTPBP1	GTP binding protein 1	Homo sapiens	NA	13.645	NA	NA	14.262	NA	11.319	NA	NA	NA	14.331	NA	NA	NA	13.582
A0A384NL67	LZTR1	leucine zipper like post translational regulator 1	Homo sapiens	15.35	15.143	15.179	15.155	15.838	15.279	15.567	NA	NA	14.855	15.041	15.512	15.668	15.885	NA
X5D2U0	SLC6A8	solute carrier family 6 member 8	Homo sapiens	16.522	16.678	16.638	16.315	16.813	NA	13.867	14.877	13.956	NA	NA	16.807	16.472	16.69	16.54
Q5TG99	HEYL	hes related family bHLH transcription factor with YRPW motif like	Homo sapiens	16.746	16.326	16.577	16.172	16.263	15.987	16.452	17.748	NA	16.289	16.566	16.955	16.114	17.062	16.389
A4ZVE4	FANCI	FA complementation group I	Homo sapiens	15.583	15.55	NA	14.985	15.523	15.409	15.294	16.181	15.458	15.168	16.149	15.855	15.359	16.023	15.371
A0AVG9	FLT3	fms related receptor tyrosine kinase 3	Homo sapiens	NA	16.201	NA	NA	17.142	16.496	16.308	16.483	16.08	15.976	16.143	16.458	16.276	16.411	16.213
G5E9C0	SP110	SP110 nuclear body protein	Homo sapiens	17.048	16.831	NA	16.587	16.906	16.58	16.566	16.743	16.942	16.188	16.948	16.914	16.761	NA	16.474
A6NCB6	THAP1	THAP domain containing 1	Homo sapiens	NA	NA	13.037	12.381	NA	NA	12.598	13.623	NA	NA	13.128	NA	NA	13.256	NA
O95855	TRIM33	tripartite motif containing 33	Homo sapiens	19.644	20.118	19.901	19.107	19.117	19.633	18.666	19.846	19.053	19.237	19.946	19.304	18.722	20.287	18.882
Q9NRR1	CYTL1	cytokine like 1	Homo sapiens	15.667	15.631	15.946	15.176	15.675	15.431	15.527	15.466	15.455	15.167	15.95	15.713	15.67	15.562	15.607
B4DNA6	ZNF880	zinc finger protein 880	Homo sapiens	16.769	17.27	16.538	16.425	16.869	16.994	17.116	17.346	16.669	16.278	16.972	17.396	17.446	17.048	16.797
D3DN30	DHFR2	dihydrofolate reductase 2	Homo sapiens	18.089	17.756	18.448	17.708	17.657	17.982	18.833	18.243	17.954	17.563	19.57	19.395	18.725	19.997	19.047
B5BU42	CSNK1G2	casein kinase 1 gamma 2	Homo sapiens	17.476	17.58	18.027	16.939	17.763	17.53	17.769	18.307	17.175	18.07	17.331	17.657	17.451	17.441	17.348
Q8TBK6	ZCCHC10	zinc finger CCHC-type containing 10	Homo sapiens	14.52	14.341	14.746	NA	14.897	14.916	NA	15.316	14.776	14.594	14.737	15.036	14.478	NA	14.594
A4FU01	MTMR11	myotubularin related protein 11	Homo sapiens	18.813	18.615	18.156	17.783	19.067	18.664	18.066	18.875	18.799	18.552	18.81	18.56	18.682	18.917	18.672
A0A499FJ16	TNK2	tyrosine kinase non receptor 2	Homo sapiens	16.306	NA	16.117	15.834	16.561	16.412	16.676	17.034	16.317	16.537	16.563	16.767	16.792	16.711	16.497
A3KME0	FANCF	FA complementation group F	Homo sapiens	14.831	14.862	14.679	14.708	14.937	14.336	NA	14.859	14.753	14.049	14.862	14.222	14.907	14.987	14.452
Q2VIP3	PABPC3	poly(A) binding protein cytoplasmic 3	Homo sapiens	15.35	15.749	NA	14.819	15.801	15.311	NA	16.637	15.688	15.011	NA	16.327	15.485	15.711	15.558
P00742	F10	coagulation factor X	Homo sapiens	NA	NA	NA	NA	12.446	12.442	NA	NA	NA	NA	NA	NA	12.426	NA	NA
A8K4D8	SNX16	sorting nexin 16	Homo sapiens	NA	NA	NA	NA	13.236	NA	13.713	NA	NA	NA	NA	NA	NA	NA	NA
A0A3B3IT34	LCE7A	late cornified envelope 7A	Homo sapiens	15.149	NA	14.817	14.697	NA	14.829	NA	14.793	NA	14.262	NA	14.959	14.94	NA	NA
P47874	OMP	olfactory marker protein	Homo sapiens	NA	13.668	NA	NA	13.564	13.965	NA	13.96	NA	13.232	NA	NA	13.342	13.929	12.992
A0A024RCN4	ZSCAN26	zinc finger and SCAN domain containing 26	Homo sapiens	16.27	16.125	15.854	15.14	15.597	15.336	15.415	15.983	15.369	15.336	NA	15.831	15.174	NA	15.634
D3DN95	PDIA5	protein disulfide isomerase family A member 5	Homo sapiens	NA	NA	NA	NA	12.956	12.467	13.201	13.733	NA	NA	12.878	NA	12.907	NA	NA
Q2TSD0	GAPDH	glyceraldehyde-3-phosphate dehydrogenase	Homo sapiens	15.241	15.594	15.124	15.291	15.175	15.57	15.26	15.681	15.286	14.994	15.897	15.515	15.207	16.332	14.777
A0A5F9ZH13	IFT46	intraflagellar transport 46	Homo sapiens	16.582	16.497	16.623	15.868	16.728	16.274	16.505	16.684	16.222	16.482	16.534	16.614	NA	16.774	16.161
A0A1B0GVZ2	FAM240B	family with sequence similarity 240 member B	Homo sapiens	NA	NA	NA	NA	NA	14.656	14.19	NA	NA	NA	14.76	15.801	15.17	15.559	15.051
B3KNB4	YWHAG	tyrosine 3-monooxygenase/tryptophan 5-monooxygenase activation protein gamma	Homo sapiens	15.435	14.862	14.934	14.546	15.25	15.19	14.787	15.494	14.393	14.946	15.087	15.032	14.574	15.024	14.883
A0A024RCP5	TRIM39	tripartite motif containing 39	Homo sapiens	15.281	14.337	NA	14.201	NA	15.193	NA	16.298	14.927	14.815	15.062	15.3	14.75	15.248	NA
B3KQT6	TSPAN13	tetraspanin 13	Homo sapiens	22.576	21.975	22.286	21.678	21.814	21.985	21.399	NA	21.43	21.15	21.65	21.913	22.214	22.222	21.807
P35080	PFN2	profilin 2	Homo sapiens	13.391	NA	13.23	NA	NA	NA	12.638	NA	NA	13.076	13.612	NA	13.094	NA	NA
F1T0J4	HMX1	H6 family homeobox 1	Homo sapiens	NA	16.399	16.6	15.64	16.377	16.111	16.454	16.707	16.215	NA	16.129	16.435	16.516	16.688	16.464
Q12952	FOXL1	forkhead box L1	Homo sapiens	15.411	15.244	15.57	NA	15.843	15.129	15.068	NA	15.331	15.135	15.595	16.126	15.498	NA	NA
Q53FE5	NECAP2	NECAP endocytosis associated 2	Homo sapiens	15.32	15.886	15.905	15.812	NA	15.454	15.912	16.285	NA	15.237	15.673	16.053	16.158	15.795	15.3
A0A384ME06	EFNA1	ephrin A1	Homo sapiens	15.884	15.812	15.722	15.429	16.126	15.387	15.719	16.76	15.462	15.541	15.69	16.639	15.9	16.212	15.827
A0A0A6YYJ9	SLCO1B3-SLCO1B7	SLCO1B3-SLCO1B7 readthrough	Homo sapiens	16.088	15.579	16.306	16.03	15.469	15.658	15.422	15.414	NA	15.337	15.93	16.085	NA	16.021	NA
B7Z3E7	TP53BP1	tumor protein p53 binding protein 1	Homo sapiens	17.657	17.627	17.059	16.553	17.318	17.427	16.818	17.2	16.441	16.892	16.983	17.138	17.366	18.061	16.986
A0A024R2J2	ARPP21	cAMP regulated phosphoprotein 21	Homo sapiens	17.173	16.833	16.62	16.404	17.288	17.231	17.77	17.069	16.84	16.806	17.283	17.054	16.777	17.07	17.153
O43281	EFS	embryonal Fyn-associated substrate	Homo sapiens	16.578	NA	NA	NA	16.097	16.137	14.942	16.136	15.583	15.305	15.977	16.043	15.854	NA	16.232
A0A024RE09	TMCO3	transmembrane and coiled-coil domains 3	Homo sapiens	NA	16.74	NA	16.564	16.237	16.879	NA	17.123	15.87	16.32	16.319	16.939	16.516	16.964	16.893
P0C1H6	H2BW2	H2B.W histone 2	Homo sapiens	NA	16.023	16.029	15.837	15.927	16.696	15.7	16.671	15.763	15.994	16.119	NA	16.25	16.376	NA
A0A8V8TQR3	ANKRD18A	ankyrin repeat domain 18A	Homo sapiens	15.207	15.501	NA	15.356	NA	13.111	NA	13.915	NA	NA	NA	15.19	15.995	15.664	15.583
A0A7P0Z455	DNAH5	dynein axonemal heavy chain 5	Homo sapiens	14.406	13.283	14.88	13.753	14.52	13.888	14.006	15.216	14.232	NA	NA	14.225	14.145	14.202	NA
A0A0M7BEW0	AQP1	aquaporin 1 (Colton blood group)	Homo sapiens	NA	NA	NA	NA	NA	NA	NA	NA	NA	NA	NA	NA	10.748	NA	NA
B3Y640	TLR6	toll like receptor 6	Homo sapiens	16.459	16.69	NA	NA	16.078	16.429	16.124	15.773	15.557	15.545	NA	16.288	16.069	17.114	15.745
B2R4G1	HIGD1A	HIG1 hypoxia inducible domain family member 1A	Homo sapiens	17.284	17.027	17.145	16.726	17.257	17.058	NA	18.045	16.713	17.218	NA	17.283	17.216	NA	16.855
B2RAC1	DCTN6	dynactin subunit 6	Homo sapiens	NA	16.33	16.22	NA	15.948	16.084	15.723	16.923	15.248	15.562	16.178	16.073	15.478	16.014	NA
Q502V7	TAS2R9	taste 2 receptor member 9	Homo sapiens	18.184	17.844	17.999	17.36	17.881	17.657	18.381	18.495	18.348	18.186	18.497	18.408	17.808	18.11	NA
Q8TER5	ARHGEF40	Rho guanine nucleotide exchange factor 40	Homo sapiens	18.669	18.146	17.608	17.337	18.187	18.554	17.917	18.07	NA	17.484	18.118	17.609	NA	17.853	17.452
D6RGD2	CDKN2AIP	CDKN2A interacting protein	Homo sapiens	NA	NA	NA	14.425	14.164	14.228	14.083	14.638	NA	NA	14.056	NA	NA	NA	NA
O75444	MAF	MAF bZIP transcription factor	Homo sapiens	15.344	14.669	15.476	15.504	15.467	15.167	15.175	15.592	15.756	15.816	15.421	15.659	16.217	15.833	NA
D3DPT0	ZC3H12A	zinc finger CCCH-type containing 12A	Homo sapiens	17.261	17.451	17.405	17.251	17.362	17.762	17.546	18.103	17.472	17.125	17.753	NA	16.924	17.917	17.253
Q8NBT0	POC1A	POC1 centriolar protein A	Homo sapiens	16.32	15.667	15.826	15.206	15.657	15.398	15.268	15.955	15.847	15.739	15.998	16.032	NA	15.814	NA
B4DVE5	RUNX3	RUNX family transcription factor 3	Homo sapiens	15.675	15.766	16.022	15.432	16.114	17.562	17.514	17.964	17.266	17.107	15.715	15.938	15.352	15.875	15.255
A6NGY3	C5orf52	chromosome 5 open reading frame 52	Homo sapiens	NA	NA	NA	NA	NA	12.122	NA	NA	NA	NA	12.191	11.769	NA	NA	NA
Q6PF04	ZNF613	zinc finger protein 613	Homo sapiens	NA	NA	NA	13.902	14.835	14.192	NA	NA	14.028	NA	14.406	14.276	NA	14.523	14.495
Q96GX2	ATXN7L3B	ataxin 7 like 3B	Homo sapiens	15.831	15.218	15.675	15.322	NA	15.337	NA	14.95	15.359	14.775	15.68	15.546	15.566	15.645	15.189
B7Z4N4	ZNF346	zinc finger protein 346	Homo sapiens	19.446	19.335	19.214	19.006	19.625	19.617	19.216	20.452	19.112	18.86	19.018	20.053	19.629	20.015	18.678
A0A8V8TPE2	FAM90A3	family with sequence similarity 90 member A3	Homo sapiens	15.794	15.682	15.655	15.429	15.614	15.379	15.58	16.417	15.63	14.996	15.096	NA	15.813	15.853	NA
A5PKZ6	PLCB3	phospholipase C beta 3	Homo sapiens	17.688	17.105	17.49	17.715	17.575	18.315	17.788	18.152	17.103	17.291	17.915	17.741	17.617	18.463	17.182
H7BY58	PCMT1	protein-L-isoaspartate (D-aspartate) O-methyltransferase	Homo sapiens	14.92	14.679	14.586	NA	14.79	14.957	14.842	15.576	14.578	NA	15.302	NA	15.224	14.76	14.44
A2A396	SETX	senataxin	Homo sapiens	14.552	14.332	14.071	13.942	14.502	14.572	14.666	14.955	NA	NA	14.15	NA	14.782	14.653	NA
P22670	RFX1	regulatory factor X1	Homo sapiens	15.727	15.542	15.667	15.143	15.856	16.484	16.645	NA	15.823	15.255	15.951	16.47	16.153	NA	15.958
A8K4T6	PSMD5	proteasome 26S subunit, non-ATPase 5	Homo sapiens	NA	NA	NA	NA	NA	NA	NA	13.793	NA	NA	NA	13.937	NA	NA	13.478
P59045	NLRP11	NLR family pyrin domain containing 11	Homo sapiens	16.252	15.295	15.413	15.498	15.467	16.091	15.176	16.388	15.541	15.973	NA	16.141	15.653	15.806	NA
Q5JPJ6	PLEKHH2	pleckstrin homology, MyTH4 and FERM domain containing H2	Homo sapiens	17.146	16.832	17.106	16.547	16.92	17.572	16.799	17.352	17.346	16.819	16.877	17.191	17.536	17.261	16.7
A0A1W2PPX4	PAX4	paired box 4	Homo sapiens	18.327	18.24	18.414	17.211	18.426	18.541	17.943	18.333	18.359	17.874	NA	18.12	18.615	17.986	17.73
A8K6B0	ZNF114	zinc finger protein 114	Homo sapiens	17.945	17.163	17.683	17.298	17.749	17.721	17.894	18.225	16.978	17.604	NA	16.734	NA	15.93	15.795
A8K350	SP8	Sp8 transcription factor	Homo sapiens	20.418	19.966	20.496	20.691	20.333	20.719	20.404	21.396	19.978	20.708	19.898	20.27	NA	20.036	20.33
A0A126GVJ2	OR51G2	olfactory receptor family 51 subfamily G member 2	Homo sapiens	16.602	16.807	17.324	16.644	17.436	15.659	15.423	NA	15.466	14.978	17.745	17.57	17.093	17.142	17.015
P23434	GCSH	glycine cleavage system protein H	Homo sapiens	15.462	15.485	15.578	15.593	14.718	15.352	14.827	16.104	NA	NA	15.225	15.351	15.8	NA	15.137
A8MPX8	PP2D1	protein phosphatase 2C like domain containing 1	Homo sapiens	NA	14.393	14.499	14.273	15.156	14.752	14.035	14.846	14.138	14.577	15.341	14.989	14.887	14.765	14.21
B2R892	CKM	creatine kinase, M-type	Homo sapiens	19.327	18.03	18.854	18.435	18.805	18.307	18.553	18.966	18.162	18.543	19.245	18.831	18.621	18.616	18.172
B3KQ68	SEC61A2	SEC61 translocon subunit alpha 2	Homo sapiens	15.242	14.93	NA	NA	NA	14.68	NA	14.973	14.394	NA	NA	15.049	14.575	15.029	14.31
A0A0U1RRL5	ELF1	E74 like ETS transcription factor 1	Homo sapiens	17.952	17.647	17.688	18.33	18.165	18.387	17.938	18.599	17.952	18.695	17.166	18.466	18.189	18.381	17.93
Q14392	LRRC32	leucine rich repeat containing 32	Homo sapiens	15.183	NA	14.762	15.084	15.384	15.398	NA	15.715	15.259	14.936	15.546	15.566	15.405	NA	NA
A8K8H7	LRRC71	leucine rich repeat containing 71	Homo sapiens	14.878	14.725	15.006	14.41	14.996	NA	NA	15.482	14.755	NA	14.497	NA	14.621	15.039	NA
B2R824	DNAJB4	DnaJ heat shock protein family (Hsp40) member B4	Homo sapiens	12.978	NA	13.496	NA	NA	NA	NA	NA	13.414	NA	12.984	14.098	NA	13.631	NA
A8K615	FZD3	frizzled class receptor 3	Homo sapiens	16.999	NA	16.526	16.406	17.229	17.139	17.198	NA	17.182	17.001	17.106	17.79	17.245	17.363	17.517
A8K3E7	APPL2	adaptor protein, phosphotyrosine interacting with PH domain and leucine zipper 2	Homo sapiens	16.488	15.78	NA	15.59	16.481	15.927	15.939	16.574	NA	16.403	18.301	18.971	18.254	18.595	18.405
A0A0C4DFM7	TUT4	terminal uridylyl transferase 4	Homo sapiens	17.253	15.806	16.101	15.859	16.38	16.431	16.897	16.808	16.412	15.865	17.701	18.394	18.051	17.855	17.852
A8K8W7	LIPE	lipase E, hormone sensitive type	Homo sapiens	16.349	NA	15.756	16.034	16.274	16.473	15.845	16.72	16.016	15.596	16.271	16.396	16.162	15.975	16.202
A0AAG2UXC4	LOC124906750	putative protein FAM90A24P	Homo sapiens	14.091	14.18	14.344	13.201	14.051	14.288	NA	14.575	14.243	NA	NA	14.379	14.81	14.456	14.629
A0A0A0MT18	ZNF623	zinc finger protein 623	Homo sapiens	18.327	18.199	18.217	17.64	18.412	17.992	18.043	19.087	18.147	18.896	18.509	18.621	18.162	18.777	NA
Q96L46	CAPNS2	calpain small subunit 2	Homo sapiens	NA	13.123	13.119	NA	NA	NA	NA	14.054	12.776	NA	NA	NA	NA	NA	NA
D3DVZ2	RNF24	ring finger protein 24	Homo sapiens	17.989	17.706	17.766	17.723	17.36	18.335	17.677	18.446	17.628	NA	18.844	19.683	19.148	19.307	18.796
A0A1B0GUX0	SPMIP1	sperm microtubule inner protein 1	Homo sapiens	NA	15.261	NA	15.824	16.709	15.978	NA	15.989	15.687	15.932	16.182	15.862	15.767	16.336	15.801
H3BLU2	LSAMP	limbic system associated membrane protein	Homo sapiens	16.912	16.447	16.293	16.392	15.944	16.313	16.47	16.905	15.942	16.662	16.359	16.477	15.935	17.045	15.967
F5H550	LOC128966624	C-type lectin domain family 18 member C-like	Homo sapiens	18.215	17.322	17.135	17.27	16.879	17.791	17.48	17.827	17.242	17.153	17.359	17.848	17.401	17.732	17.134
Q5W0U4	BSPRY	B-box and SPRY domain containing	Homo sapiens	14.993	15.585	15.002	14.78	15.581	15.854	14.992	16.094	14.659	14.933	15.129	15.302	15.423	NA	NA
G8JLC5	RAB28	RAB28, member RAS oncogene family	Homo sapiens	16.886	16.593	16.591	16.508	16.466	NA	16.381	16.701	16.267	15.878	16.978	17.238	16.335	16.278	NA
Q8TDN7	ACER1	alkaline ceramidase 1	Homo sapiens	15.643	15.165	NA	15.682	15.801	16.103	15.471	16.036	15.768	15.529	14.763	15.036	NA	15.184	NA
B1B1E8	TEX28	testis expressed 28	Homo sapiens	17.045	17.123	16.542	16.907	NA	18.353	18.378	19.346	17.935	18.676	18.258	19.182	18.966	18.928	18.876
A6NFY5	ADORA1	adenosine A1 receptor	Homo sapiens	15.787	15.637	15.401	14.728	NA	NA	NA	13.829	NA	NA	15.047	15.342	NA	15.629	NA
Q8TAI7	RHEBL1	RHEB like 1	Homo sapiens	NA	14.253	NA	13.651	14.505	14.631	14.241	14.667	NA	NA	15.04	14.895	14.999	NA	NA
Q6UW49	SPESP1	sperm equatorial segment protein 1	Homo sapiens	18.997	18.848	18.604	18.529	18.408	18.742	18.27	19.651	18.345	18.594	18.344	18.725	19.173	18.622	18.993
A8K3E1	AFM	afamin	Homo sapiens	14.283	14.473	14.212	NA	14.078	NA	13.955	14.249	NA	13.849	13.776	NA	NA	NA	13.802
A0A126GVJ0	OR6B1	olfactory receptor family 6 subfamily B member 1	Homo sapiens	15.995	16.488	16.32	16.399	16.946	16.75	16.47	16.709	16.343	16.275	16.618	17.015	16.302	16.876	16.345
A0AAQ5BGK0	PAX7	paired box 7	Homo sapiens	12.75	NA	13.212	NA	NA	NA	NA	12.694	NA	NA	NA	NA	NA	NA	NA
O60449	LY75-CD302	LY75-CD302 readthrough	Homo sapiens	16.023	16.497	16.403	15.704	16.696	15.983	NA	17.074	16.315	16.822	16.121	16.942	17.363	16.649	16.614
A0A0A0MT67	MUC15	mucin 15, cell surface associated	Homo sapiens	18.636	18.59	19.149	18.099	19.12	18.719	18.674	19.234	18.502	18.496	17.946	17.476	17.684	18.085	17.528
P17483	HOXB4	homeobox B4	Homo sapiens	NA	14.822	15.65	14.431	NA	15.389	NA	15.708	NA	14.62	14.89	15.467	15.191	15.636	NA
A0A024RDH7	PLAC8	placenta associated 8	Homo sapiens	17.382	17.093	NA	16.736	17.211	17.423	17.362	17.767	17.436	17.214	16.975	17.49	16.992	17.503	17.528
A0A2R8Y549	PATJ	PATJ crumbs cell polarity complex component	Homo sapiens	15.226	NA	14.35	NA	14.713	15.038	14.591	15.597	14.521	15.394	NA	15.159	14.883	14.918	NA
Q8IZV2	CMTM8	CKLF like MARVEL transmembrane domain containing 8	Homo sapiens	NA	13.879	13.99	13.937	NA	14.143	NA	14.488	13.772	13.804	14.636	NA	NA	14.715	13.407
A0A0A0MQU8	IFNA6	interferon alpha 6	Homo sapiens	17.818	16.983	17.21	16.515	17.296	17.444	16.907	17.691	16.761	16.79	17.317	17.327	16.648	17.003	16.253
A0A1U9X797	ATAT1	alpha tubulin acetyltransferase 1	Homo sapiens	14.956	14.873	14.896	14.58	15.347	NA	NA	NA	NA	14.934	NA	NA	14.498	15.245	NA
A0A0S2Z613	RDH12	retinol dehydrogenase 12	Homo sapiens	13.969	13.737	NA	NA	14.032	13.067	NA	14.344	13.69	NA	NA	14.31	13.456	NA	13.46
B9EIL2	KRTAP10-6	keratin associated protein 10-6	Homo sapiens	17.097	17.686	16.609	16.597	16.963	17.346	16.87	17.06	16.899	16.588	16.589	16.956	NA	16.861	16.475
A0A3B3ISA7	ADAP1	ArfGAP with dual PH domains 1	Homo sapiens	17.156	17.137	16.628	16.635	17.273	17.322	16.452	17.325	17.177	16.825	17.482	17.426	17.603	17.061	17.466
Q7RTY9	PRSS41	serine protease 41	Homo sapiens	14.966	NA	15.048	NA	NA	15.318	14.382	15.297	NA	14.326	13.532	NA	13.893	13.953	13.472
A0A0A0MQR2	RTF2	replication termination factor 2	Homo sapiens	18.872	19.047	18.765	18.422	18.957	19.209	19.201	19.868	18.812	19.047	18.571	19.266	19.096	19.26	18.736
Q9BTZ2	DHRS4	dehydrogenase/reductase 4	Homo sapiens	15.806	15.276	15.198	15.449	NA	NA	15.815	15.571	15.381	14.811	NA	14.307	14.36	15.063	13.429
Q86W67	FAM228A	family with sequence similarity 228 member A	Homo sapiens	15.074	NA	15.423	14.654	NA	15.431	15.569	15.81	14.704	15.035	15.435	NA	NA	15.337	NA
A0A126GWM8	OR9G1	olfactory receptor family 9 subfamily G member 1	Homo sapiens	14.606	13.829	13.728	14.504	NA	NA	NA	NA	NA	NA	13.32	14.313	NA	NA	NA
A8K3M0	PITX1	paired like homeodomain 1	Homo sapiens	15.75	15.28	15.324	15.081	15.706	15.445	NA	16.526	NA	NA	15.575	NA	15.487	15.855	15.592
A8K103	ARRB1	arrestin beta 1	Homo sapiens	18.742	18.429	18.571	18.713	19.439	19.711	19.35	19.132	18.697	18.537	19.561	19.448	19.305	NA	18.427
A7E2D9	PCDH9	protocadherin 9	Homo sapiens	NA	15.188	14.851	NA	15.332	NA	15.172	NA	NA	14.86	15.335	15.878	15.438	15.989	15.376
H3BSH7	UTP4	UTP4 small subunit processome component	Homo sapiens	15.752	14.926	15.147	NA	NA	17.658	18.048	18.009	17.504	17.874	12.58	13.881	13.219	13.203	NA
A0A2X0SFH6	DOCK3	dedicator of cytokinesis 3	Homo sapiens	17.253	17.976	17.57	17.36	17.555	17.878	17.604	18.537	17.766	NA	19.852	20.286	19.56	19.927	19.314
B0YJ63	PHLDB1	pleckstrin homology like domain family B member 1	Homo sapiens	17.463	17.307	17.624	17.149	16.884	17.514	16.736	18.32	17.58	17.104	16.536	17.9	17.72	17.345	17.637
A6NDC7	RASGRP2	RAS guanyl releasing protein 2	Homo sapiens	17.758	17.957	18.217	17.915	17.41	18.125	17.635	19.188	17.674	17.7	17.737	18.502	17.872	NA	17.745
B3KVP3	RSPO2	R-spondin 2	Homo sapiens	NA	NA	14.04	14.351	14.646	NA	NA	14.572	14.586	14.197	NA	14.409	14.475	NA	14.243
A8K8P1	CPAP	centrosome assembly and centriole elongation protein	Homo sapiens	15.579	NA	15.507	NA	15.702	16.26	15.089	NA	15.235	14.758	15.48	15.551	15.278	15.783	14.979
A0A140VJQ8	PXN	paxillin	Homo sapiens	16.769	17.026	16.522	16.264	16.9	17.165	16.513	17.057	16.646	16.559	16.794	16.737	16.716	16.917	16.575
B2R716	TRUB1	TruB pseudouridine synthase family member 1	Homo sapiens	19.396	19.24	19.634	18.701	19.377	19.154	18.937	19.785	18.396	18.354	18.969	19.256	18.658	19.295	19.118
D3DV90	HCN3	hyperpolarization activated cyclic nucleotide gated potassium channel 3	Homo sapiens	16.612	NA	16.292	16.877	17.301	16.521	17.29	16.982	16.542	16.733	16.712	16.947	16.918	16.925	16.531
C9J8T6	COX17	cytochrome c oxidase copper chaperone COX17	Homo sapiens	16.656	17.406	16.097	16.528	NA	16.203	16.329	NA	16.931	16.658	16.491	17.295	16.559	16.425	16.339
A6NK44	GLOD5	glyoxalase domain containing 5	Homo sapiens	16.668	16.228	16.285	16.387	NA	16.236	16.225	16.41	16.587	15.686	15.932	16.464	16.077	16.195	16.113
A5LGM8	ALKBH6	alkB homolog 6	Homo sapiens	18.704	18.355	18.92	18.006	18.961	18.755	18.282	19.023	18.034	17.811	18.544	18.624	18.933	18.813	19.028
Q6YFQ2	COX6B2	cytochrome c oxidase subunit 6B2	Homo sapiens	12.92	NA	12.775	NA	NA	NA	12.65	NA	NA	NA	NA	NA	NA	NA	NA
B4DWL6	GOLPH3	golgi phosphoprotein 3	Homo sapiens	19.293	19.071	18.77	18.673	18.68	19.132	19.503	20.067	19.196	19.576	19.535	19.122	19.199	19.112	18.808
A6ND26	TENM4	teneurin transmembrane protein 4	Homo sapiens	17.873	NA	17.482	17.371	18.32	17.764	16.94	18.106	NA	17.481	17.47	18.277	17.729	17.804	17.239
B4DU55	ZNF879	zinc finger protein 879	Homo sapiens	16.986	17.711	17.449	17.291	17.339	18.036	17.554	NA	16.949	17.409	16.913	18.538	17.15	17.913	17.055
P0C025	NUDT17	nudix hydrolase 17	Homo sapiens	13.138	NA	NA	NA	NA	NA	NA	NA	NA	NA	12.948	NA	NA	NA	NA
B4DRJ3	NFIA	nuclear factor I A	Homo sapiens	15.766	15.606	15.705	NA	16.181	16.193	15.792	16.771	15.539	16.03	15.571	NA	15.857	NA	16.347
B4DQS3	DBNDD1	dysbindin domain containing 1	Homo sapiens	17.069	17.064	16.978	16.065	16.897	17.496	16.992	16.955	17.173	16.77	16.86	17.282	NA	17.045	16.827
Q3B7J3	ZCCHC3	zinc finger CCHC-type containing 3	Homo sapiens	13.776	NA	NA	13.571	13.854	14.896	NA	NA	14.035	NA	13.912	NA	14.6	NA	14.076
B4DT66	SDAD1	SDA1 domain containing 1	Homo sapiens	18.356	17.805	17.745	17.687	18.222	18.311	17.371	19.135	17.511	17.631	18.189	NA	18.397	18.369	18.155
B2RWN5	HEATR1	HEAT repeat containing 1	Homo sapiens	NA	15.148	NA	NA	14.923	15.377	NA	15.706	14.558	NA	15.146	15.471	15.192	15.63	14.127
U3KQK1	LSM4	LSM4 homolog, U6 small nuclear RNA and mRNA degradation associated	Homo sapiens	16.301	15.769	NA	15.239	17.013	16.817	15.67	16.778	16.673	15.691	15.5	16.483	16.275	16.667	15.922
A0A384NPU2	HINT1	histidine triad nucleotide binding protein 1	Homo sapiens	15.776	16.095	15.681	15.893	NA	NA	15.774	16.401	16.119	15.979	NA	14.953	14.488	14.57	NA
Q495U0	SASS6	SAS-6 centriolar assembly protein	Homo sapiens	18.377	17.675	NA	17.11	18.025	17.66	17.289	18.025	17.939	16.997	18.28	17.773	17.815	17.967	17.719
Q14206	RCAN2	regulator of calcineurin 2	Homo sapiens	14.515	14.124	15.541	14.278	15.156	14.595	14.511	15.412	NA	14.56	15.014	15.303	14.604	14.566	14.656
B1AN79	TNFRSF8	TNF receptor superfamily member 8	Homo sapiens	17.94	18.614	19.01	18.092	18.271	18.536	18.128	18.669	18.224	18.107	18.642	18.675	18.669	18.949	18.14
Q7Z402	TMC7	transmembrane channel like 7	Homo sapiens	16.983	16.765	16.558	16.414	16.611	17.16	16.896	17.17	16.537	16.751	NA	16.889	NA	16.683	16.295
Q4VBZ0	SLC25A28	solute carrier family 25 member 28	Homo sapiens	14.645	NA	14.393	NA	14.912	NA	14.37	14.778	14.073	NA	NA	NA	NA	14.903	NA
A0A0J9YWT6	TAS2R19	taste 2 receptor member 19	Homo sapiens	18.058	17.575	18.278	17.988	18.696	18.306	18.319	18.797	17.87	18.117	18.28	18.308	18.171	18.219	18.23
Q86VH2	KIF27	kinesin family member 27	Homo sapiens	18.523	NA	19.096	18.556	19	18.947	18.575	19.283	18.588	18.807	18.197	18.883	18.13	18.899	18.564
P27469	G0S2	G0/G1 switch 2	Homo sapiens	16.614	16.893	16.476	16.296	16.832	17.035	16.539	16.755	16.758	16.425	16.668	17.146	16.637	16.829	16.574
V9GXZ4	FPGT-TNNI3K	FPGT-TNNI3K readthrough	Homo sapiens	NA	NA	NA	12.589	NA	NA	NA	13.838	NA	NA	NA	NA	13.482	NA	NA
B7Z4B6	NF2	NF2, moesin-ezrin-radixin like (MERLIN) tumor suppressor	Homo sapiens	15.024	14.759	14.415	NA	14.462	NA	14.799	14.907	14.464	13.959	14.339	14.506	14.213	14.506	14.688
B2R8A9	BCKDHA	branched chain keto acid dehydrogenase E1 subunit alpha	Homo sapiens	NA	13.322	NA	NA	13.376	NA	NA	13.486	13.17	NA	13.621	NA	NA	NA	12.735
B4E3F5	EAF1	ELL associated factor 1	Homo sapiens	14.884	14.501	14.409	14.889	14.847	NA	14.181	NA	NA	14.279	14.63	15.124	14.381	14.914	NA
A8K4C6	NRF1	nuclear respiratory factor 1	Homo sapiens	17.749	17.934	17.286	17.136	17.201	17.422	17.301	18.048	17.133	17.295	17.502	17.641	17.59	17.262	17.18
A0A087X0R6	SNX12	sorting nexin 12	Homo sapiens	18.078	17.863	16.975	17.552	17.42	17.725	17.464	17.85	17.68	17.421	17.331	18.185	NA	17.702	17.148
A0AAG2TUE6	ZSWIM4	zinc finger SWIM-type containing 4	Homo sapiens	15.7	16.146	15.526	15.809	NA	17.982	17.236	18.203	17.3	17.439	16.436	16.12	16.085	15.757	15.54
A2RUE5	SYCP2	synaptonemal complex protein 2	Homo sapiens	14.66	NA	14.1	NA	14.93	14.915	14.26	15.727	14.496	15.03	13.929	14.422	NA	NA	13.601
Q6ZP61	ILDR1	immunoglobulin like domain containing receptor 1	Homo sapiens	15.512	15.549	15.519	14.676	15.607	15.854	NA	16.009	NA	NA	15.327	16.307	15.385	15.732	15.128
A0A286YFI5	OR1S2	olfactory receptor family 1 subfamily S member 2	Homo sapiens	17.226	16.789	16.69	NA	16.674	16.719	16.567	17.004	15.913	16.37	16.396	16.794	16.676	16.947	16.828
A8K281	CSDE1	cold shock domain containing E1	Homo sapiens	19.025	18.708	19.052	18.505	18.909	19.174	18.932	19.211	18.623	18.821	18.952	19.758	19.18	18.876	18.835
E9PMC9	EMSY	EMSY transcriptional repressor, BRCA2 interacting	Homo sapiens	17.872	17.837	NA	17.71	18.402	18.097	17.989	18.33	18.409	17.512	16.51	16.82	16.314	16.428	16.19
A0A0A6YY99	TNFSF12-TNFSF13	TNFSF12-TNFSF13 readthrough	Homo sapiens	15.582	15.225	14.915	14.811	15.053	14.974	14.675	NA	NA	14.732	15.292	15.086	15.414	NA	14.963
Q9NRE2	TSHZ2	teashirt zinc finger homeobox 2	Homo sapiens	17.942	17.801	17.261	17.019	17.637	17.537	17.782	18.033	17.114	17.262	17.484	17.73	17.478	17.998	17.435
W0S1B5	FER	FER tyrosine kinase	Homo sapiens	18.857	18.708	18.687	17.784	18.764	19.082	18.654	NA	18.682	18.221	18.955	18.796	18.515	18.449	18.292
B2RE11	TRIR	telomerase RNA component interacting RNase	Homo sapiens	16.168	16.505	NA	15.797	16.13	15.816	16.058	16.534	15.98	16.229	15.193	15.706	14.994	15.295	14.705
A0A087WWG3	ZNG1E	Zn regulated GTPase metalloprotein activator 1E	Homo sapiens	NA	NA	14.418	NA	14.193	NA	NA	NA	13.537	13.946	14.422	NA	NA	13.719	NA
G3V131	ZNF57	zinc finger protein 57	Homo sapiens	13.74	14.179	13.579	NA	13.557	NA	NA	NA	NA	NA	14.392	NA	NA	13.73	13.483
A2RTY8	NIPAL2	NIPA like domain containing 2	Homo sapiens	15.816	15.437	15.948	15.71	15.519	15.853	15.263	16.702	15.916	15.518	15.778	15.726	15.631	16.103	15.219
B3KXG8	SLC16A3	solute carrier family 16 member 3	Homo sapiens	16.101	16.379	16.271	15.6	16.38	16.223	16.635	16.444	16.301	15.693	16.34	16.68	16.854	NA	15.654
P49961	ENTPD1	ectonucleoside triphosphate diphosphohydrolase 1	Homo sapiens	NA	NA	NA	NA	NA	NA	NA	13.295	12.451	NA	NA	NA	13.128	12.998	NA
A0A0S2Z652	COG7	component of oligomeric golgi complex 7	Homo sapiens	15.047	14.508	NA	NA	14.667	14.769	14.271	NA	14.567	NA	NA	NA	NA	14.969	14.419
E9PRT6	PNLIPRP1	pancreatic lipase related protein 1	Homo sapiens	18.279	17.235	18.046	18.248	17.911	18.359	17.898	18.505	17.905	17.949	17.722	18.923	18.503	18.115	17.826
B4E0M0	TMEM81	transmembrane protein 81	Homo sapiens	NA	NA	NA	NA	NA	NA	NA	12.48	NA	12.256	NA	NA	NA	NA	NA
D3DUA6	TNFRSF12A	TNF receptor superfamily member 12A	Homo sapiens	18.103	17.435	17.086	17.43	17.283	NA	17.08	18.135	16.699	17.194	17.04	18.145	17.863	17.812	17.223
Q8N7B9	EFCAB3	EF-hand calcium binding domain 3	Homo sapiens	NA	NA	NA	NA	13.397	NA	NA	13.727	NA	13.269	NA	NA	NA	NA	NA
A1L3A8	OTOA	otoancorin	Homo sapiens	14.884	14.569	NA	NA	NA	14.624	NA	14.662	NA	13.98	14.308	14.558	14.446	15.345	14.421
B2R4R2	LTO1	LTO1 maturation factor of ABCE1	Homo sapiens	16.313	16.499	15.608	15.345	15.697	NA	NA	16.17	15.236	14.846	15.372	15.997	15.451	NA	15.694
A0A6Q8PFK8	HSPB1	heat shock protein family B (small) member 1	Homo sapiens	18.618	19.25	NA	18.719	19.038	19.142	19.063	19.389	NA	18.764	18.621	19.054	19.342	18.961	18.701
B7ZLH2	LMX1B	LIM homeobox transcription factor 1 beta	Homo sapiens	NA	NA	NA	NA	NA	13.319	13.389	13.761	12.723	NA	13.413	13.185	NA	NA	NA
A0A9L9PXU1	OGG1	8-oxoguanine DNA glycosylase	Homo sapiens	14.732	14.951	14.506	14.97	NA	14.78	14.516	15.192	14.914	NA	15.01	14.768	NA	NA	14.62
A0A0U1RR71	PLEKHG3	pleckstrin homology and RhoGEF domain containing G3	Homo sapiens	14.573	13.555	14.597	NA	NA	NA	13.792	14.47	13.421	13.461	14.135	NA	13.972	NA	14.31
Q59EJ8	KAT5	lysine acetyltransferase 5	Homo sapiens	NA	NA	NA	13.651	14.601	14.713	13.872	NA	NA	13.7	14.136	NA	14.229	NA	15.009
Q5VU19	SERBP1	SERPINE1 mRNA binding protein 1	Homo sapiens	NA	NA	NA	NA	NA	NA	NA	12.48	NA	NA	NA	NA	NA	11.706	NA
Q16520	BATF	basic leucine zipper ATF-like transcription factor	Homo sapiens	NA	14.208	NA	NA	NA	14.499	NA	NA	NA	13.365	13.983	13.794	13.342	14.113	14.575
A0A087WXH3	FOLR3	folate receptor gamma	Homo sapiens	17.541	17.375	17.581	17.337	17.609	17.36	16.976	17.828	16.86	17.046	17.618	NA	17.341	17.665	17.562
A5X5Y0	HTR3E	5-hydroxytryptamine receptor 3E	Homo sapiens	16.827	17.423	17.043	16.421	16.683	16.964	16.943	17.281	16.67	16.527	16.636	16.788	17.151	17.492	16.259
A0A0K0PUV2	FFAR3	free fatty acid receptor 3	Homo sapiens	NA	18.314	18.397	18.267	19.187	18.929	18.556	19.304	18.283	18.225	18.632	18.862	18.459	18.936	18.951
B7Z390	ADAM15	ADAM metallopeptidase domain 15	Homo sapiens	15.606	NA	NA	NA	15.434	15.417	14.848	14.791	15.246	15.108	15.031	15.301	NA	15.529	15.472
B2R569	CNFN	cornifelin	Homo sapiens	NA	17.254	16.886	17.016	17.059	17.1	16.941	17.57	16.597	16.978	16.269	17.529	16.941	17.357	17.195
A0A140T8Z4	LY6G6F-LY6G6D	LY6G6F-LY6G6D readthrough	Homo sapiens	NA	13.263	14.611	13.404	NA	14.025	13.47	14.488	NA	13.675	14.178	14.61	14.325	14.132	NA
A0A3B3ISV0	PRSS51	serine protease 51	Homo sapiens	18.464	18.224	18.503	18.013	18.365	18.425	17.87	19.372	18.307	17.538	18.569	18.609	18.454	18.166	17.884
Q9BWG4	SSBP4	single stranded DNA binding protein 4	Homo sapiens	16.192	16.104	16.747	NA	16.488	16.241	16.521	17.04	16.082	16.277	16.639	17.271	16.813	16.823	15.669
Q6P2P2	PRMT9	protein arginine methyltransferase 9	Homo sapiens	20.668	21.085	21.007	20.958	20.861	20.997	20.828	21.517	NA	20.247	21.285	21.462	21.225	21.187	20.647
Q14563	SEMA3A	semaphorin 3A	Homo sapiens	15.7	16.402	15.337	15.404	16.226	16.354	15.427	15.942	15.414	15.349	16.018	15.724	16.259	16.144	15.448
A0A8I5KZ28	ATE1	arginyltransferase 1	Homo sapiens	NA	NA	13.394	NA	NA	13.367	NA	13.626	NA	NA	NA	13.772	13.13	13.559	NA
A0A0G2JLG4	ASIC5	acid sensing ion channel subunit family member 5	Homo sapiens	16.973	NA	16.881	16.449	17.153	17.083	16.521	16.66	16.61	16.799	16.986	17.044	17.201	NA	16.811
O75838	CIB2	calcium and integrin binding family member 2	Homo sapiens	17.189	17.253	16.474	16.62	16.99	17.13	16.796	17.619	16.534	16.54	17.015	16.972	17.352	NA	16.209
Q56A86	AKT3	AKT serine/threonine kinase 3	Homo sapiens	18.553	18.571	19.04	18.396	18.914	18.927	18.807	18.63	18.556	18.407	18.267	18.464	18.118	18.502	NA
H0YKU8	USP3	ubiquitin specific peptidase 3	Homo sapiens	NA	15.427	15.134	15.091	NA	14.906	14.963	15.456	15.316	14.976	15.239	15.705	15.378	15.308	14.855
B4DV28	CNDP2	carnosine dipeptidase 2	Homo sapiens	NA	NA	NA	NA	NA	13.157	NA	NA	NA	NA	13.097	NA	NA	13.075	NA
A0A384NYG5	MED17	mediator complex subunit 17	Homo sapiens	17.834	17.805	17.595	17.523	17.859	17.514	17.902	18.18	17.512	17.299	19.052	19.187	19.672	19.422	19.212
A0A0M3R6J9	MAP7D2	MAP7 domain containing 2	Homo sapiens	13.861	NA	13.998	13.988	13.986	13.969	14.113	14.669	14.144	14.252	15.406	14.313	14.444	14.915	14.138
B4DXA1	GPS2	G protein pathway suppressor 2	Homo sapiens	NA	NA	NA	NA	NA	12.023	NA	NA	11.596	NA	NA	12.236	NA	11.859	NA
E1P624	WFDC11	WAP four-disulfide core domain 11	Homo sapiens	16.442	15.878	15.894	NA	15.915	16.571	16.034	16.511	16.293	15.529	16.566	16.108	16.104	16.142	16.569
Q9H0M4	ZCWPW1	zinc finger CW-type and PWWP domain containing 1	Homo sapiens	15.486	15.29	15.162	15.186	15.457	15.385	15.405	15.906	15.765	15.365	15.898	15.377	15.633	15.869	15.355
D3DQP9	HARBI1	harbinger transposase derived 1	Homo sapiens	NA	16.291	15.466	15.385	15.892	15.133	15.477	15.707	15.508	15.25	15.245	15.503	15.6	16.149	NA
A0JP64	KRTAP4-2	keratin associated protein 4-2	Homo sapiens	17.79	17.434	17.188	17.165	16.84	17.691	18.016	17.917	17.265	17.251	17.858	17.723	17.628	17.455	17.224
Q6P662	PPM1N	protein phosphatase, Mg2+/Mn2+ dependent 1N (putative)	Homo sapiens	16.14	16.684	17.068	16.686	NA	16.899	NA	17.358	NA	16.466	16.211	16.748	NA	NA	17.046
B2RU26	TG	thyroglobulin	Homo sapiens	15.735	15.899	NA	15.833	15.615	15.395	15.816	16.123	15.685	NA	15.468	16.314	15.708	15.171	15.527
A0A1B0GWA6	SCN2A	sodium voltage-gated channel alpha subunit 2	Homo sapiens	NA	14.764	NA	NA	14.291	NA	NA	NA	14.739	NA	14.224	NA	14.45	NA	14.574
Q68G75	LEMD1	LEM domain containing 1	Homo sapiens	20.075	19.815	19.391	19.455	19.553	19.929	19.67	20.402	19.332	19.261	19.773	19.978	19.764	19.657	19.846
Q8WTV1	THAP3	THAP domain containing 3	Homo sapiens	14.38	14.61	14.479	NA	NA	14.885	14.504	NA	15.065	NA	14.78	14.965	14.671	NA	14.331
A0A804HK68	EFCC1	EF-hand and coiled-coil domain containing 1	Homo sapiens	11.792	NA	NA	NA	NA	13.311	NA	NA	13.231	NA	NA	NA	NA	NA	NA
A8K2P0	LRRC17	leucine rich repeat containing 17	Homo sapiens	NA	17.648	17.315	17.135	17.625	17.567	16.953	17.7	17.372	17.141	17.14	17.306	17.341	17.273	16.822
P12724	RNASE3	ribonuclease A family member 3	Homo sapiens	15.826	15.243	NA	15.285	15.822	15.434	14.71	16.166	15.53	15	15.49	16.145	16.46	15.134	15.724
Q4KMG3	GALNT16	polypeptide N-acetylgalactosaminyltransferase 16	Homo sapiens	16.333	15.998	NA	15.201	15.695	15.394	NA	16.091	15.288	15.169	15.471	15.677	15.893	NA	15.859
G3XA83	B4GALT6	beta-1,4-galactosyltransferase 6	Homo sapiens	20.438	19.929	19.83	19.834	19.769	19.757	NA	19.704	19.901	19.869	20.023	19.84	20.25	20.112	19.014
B2RDA4	TM4SF4	transmembrane 4 L six family member 4	Homo sapiens	NA	NA	13.904	13.765	13.932	14.328	NA	14.743	14.177	NA	12.944	NA	NA	13.606	13.102
A8K7B8	STAT3	signal transducer and activator of transcription 3	Homo sapiens	15.794	15.139	15.984	15.293	15.525	NA	15.567	16.567	15.621	15.678	15.508	15.932	16.014	15.716	15.414
A8K4K9	EMC2	ER membrane protein complex subunit 2	Homo sapiens	14.561	15.302	14.583	14.916	15.018	NA	NA	14.162	14.677	14.774	14.808	NA	14.616	14.815	14.237
O95972	BMP15	bone morphogenetic protein 15	Homo sapiens	15.115	15.13	14.92	NA	15.257	14.586	14.966	14.964	14.651	14.747	NA	NA	14.988	14.77	14.217
P51617	IRAK1	interleukin 1 receptor associated kinase 1	Homo sapiens	17.115	16.622	16.171	16.747	16.821	NA	17.062	17.572	16.56	16.362	16.38	16.903	16.368	16.164	15.83
A4D1F1	STEAP2	STEAP2 metalloreductase	Homo sapiens	NA	NA	NA	13.016	13.261	NA	NA	NA	13.212	NA	NA	NA	NA	NA	NA
A6NEQ2	FAM181B	family with sequence similarity 181 member B	Homo sapiens	17.921	18.463	18.774	17.881	18.288	17.655	18.289	19.065	17.974	18.37	NA	18.471	NA	NA	18.023
Q6FHU3	PSME1	proteasome activator subunit 1	Homo sapiens	15.767	15.398	NA	15.087	15.491	14.983	15.173	15.974	14.798	14.484	14.917	15.84	15.455	15.445	15.235
Q9UHM6	OPN4	opsin 4	Homo sapiens	16.072	NA	15.88	15.038	NA	15.801	15.547	15.714	15.535	NA	15.12	15.545	15.165	15.592	14.921
B2RC78	POLB	DNA polymerase beta	Homo sapiens	12.823	12.885	NA	NA	NA	12.482	NA	NA	NA	NA	12.877	NA	NA	NA	NA
Q7Z7M9	GALNT5	polypeptide N-acetylgalactosaminyltransferase 5	Homo sapiens	15.08	15.042	15.099	NA	15.317	NA	15.232	NA	NA	NA	NA	15.532	15.679	15.404	15.058
B7Z224	ETNPPL	ethanolamine-phosphate phospho-lyase	Homo sapiens	14.135	NA	NA	NA	NA	NA	NA	14.882	NA	13.863	13.781	14.543	13.82	14.41	13.485
A0AV00	LRRC19	leucine rich repeat containing 19	Homo sapiens	NA	14.264	NA	14.092	14.977	14.811	14.406	NA	13.829	NA	17.223	18.086	17.334	17.228	16.779
P40967	PMEL	premelanosome protein	Homo sapiens	20.724	20.486	20.304	19.977	20.849	20.934	20.795	21.12	19.871	21.056	20.734	20.517	21.07	21.241	20.612
Q8N1N4	KRT78	keratin 78	Homo sapiens	NA	15.93	15.209	15.368	NA	15.404	15.406	NA	15.744	15.279	15.698	15.574	16.182	15.898	16.077
D3DP39	SCRG1	stimulator of chondrogenesis 1	Homo sapiens	17.549	17.547	17.705	17.145	17.374	17.686	17.161	17.987	17.372	17.31	17.904	17.612	17.915	NA	17.568
A0A024R3P4	EPHX1	epoxide hydrolase 1	Homo sapiens	15.283	15.44	15.615	14.704	15.166	15.947	NA	NA	15.16	15.464	15.553	15.435	15.676	15.784	15.109
Q3SY14	ZNHIT2	zinc finger HIT-type containing 2	Homo sapiens	NA	NA	NA	NA	14.279	13.93	14.652	15.169	NA	14.665	14.254	15.019	NA	14.765	NA
B2R4Z0	ATP5MC3	ATP synthase membrane subunit c locus 3	Homo sapiens	14.024	NA	13.695	13.175	NA	14.088	NA	14.063	NA	NA	NA	NA	NA	NA	NA
G8JLP4	MARF1	meiosis regulator and mRNA stability factor 1	Homo sapiens	17.579	17.474	17.196	17.579	NA	18.089	17.848	18.031	17.389	17.367	17.956	17.667	17.584	17.381	17.604
B2R9Y7	ANKRD22	ankyrin repeat domain 22	Homo sapiens	15.651	NA	NA	15.582	15.759	NA	14.504	15.886	NA	14.76	NA	13.796	NA	NA	13.091
Q6IEH8	NIPBL	NIPBL cohesin loading factor	Homo sapiens	15.376	NA	15.256	NA	NA	15.203	15.287	15.369	14.513	14.971	NA	15.411	NA	NA	15.136
F8WCZ6	C1S	complement C1s	Homo sapiens	NA	14.716	NA	13.566	14.558	NA	NA	NA	NA	NA	17.024	17.047	16.93	17.02	16.565
P05412	JUN	Jun proto-oncogene, AP-1 transcription factor subunit	Homo sapiens	NA	15.321	16.047	NA	NA	16.142	15.814	16.387	15.398	15.903	15.883	NA	16.152	NA	NA
A0A0S2Z4V2	PMAIP1	phorbol-12-myristate-13-acetate-induced protein 1	Homo sapiens	13.559	NA	NA	NA	13.679	NA	NA	14.22	NA	NA	NA	13.857	NA	14.066	13.592
E9PC90	CCNB1	cyclin B1	Homo sapiens	15.547	NA	15.42	15.11	15.409	15.019	15.285	15.584	15.335	NA	15.173	15.546	NA	15.971	15.838
P23946	CMA1	chymase 1	Homo sapiens	19.602	19.497	19.969	19.411	19.602	19.588	19.69	20.009	19.484	19.179	19.859	19.872	19.65	19.946	19.392
B2RA44	DRD1	dopamine receptor D1	Homo sapiens	NA	14.628	14.566	NA	14.515	14.624	14.767	NA	NA	14.172	15.306	14.524	14.669	NA	NA
B2RNW7	KHDC3L	KH domain containing 3 like, subcortical maternal complex member	Homo sapiens	16.898	16.544	16.643	16.786	17.358	NA	17.123	17.539	16.826	17.068	16.82	17.502	17.092	17.116	16.326
A0A6Q8PGL7	LOC128092252	uncharacterized LOC128092252	Homo sapiens	15.103	15.157	15.104	14.6	15.285	15.785	14.972	15.741	15.388	14.968	NA	NA	15.172	15.523	14.675
A8MSL6	APOA4	apolipoprotein A4	Homo sapiens	17.924	17.742	17.816	17.555	17.63	16.213	16.224	16.769	16.077	16.029	19.514	19.176	18.711	18.829	18.651
B4DMR5	LINC02210-CRHR1	LINC02210-CRHR1 readthrough	Homo sapiens	17.732	17.572	17.898	18.228	17.765	17.923	17.566	17.778	17.292	17.661	17.126	17.879	18.11	17.879	17.532
Q8WXX7	AUTS2	activator of transcription and developmental regulator AUTS2	Homo sapiens	14.614	14.392	14.418	14.214	14.489	NA	14.558	15.075	NA	NA	NA	15.03	14.248	14.432	14.353
Q8N5F3	SCFD2	sec1 family domain containing 2	Homo sapiens	NA	NA	NA	14.346	14.429	14.509	14.118	15.217	14.607	14.223	NA	14.391	NA	14.306	15.01
A6NJS5	AMY1B	amylase alpha 1B	Homo sapiens	NA	14.986	14.332	NA	14.389	NA	14.456	15.605	14.793	NA	14.656	NA	14.788	15.009	NA
Q0D2P6	SPOUT1	SPOUT domain containing methyltransferase 1	Homo sapiens	NA	NA	NA	NA	NA	NA	12.46	13.285	NA	12.163	NA	NA	NA	NA	NA
P60370	KRTAP10-5	keratin associated protein 10-5	Homo sapiens	15.053	NA	NA	NA	14.908	14.195	14.538	15.363	13.986	NA	15.063	14.61	14.912	NA	14.665
Q53EZ9	MAP2K3	mitogen-activated protein kinase kinase 3	Homo sapiens	12.785	NA	NA	NA	NA	13.193	NA	NA	12.751	NA	NA	13.101	12.673	NA	12.98
E9PKR4	CDK2AP2	cyclin dependent kinase 2 associated protein 2	Homo sapiens	16.057	15.228	15.117	15.054	15.578	15.524	NA	15.428	15.083	15.323	15.395	NA	15.162	15.583	15.283
B4DW97	DDX50	DExD-box helicase 50	Homo sapiens	17.054	17.528	16.547	16.945	16.649	16.877	17.158	17.757	NA	NA	17.57	16.96	17.214	17.058	NA
B2RNV9	PRR23B	proline rich 23B	Homo sapiens	17.103	17.151	17.234	17.333	17.641	17.624	17.169	17.379	16.518	17.052	16.786	17.499	17.721	NA	17.363
Q8NBU8	TMED7	transmembrane p24 trafficking protein 7	Homo sapiens	18.281	17.784	17.921	17.959	18.196	17.973	17.782	18.533	18.05	18.137	18.399	18.313	18.434	18.506	17.76
A8K473	PITPNC1	phosphatidylinositol transfer protein cytoplasmic 1	Homo sapiens	16.656	NA	16.702	16.325	17.012	16.322	16.659	17.572	16.967	NA	17.017	17.035	16.827	16.706	NA
A0A0F7RPU2	CGB3	chorionic gonadotropin subunit beta 3	Homo sapiens	15.282	15.165	15.265	14.501	15.26	15.657	NA	15.191	15.452	14.999	15.08	15.386	14.92	14.962	15.224
Q8N7H5	PAF1	PAF1 homolog, Paf1/RNA polymerase II complex component	Homo sapiens	18.251	18.291	17.768	17.84	18.591	17.473	17.943	18.634	17.837	17.983	18.058	18.226	18.164	NA	17.72
A6NHL2	TUBAL3	tubulin alpha like 3	Homo sapiens	16.897	16.519	15.899	16.286	16.347	16.471	15.951	17.188	16.322	16.52	16.512	16.397	16.205	16.611	16.322
B2RPC4	FOXD4L6	forkhead box D4 like 6	Homo sapiens	NA	NA	13.677	13.804	12.991	NA	NA	14.3	NA	12.515	NA	14.665	14.398	NA	NA
B3KQF4	TIMP1	TIMP metallopeptidase inhibitor 1	Homo sapiens	15.649	15.72	15.748	NA	16.092	15.636	NA	16.311	15.118	15.512	15.695	15.796	16.082	15.976	16.112
B2R4E3	RPS10	ribosomal protein S10	Homo sapiens	NA	12.857	13.528	13.039	NA	13.305	13.527	NA	12.568	NA	NA	NA	12.782	NA	NA
B2R9E9	CHGA	chromogranin A	Homo sapiens	17.342	16.937	17.551	17.146	17.614	17.222	NA	17.51	16.717	17.37	16.967	17.342	16.801	17.286	16.986
A0A126GVQ6	OR1D5	olfactory receptor family 1 subfamily D member 5	Homo sapiens	14.335	14.246	14.667	NA	NA	14.418	14.384	NA	14.328	14.179	NA	14.128	NA	13.983	13.904
Q8N6E6	PAXBP1	PAX3 and PAX7 binding protein 1	Homo sapiens	NA	NA	NA	NA	NA	12.929	12.942	13.971	NA	NA	NA	NA	NA	13.269	NA
B2RA03	KRT18	keratin 18	Homo sapiens	13.819	NA	NA	13.452	NA	14.021	NA	NA	13.015	NA	15.156	15.966	16.293	15.607	15.419
Q59H04	PCSK6	proprotein convertase subtilisin/kexin type 6	Homo sapiens	14.473	NA	14.54	14.265	14.197	14.601	15.224	15.02	13.97	14.694	16.018	16.668	16.102	16.177	16.644
C9J7M7	GUCA1C	guanylate cyclase activator 1C	Homo sapiens	18.218	18.141	17.645	17.324	18.438	18.349	18.011	17.959	17.858	NA	18.2	18.493	17.995	18.589	17.839
A8K396	JPH4	junctophilin 4	Homo sapiens	17.901	17.491	17.35	NA	17.995	18.447	17.726	18.456	17.711	17.811	17.763	17.627	18.278	18.15	17.554
Q53GP5	MOCOS	molybdenum cofactor sulfurase	Homo sapiens	18.479	18.028	NA	17.713	17.763	18.516	18.442	18.343	18.202	17.448	18.211	18.93	17.673	18.242	17.851
A0A494BZU2	BLACAT1	BLACAT1 overlapping LEMD1 locus	Homo sapiens	15.196	NA	15.658	15.028	14.595	NA	NA	15.588	NA	15.025	15.219	NA	15.391	NA	15.1
A0A3B3IS43	WDR49	WD repeat domain 49	Homo sapiens	16.98	16.656	17.211	16.866	17.468	16.939	16.792	17.102	16.531	17.066	17.015	NA	17.188	17.338	16.606
B2R5H7	SPRR1B	small proline rich protein 1B	Homo sapiens	17.261	16.963	17.123	16.91	17.328	17.774	16.914	17.102	16.728	16.755	17.054	17.09	17.063	16.94	16.885
B3KWR7	MSL1	MSL complex subunit 1	Homo sapiens	14.184	14.227	NA	14.28	NA	14.441	NA	15.806	NA	NA	15.096	14.738	NA	NA	14.364
A8KA14	ST6GAL1	ST6 beta-galactoside alpha-2,6-sialyltransferase 1	Homo sapiens	NA	NA	NA	NA	NA	NA	NA	12.835	12.385	NA	NA	NA	NA	NA	NA
B2R6H7	TNPO3	transportin 3	Homo sapiens	17.198	17.223	16.825	17.175	NA	17.291	16.781	17.897	17.155	16.198	17.167	NA	17.159	17.544	17.746
B9EK62	AKNAD1	AKNA domain containing 1	Homo sapiens	NA	NA	NA	NA	NA	NA	NA	NA	NA	NA	NA	13.559	NA	13.199	NA
O43507	ADAM21	ADAM metallopeptidase domain 21	Homo sapiens	14.205	14.335	14.11	NA	14.463	14.715	14.103	14.964	14.178	NA	NA	NA	14.757	NA	NA
A2BEZ7	DDAH2	DDAH family member 2, ADMA-independent	Homo sapiens	14.421	14.398	NA	NA	14.547	14.545	14.193	NA	13.992	NA	NA	NA	14.618	14.312	NA
F8VZY0	MYBPC1	myosin binding protein C1	Homo sapiens	NA	14.492	NA	NA	14.615	NA	NA	14.733	NA	NA	NA	NA	14.063	14.327	NA
B4DP60	ELP6	elongator acetyltransferase complex subunit 6	Homo sapiens	17.019	17.34	16.228	17.377	17.019	17.501	16.749	17.424	16.968	NA	17.009	17.18	17.582	17.213	16.839
Q96DX8	RTP4	receptor transporter protein 4	Homo sapiens	NA	NA	NA	NA	12.937	13.212	NA	NA	NA	NA	NA	NA	NA	NA	13.601
B4DZL5	LOC128966601	pyruvate dehydrogenase phosphatase regulatory subunit, mitochondrial-like	Homo sapiens	17.387	17.612	17.773	16.861	NA	17.611	17.505	18.067	17.252	17.519	17.858	17.776	17.522	18.11	17.508
H3BRL8	HACD3	3-hydroxyacyl-CoA dehydratase 3	Homo sapiens	15.022	15.232	15.043	14.724	14.92	14.811	NA	15.421	14.74	NA	14.787	NA	15.274	15.65	14.763
B2RBC2	LBH	LBH regulator of WNT signaling pathway	Homo sapiens	15.468	14.459	14.867	NA	15.521	15.481	NA	15.133	15.258	14.997	15.176	15.324	15.165	15.481	15.081
D3DN81	TIMMDC1	translocase of inner mitochondrial membrane domain containing 1	Homo sapiens	17.706	16.921	17.549	17.149	16.973	17.031	17.176	18.134	NA	16.854	17.193	17.302	17.735	17.327	16.863
A0A1B0GTZ5	ASAH1	N-acylsphingosine amidohydrolase 1	Homo sapiens	17.493	17.492	18.037	17.535	17.944	17.859	17.854	18.258	17.457	NA	18.191	18.359	17.974	17.676	17.607
A8KA01	ZDHHC17	zinc finger DHHC-type palmitoyltransferase 17	Homo sapiens	NA	14.736	14.926	14.904	14.919	14.958	NA	15.329	14.847	14.023	15.133	14.961	14.647	14.901	14.99
A8MWD0	USP34	ubiquitin specific peptidase 34	Homo sapiens	NA	NA	NA	NA	NA	NA	NA	12.62	NA	NA	NA	NA	NA	NA	NA
Q5JQ12	AP3M1	adaptor related protein complex 3 subunit mu 1	Homo sapiens	14.546	15.213	NA	14.517	14.886	14.559	14.613	NA	15.053	14.946	15.042	14.899	14.533	14.964	14.747
B9EIS4	GRK1	G protein-coupled receptor kinase 1	Homo sapiens	NA	NA	NA	NA	NA	NA	NA	NA	NA	NA	NA	11.015	11.2	NA	NA
A0A0S2Z5J1	A4GALT	alpha 1,4-galactosyltransferase (P1PK blood group)	Homo sapiens	16.829	16.831	16.795	16.352	16.867	16.759	16.659	17.272	16.691	16.774	16.755	16.853	17.072	16.99	16.607
Q53GL0	PLEKHO1	pleckstrin homology domain containing O1	Homo sapiens	16.734	16.248	16.497	NA	16.366	16.726	16.215	17.106	16.813	15.89	16.563	16.259	NA	16.603	16.304
A0A080YV01	LALBA	lactalbumin alpha	Homo sapiens	16.536	15.807	16.723	16.125	16.588	16.52	NA	NA	16.151	16.394	16.155	16.643	16.069	NA	16.428
A0A0C4DFT8	JADE2	jade family PHD finger 2	Homo sapiens	17.345	17.115	17.103	16.786	17.672	17.793	17.085	17.784	17.091	16.366	17.317	NA	17.213	17.119	17.236
P0C7M4	RHOXF2B	Rhox homeobox family member 2B	Homo sapiens	16.879	16.534	16.207	16.183	16.289	14.98	NA	NA	14.752	15.115	NA	16.349	17.01	16.819	16.526
B3KNQ4	FAM107A	family with sequence similarity 107 member A	Homo sapiens	16.825	16.822	16.788	16.425	16.99	16.691	16.425	16.892	16.903	16.392	17.134	17.214	16.708	16.652	16.41
Q6ZNT7	LOC124900995	uncharacterized LOC124900995	Homo sapiens	16.333	17.059	17.119	16.522	16.726	16.704	16.566	NA	15.787	16.887	17.118	17.519	16.831	17.287	16.509
Q9UBD3	XCL2	X-C motif chemokine ligand 2	Homo sapiens	14.021	NA	NA	NA	14.602	NA	13.671	14.934	14.139	NA	14.106	14.827	NA	NA	13.788
H0YEJ0	SAMD12	sterile alpha motif domain containing 12	Homo sapiens	14.36	NA	14.475	NA	14.265	NA	13.657	NA	NA	13.695	14.801	NA	NA	14.556	14.593
A0A0G2JPX0	CDKN1C	cyclin dependent kinase inhibitor 1C	Homo sapiens	13.429	NA	NA	NA	NA	NA	NA	13.761	13.155	NA	13.177	13.579	NA	13.075	NA
B4DV95	MAP2K7	mitogen-activated protein kinase kinase 7	Homo sapiens	17.261	17.09	16.89	16.466	16.337	NA	16.546	NA	17.233	16.662	16.313	16.868	17.24	NA	17.001
B2R7F4	SLC25A20	solute carrier family 25 member 20	Homo sapiens	NA	14.421	14.035	14.14	13.858	13.795	NA	NA	13.829	NA	NA	14.4	14.314	14.095	NA
H0Y938	COPB2	COPI coat complex subunit beta 2	Homo sapiens	16.542	15.955	15.45	NA	16.625	15.789	15.386	16.008	15.595	15.511	15.916	16.141	16.087	15.561	16.122
Q2M1P5	KIF7	kinesin family member 7	Homo sapiens	18.488	18.113	18.729	17.751	18.231	18.381	18.542	18.409	17.964	18.282	18.637	18.609	18.323	18.677	17.978
Q6P9G0	CYB5D1	cytochrome b5 domain containing 1	Homo sapiens	13.986	13.513	NA	13.316	NA	13.852	NA	14.288	NA	NA	NA	14.04	NA	NA	NA
D3DSU9	RBPMS	RNA binding protein, mRNA processing factor	Homo sapiens	16.581	16.612	16.681	16.226	16.711	17.492	16.303	16.818	16.524	NA	16.84	NA	16.982	NA	16.495
A1L417	CTAG1B	cancer/testis antigen 1B	Homo sapiens	15.856	16.033	15.627	15.705	15.657	19.077	18.352	19.338	18.788	18.45	15.938	16.185	15.992	NA	15.755
H0YAH3	GALNT7	polypeptide N-acetylgalactosaminyltransferase 7	Homo sapiens	NA	14.633	14.104	NA	NA	14.414	14.023	NA	14.066	14.597	NA	NA	NA	12.797	NA
Q9Y4B6	DCAF1	DDB1 and CUL4 associated factor 1	Homo sapiens	15.598	15.968	15.504	15.713	15.562	15.659	NA	16.77	15.799	NA	16.731	NA	NA	16.336	15.955
A8K6N3	VWA5A	von Willebrand factor A domain containing 5A	Homo sapiens	22.546	23.059	22.646	22.57	23.164	NA	20.521	21.289	20.042	20.905	22.35	22.674	22.51	23.165	22.447
B2R6A5	SLC16A1	solute carrier family 16 member 1	Homo sapiens	NA	15.462	NA	NA	15.784	15.574	15.601	NA	15.965	15.512	15.449	15.891	15.874	15.489	15.415
A0JNS3	USP22	ubiquitin specific peptidase 22	Homo sapiens	11.07	NA	NA	NA	NA	NA	NA	NA	NA	NA	NA	NA	NA	NA	NA
B2RD06	DNASE2	deoxyribonuclease 2, lysosomal	Homo sapiens	13.96	13.353	13.58	14.109	NA	NA	NA	14.264	13.921	13.598	16.69	16.14	15.758	16.319	NA
A8K037	GINM1	glycosylated integral membrane protein 1	Homo sapiens	19.463	19.73	19.84	19.093	19.694	19.32	19.64	19.898	19.801	19.25	21.165	21.18	22.042	21.506	21.474
B2R5K2	CCL24	C-C motif chemokine ligand 24	Homo sapiens	15.974	NA	NA	15.691	15.713	16.156	15.8	16.513	15.651	15.404	NA	15.838	15.134	16.341	15.669
A1L454	LOC124907841	bolA-like protein 2	Homo sapiens	15.288	14.972	14.467	NA	NA	15.156	15.154	15.692	14.863	NA	15.338	15.84	15.127	15.315	14.778
Q7Z5J4	RAI1	retinoic acid induced 1	Homo sapiens	17.289	16.338	16.724	16.924	17.384	17.091	16.725	17.55	16.942	16.996	18.773	19.103	18.813	19.338	19.091
Q9P0V8	SLAMF8	SLAM family member 8	Homo sapiens	15.407	15	NA	15.118	15.954	15.405	15.53	NA	15.453	15.222	NA	15.634	15.807	15.694	14.774
A0A0A0MT58	TCEA2	transcription elongation factor A2	Homo sapiens	16.14	16.017	16.002	16.006	16.034	15.458	15.562	15.742	16.317	15.871	15.989	NA	15.009	15.765	15.661
O95932	TGM6	transglutaminase 6	Homo sapiens	NA	12.796	NA	NA	NA	12.735	12.872	NA	NA	12.338	NA	12.764	13.342	NA	12.72
A8KAM5	SFRP1	secreted frizzled related protein 1	Homo sapiens	NA	15.981	15.922	NA	15.676	16.383	15.075	16.151	16.015	15.16	15.283	15.855	16.337	16.631	15.944
Q96BK5	PINX1	PIN2 (TERF1) interacting telomerase inhibitor 1	Homo sapiens	NA	11.646	NA	NA	NA	12.136	11.771	NA	NA	NA	NA	NA	NA	NA	NA
Q5T3W6	PYHIN1	pyrin and HIN domain family member 1	Homo sapiens	16.812	15.711	NA	16.083	16.547	16.513	NA	16.305	15.631	16.049	16.282	16.326	16.258	16.754	15.996
P23490	LORICRIN	loricrin cornified envelope precursor protein	Homo sapiens	14.494	NA	14.235	13.621	14.844	14.15	14.143	14.532	NA	NA	14.647	NA	14.538	15.097	13.998
A8K434	KCNJ16	potassium inwardly rectifying channel subfamily J member 16	Homo sapiens	19.348	18.673	18.557	18.124	18.646	19.016	18.456	19.231	NA	19.333	18.006	19.57	19.039	NA	19.334
A0A0A0MSC5	FSHR	follicle stimulating hormone receptor	Homo sapiens	16.002	16.047	16.283	NA	15.742	NA	NA	NA	NA	NA	18.223	18.563	18.412	19.102	18.783
B4DJ77	TRAF1	TNF receptor associated factor 1	Homo sapiens	15.025	15.277	15.416	15.418	15.437	15.648	14.881	NA	NA	15.161	15.067	15.351	15.082	15.105	15.074
Q6IA86	ELP2	elongator acetyltransferase complex subunit 2	Homo sapiens	17.689	17.648	17.607	17.198	18.115	17.358	17.493	17.877	16.968	17.365	17.25	18.243	17.469	17.703	17.527
H3BR10	SMLR1	small leucine rich protein 1	Homo sapiens	18.678	18.169	18.092	17.639	18.173	17.755	17.992	17.861	18.092	18.074	18.004	NA	18.274	NA	18.297
A0A7I2YQS4	PPIH	peptidylprolyl isomerase H	Homo sapiens	14.271	14.412	NA	NA	14.311	NA	14.197	15.446	13.895	14.25	NA	14.806	14.659	14.725	13.854
A1L157	TSPAN11	tetraspanin 11	Homo sapiens	14.831	NA	NA	NA	14.541	14.649	NA	15.257	14.808	NA	14.979	NA	14.294	NA	14.945
A5PL20	SUN1	Sad1 and UNC84 domain containing 1	Homo sapiens	17.233	16.82	16.476	16.527	16.909	17.051	NA	17.005	16.666	16.631	16.918	17.159	16.54	17.341	16.619
A4D1P0	AKR1B15	aldo-keto reductase family 1 member B15	Homo sapiens	NA	15.149	15.672	15.011	15.432	NA	15.97	NA	15.144	15.706	15.747	16.258	15.543	15.921	15.59
B4DR18	ATP9A	ATPase phospholipid transporting 9A (putative)	Homo sapiens	15.44	NA	NA	14.572	15.726	15.957	NA	16.105	14.511	14.725	NA	15.24	15.779	15.549	15.403
O00409	FOXN3	forkhead box N3	Homo sapiens	17.955	17.658	17.362	16.872	17.533	17.743	NA	17.816	17.303	17.52	17.926	17.566	17.348	17.933	17.455
P27797	CALR	calreticulin	Homo sapiens	15.935	15.532	15.63	15.727	15.607	15.269	NA	16.333	15.73	15.686	15.766	16.525	15.774	15.692	15.808
B2RBZ1	CHMP4C	charged multivesicular body protein 4C	Homo sapiens	18.087	17.512	18.174	17.806	17.929	17.676	17.784	18.08	17.727	17.761	18.018	17.713	18.409	NA	17.339
J3QL71	SCRN2	secernin 2	Homo sapiens	16.142	16.712	16.408	16.131	NA	16.144	16.543	16.584	NA	15.552	16.082	16.42	16.49	16.055	16.084
O43823	AKAP8	A-kinase anchoring protein 8	Homo sapiens	19.812	19.799	19.754	19.186	19.21	20.095	19.504	20.025	19.269	19.713	19.534	19.764	19.633	19.714	19.574
B3KPP7	ATG9A	autophagy related 9A	Homo sapiens	18.464	17.674	17.37	17.065	17.999	18.206	17.811	18.444	16.78	18.375	18.028	17.77	17.408	18.29	17.416
A4FTV9	H2AC13	H2A clustered histone 13	Homo sapiens	9.191	NA	NA	NA	NA	NA	NA	NA	NA	NA	NA	NA	NA	NA	NA
O14681	EI24	EI24 autophagy associated transmembrane protein	Homo sapiens	13.72	13.905	14.102	NA	13.615	13.894	13.561	NA	13.521	NA	NA	13.433	NA	14.105	NA
B2RPG0	SCD5	stearoyl-CoA desaturase 5	Homo sapiens	16.448	15.785	15.388	15.634	15.975	15.842	16.077	16.916	15.353	15.976	16.369	16.011	16.718	NA	15.643
B5BU61	HDAC1	histone deacetylase 1	Homo sapiens	NA	14.6	15.112	14.826	15.324	15.196	14.792	15.349	14.193	15.165	17.206	17.832	17.729	17.74	17.366
Q32N04	ITGB1BP2	integrin subunit beta 1 binding protein 2	Homo sapiens	17.922	17.933	17.667	17.433	18.355	15.297	15.669	15.971	15.134	15.561	17.992	NA	17.877	17.808	17.855
B1AVW5	VAX1	ventral anterior homeobox 1	Homo sapiens	16.5	NA	15.841	NA	16.056	16.133	15.513	NA	NA	NA	NA	16.118	16.382	16.098	16.197
A6NL49	MAST4	microtubule associated serine/threonine kinase family member 4	Homo sapiens	15.819	15.344	NA	14.898	15.04	15.12	15.01	15.79	15.373	15.246	15.028	14.61	15.681	15.382	14.85
B2RWN4	TUBGCP6	tubulin gamma complex component 6	Homo sapiens	NA	13.825	NA	NA	NA	NA	NA	13.542	NA	13.345	NA	NA	NA	NA	NA
A0A126GW05	OR6C2	olfactory receptor family 6 subfamily C member 2	Homo sapiens	16.501	16.471	16.53	16.35	16.758	16.081	16.594	16.505	15.951	NA	16.236	NA	17.093	16.629	16.068
A4PB67	GON4L	gon-4 like	Homo sapiens	17.066	16.312	17.041	16.679	16.908	16.345	16.717	17.598	16.662	16.431	NA	16.745	16.899	17.727	16.495
A0A0G2JN34	TRPM1	transient receptor potential cation channel subfamily M member 1	Homo sapiens	14.602	15.098	14.906	14.475	14.317	14.276	15.046	15.449	NA	14.454	15.264	15.872	15.256	15.612	15.516
A2RUA9	TRPV1	transient receptor potential cation channel subfamily V member 1	Homo sapiens	14.874	NA	14.473	14.307	14.311	NA	14.409	15.143	14.651	14.425	14.888	15.566	14.961	14.551	14.984
A0A8J8YUN0	CFAP70	cilia and flagella associated protein 70	Homo sapiens	14.031	13.765	14.05	13.646	NA	NA	NA	NA	NA	NA	13.588	NA	14.449	13.653	NA
O60688	YPEL1	yippee like 1	Homo sapiens	NA	NA	NA	NA	12.036	11.558	NA	NA	NA	NA	NA	NA	NA	NA	NA
A0A0G2JLM7	KIR3DL2	killer cell immunoglobulin like receptor, three Ig domains and long cytoplasmic tail 2	Homo sapiens	15.374	NA	15.061	14.517	15.038	14.535	NA	15.341	NA	15.379	15.051	NA	15.434	15.618	NA
O00630	FOXJ1	forkhead box J1	Homo sapiens	20.371	20.784	19.716	20.447	20.296	20.239	19.989	20.536	20.261	19.916	23.251	23.66	23.135	22.911	23.265
A8K8P4	SNRNP48	small nuclear ribonucleoprotein U11/U12 subunit 48	Homo sapiens	14.89	15.542	15.02	15.455	15.087	15.118	15.072	15.452	NA	14.658	14.628	15.873	15.095	15.314	15.108
Q6P1W8	MYO5C	myosin VC	Homo sapiens	16.735	16.84	16.294	16.197	16.469	16.66	16.032	16.53	16.151	16.678	18.851	19.08	19.36	20.113	19.079
B4DTZ1	CCP110	centriolar coiled-coil protein 110	Homo sapiens	17.01	16.719	16.721	16.594	16.988	15.153	14.847	16.021	15.072	15.19	16.992	17.017	17.232	17.261	16.813
A8K4E6	ZNF709	zinc finger protein 709	Homo sapiens	18.046	17.399	17.471	17.166	17.721	17.779	16.958	19.073	17.448	17.338	17.665	17.778	17.947	17.231	NA
A0A024R4T4	UBE2M	ubiquitin conjugating enzyme E2 M	Homo sapiens	15.587	16.08	15.606	15.534	NA	16.073	15.511	16.211	15.937	15.508	15.533	16.348	NA	15.715	15.587
O00310	AKAP12	A-kinase anchoring protein 12	Homo sapiens	18.395	17.235	NA	17.401	18.02	17.368	17.238	17.816	17.344	17.271	17.973	17.975	17.647	17.891	17.665
C0SQ93	ESRRG	estrogen related receptor gamma	Homo sapiens	15.369	14.858	15.075	15.329	14.677	15.492	NA	15.409	NA	15.221	15.377	15.963	15.661	15.522	15.176
Q5VZL3	ELOVL3	ELOVL fatty acid elongase 3	Homo sapiens	17.777	18.232	18.164	17.538	18.295	17.894	17.671	18.261	17.839	17.67	18.414	18.835	19.829	19.1	18.869
A0A3B3IS28	CFHR2	complement factor H related 2	Homo sapiens	19.136	18.656	18.163	18.412	NA	19.314	18.252	19.41	18.674	18.521	18.395	19.169	18.347	18.891	18.372
B3KUA6	HS3ST1	heparan sulfate-glucosamine 3-sulfotransferase 1	Homo sapiens	15.556	15.817	15.272	14.998	15.405	15.408	14.874	15.974	NA	15.677	15.107	15.406	15.098	NA	14.64
P57081	WDR4	WDR4 tRNA N7-guanosine methyltransferase non-catalytic subunit	Homo sapiens	15.037	15.382	14.584	NA	15.016	15.226	14.122	15.422	NA	14.532	NA	15.05	15.461	15.311	15.538
B3KVR1	SNRPN	small nuclear ribonucleoprotein polypeptide N	Homo sapiens	17.651	17.622	17.328	16.832	17.595	17.313	17.269	17.294	17.003	17.549	17.683	17.886	17.003	17.915	17.079
B3KS47	CALCOCO1	calcium binding and coiled-coil domain 1	Homo sapiens	17.844	18.072	17.787	17.786	17.55	16.292	15.631	16.715	15.35	15.866	18.431	18.178	17.757	18.403	18.136
A8K6J5	CSF1	colony stimulating factor 1	Homo sapiens	NA	NA	NA	13.577	NA	NA	NA	NA	NA	NA	NA	NA	NA	14.402	14.427
A2VCL0	H4C14	H4 clustered histone 14	Homo sapiens	NA	15.145	15.533	14.667	15.522	NA	14.842	15.975	14.898	14.822	15.776	15.476	15.743	15.645	15.045
A2BFA0	RNF208	ring finger protein 208	Homo sapiens	17.19	16.446	16.831	NA	NA	16.616	17.21	NA	17.1	17.072	16.853	17.51	16.96	16.744	16.477
Q5JPA7	UHMK1	U2AF homology motif kinase 1	Homo sapiens	15.733	15.346	NA	15.411	NA	15.594	NA	16.269	15.36	NA	NA	15.465	15.183	NA	15.208
O43861	ATP9B	ATPase phospholipid transporting 9B (putative)	Homo sapiens	NA	NA	NA	NA	NA	NA	NA	NA	NA	NA	NA	12.223	NA	NA	NA
B0QYP2	CBX7	chromobox 7	Homo sapiens	14.495	14.501	14.452	NA	NA	NA	14.865	14.871	NA	NA	NA	14.714	NA	NA	14.464
A0A2R8YDJ1	DMAC2L	distal membrane arm assembly component 2 like	Homo sapiens	20.204	20.021	20.175	19.58	20.204	18.229	18.557	18.592	17.967	18.185	20.042	20.862	19.375	20.109	19.804
A0A384MEA9	SLC25A36	solute carrier family 25 member 36	Homo sapiens	16.434	15.798	15.805	16.013	16.203	15.918	15.84	16.139	15.547	15.461	15.896	16.121	16.007	15.848	16.578
Q96BP2	CHCHD1	coiled-coil-helix-coiled-coil-helix domain containing 1	Homo sapiens	15.585	15.587	16.004	15.661	NA	15.968	15.948	15.966	15.539	NA	15.867	16.082	15.847	16.302	15.497
P41968	MC3R	melanocortin 3 receptor	Homo sapiens	16.207	16.246	16.149	15.563	NA	16.326	16.217	16.289	16.193	16.001	15.825	16.307	16.411	16.713	NA
A8K251	ZBTB20	zinc finger and BTB domain containing 20	Homo sapiens	15.144	15.06	15.001	NA	15.149	15.039	15.225	NA	15.047	14.741	15.197	15.812	15.562	15.567	15.103
B3KVP7	FBXW9	F-box and WD repeat domain containing 9	Homo sapiens	NA	NA	NA	NA	NA	NA	11.722	NA	NA	NA	NA	NA	NA	NA	NA
E9PM49	FAU	FAU ubiquitin like and ribosomal protein S30 fusion	Homo sapiens	17.161	17.97	17.477	16.991	17.92	17.163	17.652	17.921	17.176	17.783	17.034	18.728	17.532	17.879	17.62
Q01524	DEFA6	defensin alpha 6	Homo sapiens	19.443	18.868	18.858	19.075	19.3	NA	18.972	19.324	18.187	18.925	16.591	17.085	16.432	NA	NA
B2R8V6	DCK	deoxycytidine kinase	Homo sapiens	NA	NA	14.49	13.924	14.13	NA	13.967	NA	NA	NA	14.248	NA	NA	14.245	13.653
D3DSR1	PHYHIP	phytanoyl-CoA 2-hydroxylase interacting protein	Homo sapiens	NA	NA	NA	NA	NA	NA	NA	NA	NA	NA	10.343	NA	NA	NA	NA
A0A5F9ZGZ6	ARHGEF35	Rho guanine nucleotide exchange factor 35	Homo sapiens	17.058	16.913	16.881	16.725	17.39	16.928	16.733	17.417	16.645	NA	NA	17.279	17.247	17.617	16.259
Q8TCY5	MRAP	melanocortin 2 receptor accessory protein	Homo sapiens	NA	15.187	14.464	14.338	14.886	14.97	14.46	NA	14.55	14.859	15.028	15.369	14.601	15.006	NA
Q8TDR6	NDRG2	NDRG family member 2	Homo sapiens	12.009	NA	NA	NA	NA	12.316	NA	NA	NA	NA	NA	NA	NA	NA	NA
A8K7D7	NUDT10	nudix hydrolase 10	Homo sapiens	20.355	20.125	20.176	20.52	20.15	19.94	20.497	21.053	19.625	19.861	20.576	20.694	20.349	19.833	NA
E9PQD6	SAA1	serum amyloid A1	Homo sapiens	16.539	16.404	16.104	15.625	16.072	NA	15.852	16.897	16.106	16.083	16.033	16.828	16.212	16.048	16.326
P02248	UBA52	ubiquitin A-52 residue ribosomal protein fusion product 1	Homo sapiens	15.859	NA	NA	15.851	16.404	15.578	15.527	16.042	15.857	16.311	15.946	16.068	16.671	NA	15.993
C9JG97	AAMP	angio associated migratory cell protein	Homo sapiens	NA	13.777	NA	NA	NA	13.932	NA	14.684	NA	NA	NA	13.692	13.837	NA	13.79
O95342	ABCB11	ATP binding cassette subfamily B member 11	Homo sapiens	NA	15.147	15.697	14.544	NA	NA	12.913	NA	13.126	NA	15.023	NA	15.229	14.557	NA
P62304	SNRPE	small nuclear ribonucleoprotein polypeptide E	Homo sapiens	15.856	15.223	15.368	14.5	NA	15.449	15.884	15.649	15.234	NA	16.03	15.395	16.031	15.692	15.65
Q5JXU8	ZNF343	zinc finger protein 343	Homo sapiens	19.247	18.466	18.689	18.919	19.528	18.92	18.879	19.021	18.406	18.296	19.023	NA	18.756	19.228	19.134
C9J3I9	C5orf58	chromosome 5 open reading frame 58	Homo sapiens	15.039	14.683	14.43	14.665	15.203	14.684	14.945	16.146	15.231	NA	14.96	15.129	NA	NA	14.738
Q5VSR9	SPANXN1	SPANX family member N1	Homo sapiens	17.329	16.998	17.26	17.264	17.751	17.829	17.089	17.648	17.215	17.581	17.409	17.123	17.755	NA	17.13
B2RDD5	RPS16	ribosomal protein S16	Homo sapiens	17.785	17.754	16.894	16.733	17.604	17.792	NA	17.769	17.509	17.453	18.762	18.314	17.802	17.584	17.257
C9J9R2	ZNF655	zinc finger protein 655	Homo sapiens	19.556	19.158	18.564	18.586	18.474	18.908	18.757	18.963	18.707	18.62	18.743	19.595	19.339	18.905	19.213
Q5T9F7	IPPK	inositol-pentakisphosphate 2-kinase	Homo sapiens	NA	NA	NA	11.775	NA	NA	NA	NA	12.324	NA	12.562	NA	NA	NA	NA
E5RIK9	MTERF3	mitochondrial transcription termination factor 3	Homo sapiens	16.297	15.698	16.273	16.241	16.649	16.479	16.014	16.732	16.004	16.286	16.219	NA	16.888	16.148	15.835
A8K352	ISLR2	immunoglobulin superfamily containing leucine rich repeat 2	Homo sapiens	17.846	17.525	17.009	17.296	17.476	17.685	17.872	18.155	17.296	17.205	17.169	17.899	17.11	18.112	17.438
P32929	CTH	cystathionine gamma-lyase	Homo sapiens	15.579	15.429	15.494	NA	15.277	NA	NA	NA	15.554	15.185	15.597	15.456	15.357	16.082	NA
Q9H5V2	LOC124900940	uncharacterized LOC124900940	Homo sapiens	NA	15.465	15.888	15.266	15.346	15.473	15.762	15.908	15.682	NA	15.458	16.038	15.106	15.766	15.78
A0A2X0SFF5	ARHGEF12	Rho guanine nucleotide exchange factor 12	Homo sapiens	17.135	16.804	16.582	16.195	16.957	16.887	16.361	17.197	16.987	16.635	17.269	17.057	17.133	16.919	16.9
Q96A98	PTH2	parathyroid hormone 2	Homo sapiens	NA	13.01	NA	13.029	NA	NA	NA	NA	12.861	NA	14.538	NA	14.754	NA	14.332
A0A1W2PP81	LOC124906479	putative TAF11-like protein ENSP00000332601	Homo sapiens	NA	NA	14.378	NA	NA	16.542	16.222	16.752	16.045	16.281	NA	NA	14.088	13.695	NA
A6NEF3	GOLGA6L4	golgin A6 family like 4	Homo sapiens	NA	15.192	NA	NA	14.34	14.987	14.696	15.437	14.462	NA	14.88	14.782	14.335	14.572	NA
Q1RMC5	CLSPN	claspin	Homo sapiens	NA	NA	14.927	14.772	15.332	15.354	NA	15.504	14.729	NA	NA	NA	NA	15.398	14.729
B3KVX6	CKAP4	cytoskeleton associated protein 4	Homo sapiens	15.415	15.283	NA	14.763	14.835	NA	NA	15.754	NA	15.159	15.751	15.582	NA	15.881	15.376
E9PR86	LDLRAD3	low density lipoprotein receptor class A domain containing 3	Homo sapiens	15.052	13.785	NA	NA	NA	14.461	14.448	NA	13.634	NA	NA	14.323	14.21	NA	14.243
Q540R4	LOC124905613	testis-specific Y-encoded protein 4-like	Homo sapiens	NA	14.141	14.896	NA	14.786	NA	NA	15.566	14.935	NA	14.508	14.921	14.984	NA	14.057
Q8NFU3	TSTD1	thiosulfate sulfurtransferase like domain containing 1	Homo sapiens	16.218	16.163	16.129	14.942	16.361	16.435	15.533	16.585	16.403	NA	16.26	16.385	16.17	15.58	15.604
A0A140VK42	PSMC3	proteasome 26S subunit, ATPase 3	Homo sapiens	17.318	17.836	17.431	16.999	17.025	18.21	17.748	17.932	17.783	17.062	17.925	17.312	17.579	18.264	17.386
B2R945	MAPK6	mitogen-activated protein kinase 6	Homo sapiens	16.96	17.262	16.326	16.301	16.511	NA	15.705	17.421	16.726	16.501	16.541	NA	16.58	16.779	16.543
Q9H4F8	SMOC1	SPARC related modular calcium binding 1	Homo sapiens	13.461	NA	12.527	NA	NA	NA	NA	NA	NA	NA	NA	NA	13.548	13.677	12.702
A0A2X0SYS0	ARHGAP5	Rho GTPase activating protein 5	Homo sapiens	NA	NA	NA	NA	13.001	NA	NA	NA	NA	NA	NA	NA	NA	NA	12.119
A2RUE7	GRIN3A	glutamate ionotropic receptor NMDA type subunit 3A	Homo sapiens	15.96	15.496	15.622	NA	15.876	15.999	15.898	16.714	15.602	14.989	15.857	15.975	15.928	16.378	NA
A0A0U1RQG5	CT47C1	cancer/testis antigen family 47 member C1	Homo sapiens	13.926	13.439	13.966	NA	13.38	NA	NA	NA	NA	NA	13.926	13.737	NA	NA	14.069
O14544	SOCS6	suppressor of cytokine signaling 6	Homo sapiens	NA	NA	NA	NA	NA	NA	NA	NA	NA	NA	NA	NA	13.449	NA	13.664
A0AVN4	DAPK3	death associated protein kinase 3	Homo sapiens	15.519	NA	14.885	15.182	NA	15.575	NA	15.783	15.177	15.244	15.209	15.459	15.564	15.526	15.239
A0A1B0GUA5	SMIM32	small integral membrane protein 32	Homo sapiens	17.924	17.589	17.482	17.234	17.966	18.25	17.176	17.541	17.218	16.781	17.879	18.019	17.141	17.753	18.302
A1L188	NDUFAF8	NADH:ubiquinone oxidoreductase complex assembly factor 8	Homo sapiens	15.912	NA	16.192	15.426	NA	15.976	16.088	16.486	15.86	15.366	NA	15.893	NA	NA	15.781
D6RA00	ENOPH1	enolase-phosphatase 1	Homo sapiens	16.608	16.69	16.777	16.181	16.611	16.65	15.88	16.631	16.676	16.397	16.253	16.088	16.974	NA	16.368
B4DEM6	TOE1	target of EGR1, exonuclease	Homo sapiens	14.347	NA	NA	NA	13.924	13.954	NA	14.466	13.803	NA	14.18	14.305	14.177	14.125	NA
P17014	ZNF12	zinc finger protein 12	Homo sapiens	NA	NA	NA	NA	12.94	NA	NA	12.78	NA	NA	NA	NA	NA	NA	NA
A0A1X7SBS4	TEAD3	TEA domain transcription factor 3	Homo sapiens	14.665	15.317	14.91	14.914	15.313	NA	14.695	15.49	15.317	NA	14.914	14.984	15.298	15.708	14.802
D6R9U3	SMIM14	small integral membrane protein 14	Homo sapiens	16.208	16.082	16.54	NA	16.355	16.214	16.026	16.838	15.859	15.814	16.06	16.478	16.241	16.414	16.395
A0A126GVA9	OR2A4	olfactory receptor family 2 subfamily A member 4	Homo sapiens	15.456	15.905	15.613	NA	15.358	18.603	18.905	18.757	17.954	18.417	17.485	17.654	17.577	18.076	17.14
A0A140VK80	CRISPLD2	cysteine rich secretory protein LCCL domain containing 2	Homo sapiens	16.391	15.989	16.653	15.997	17.186	16.803	15.793	16.845	16.052	15.998	16.535	16.403	16.68	16.821	NA
B2R7U5	ARL8B	ARF like GTPase 8B	Homo sapiens	15.834	15.786	15.781	15.187	NA	15.462	15.365	16.345	NA	15.743	15.5	16.339	15.425	16.005	15.849
Q16281	CNGA3	cyclic nucleotide gated channel subunit alpha 3	Homo sapiens	NA	NA	NA	12.31	NA	12.68	12.026	NA	11.491	NA	NA	NA	12.625	NA	NA
A0A8V8TNA9	PSMG2	proteasome assembly chaperone 2	Homo sapiens	12.273	NA	11.922	NA	NA	NA	NA	NA	NA	NA	NA	12.547	NA	NA	NA
Q17RY6	LY6K	lymphocyte antigen 6 family member K	Homo sapiens	17.074	17.182	NA	16.497	16.692	16.351	17.269	17.72	16.324	16.968	16.98	17.225	NA	17.29	17.052
Q5JZ00	MAGEC2	MAGE family member C2	Homo sapiens	16.469	16.71	16.373	15.829	NA	16.003	15.684	17.056	15.596	16.194	16.57	16.296	15.629	16.974	NA
A4D1T3	MRPS33	mitochondrial ribosomal protein S33	Homo sapiens	NA	17.886	17.498	17.267	17.799	NA	17.62	17.615	16.968	16.993	17.23	17.34	17.941	17.517	17.096
A0A024R453	LANCL1	LanC like glutathione S-transferase 1	Homo sapiens	16.415	16.464	NA	15.905	16.606	16.291	16.188	17.106	16.146	16.014	15.894	16.725	16.687	16.467	16.016
B2R868	CNN1	calponin 1	Homo sapiens	NA	13.358	13.315	13.09	NA	13.608	12.887	13.824	12.998	13.026	NA	NA	NA	13.27	NA
Q53QU4	KCNH7	potassium voltage-gated channel subfamily H member 7	Homo sapiens	11.185	NA	NA	NA	NA	NA	NA	NA	NA	NA	NA	NA	NA	NA	NA
A9UGY9	ATG5	autophagy related 5	Homo sapiens	NA	12.478	NA	NA	12.296	NA	NA	12.964	NA	NA	12.009	NA	NA	NA	NA
A0A2R8YFW3	TBL1X	transducin beta like 1 X-linked	Homo sapiens	16.046	16.368	16.528	15.649	16.461	16.203	16.875	16.869	16.191	NA	15.455	16.439	16.445	16.154	16.285
B4DHK9	ACTR2	actin related protein 2	Homo sapiens	15.639	15.52	NA	15.286	14.979	15.372	15.303	15.205	15.555	14.949	15.872	NA	15.739	16.008	NA
B2RNE0	ZNF766	zinc finger protein 766	Homo sapiens	16.679	16.503	16.308	16.607	16.433	16.23	16.475	16.831	16.677	16.293	16.385	16.748	16.475	16.494	NA
Q4G0J6	UBE3D	ubiquitin protein ligase E3D	Homo sapiens	17.992	18.375	18.17	17.884	18.126	18.218	17.637	18.702	17.77	18.201	17.757	18.3	18.102	18.408	18.031
H0YN65	CHST14	carbohydrate sulfotransferase 14	Homo sapiens	NA	16.394	NA	16.188	16.728	16.628	16.479	17.539	NA	16.239	16.701	16.737	15.964	16.632	16.551
B3KQY1	KRT15	keratin 15	Homo sapiens	15.454	NA	15.283	14.537	15.105	15.171	NA	15.405	14.605	15.023	14.979	15.865	15.122	15.562	15.176
B4DQR0	TEX10	testis expressed 10	Homo sapiens	19.103	18.836	18.48	18.027	18.286	18.693	18.19	19.189	18.389	17.933	18.314	19.133	18.446	18.905	18.908
A8K6J0	LVRN	laeverin	Homo sapiens	15.425	NA	NA	15.299	15.363	15.735	14.848	16.119	15.349	NA	15.799	15.54	15.68	NA	NA
B2R5U5	EIF1AX	eukaryotic translation initiation factor 1A X-linked	Homo sapiens	NA	15.126	15.265	NA	14.866	NA	NA	NA	NA	NA	15.162	15.379	15.505	15.839	NA
A4D1U0	TAS2R5	taste 2 receptor member 5	Homo sapiens	18.194	17.623	17.964	17.841	17.996	18.533	18.488	18.416	18.611	17.758	18.351	NA	18.293	18.136	17.766
H7BYW6	PDGFA	platelet derived growth factor subunit A	Homo sapiens	16.778	17.426	16.726	16.764	17.023	17.817	17.626	17.929	17.127	16.635	17.439	NA	17.698	17.546	17.202
O00109	KRT9	keratin 9	Homo sapiens	NA	15.472	15.678	14.697	15.629	15.68	15.497	16.248	15.189	15.743	15.77	16.04	15.825	15.839	15.401
I3L3S9	CLUAP1	clusterin associated protein 1	Homo sapiens	15.387	16.555	15.549	15.618	16.133	NA	15.975	16.692	15.563	15.168	15.797	16.107	16.313	15.871	15.74
B2R4F7	H2AC6	H2A clustered histone 6	Homo sapiens	17.331	17.622	17.27	17.474	NA	18.968	17.698	18.574	17.855	18.326	17.343	17.528	17.277	17.618	16.863
Q8N3X6	LCORL	ligand dependent nuclear receptor corepressor like	Homo sapiens	16.217	16.433	15.16	15.464	16.267	16.107	15.718	16.613	16.204	15.963	15.831	15.916	16.216	16.466	NA
Q59EK5	GPKOW	G-patch domain and KOW motifs	Homo sapiens	14.191	NA	14.639	NA	NA	NA	14.219	14.592	NA	14.697	NA	14.801	NA	14.827	14.519
B2R8N8	BIRC2	baculoviral IAP repeat containing 2	Homo sapiens	16.005	16.218	16.632	16.034	16.799	16.329	16.066	17.431	16.26	NA	16.671	NA	16.872	16.939	16.839
K7ELH8	DPY19L3	dpy-19 like C-mannosyltransferase 3	Homo sapiens	14.688	NA	14.659	14.676	15.148	NA	NA	NA	NA	NA	NA	14.117	14.097	14.211	14.269
Q6UWK6	MMP27	matrix metallopeptidase 27	Homo sapiens	13.698	13.925	NA	NA	13.617	13.616	13.937	14.155	13.724	13.249	NA	14.618	NA	14.056	NA
E9PAN0	HOATZ	HOATZ cilia and flagella associated protein	Homo sapiens	17.692	18.101	17.681	17.533	17.835	18.07	17.502	18.11	17.515	17.591	18.117	17.669	17.647	17.334	17.954
I6W807	CDK19	cyclin dependent kinase 19	Homo sapiens	14.173	14.595	NA	13.838	13.803	14.646	13.863	14.724	NA	13.88	14.096	14.29	NA	14.488	14.386
B3KPN4	ZNF528	zinc finger protein 528	Homo sapiens	13.463	NA	NA	12.842	NA	12.97	NA	13.804	13.429	NA	NA	NA	NA	NA	NA
A0A384P5Q0	CAT	catalase	Homo sapiens	15.583	15.335	14.93	NA	14.619	NA	15.236	15.507	14.673	NA	NA	15.227	14.969	15.614	14.287
A0A2U7XUX1	ANTXRL	ANTXR like	Homo sapiens	13.996	13.876	NA	13.578	13.769	NA	13.552	13.971	NA	NA	NA	15.997	15.808	16.25	15.765
A2A2A8	IFT140	intraflagellar transport 140	Homo sapiens	15.765	15.317	15.245	15.128	15.031	15.65	NA	15.524	14.89	15.316	15.702	16.091	NA	15.028	15.094
A8K825	CDC42EP1	CDC42 effector protein 1	Homo sapiens	18.018	17.354	17.497	16.863	17.64	17.733	17.237	18.443	18.049	17.052	17.512	17.689	NA	18.095	17.148
A0A494C108	KRI1	KRI1 homolog	Homo sapiens	NA	NA	NA	NA	NA	13.375	12.927	NA	12.278	12.563	NA	NA	NA	NA	NA
Q6WRI0	IGSF10	immunoglobulin superfamily member 10	Homo sapiens	14.543	14.973	NA	13.782	NA	14.22	14.348	14.557	NA	NA	14.406	14.685	13.899	NA	14.362
A0A1B0GUA8	KIF13A	kinesin family member 13A	Homo sapiens	18.993	18.609	18.281	18.282	18.906	19.073	19.89	19.911	19.408	19.965	18.182	18.821	18.426	18.499	18.143
Q9BYV6	TRIM55	tripartite motif containing 55	Homo sapiens	17.237	16.719	17.368	16.507	16.596	16.826	16.338	17.861	16.832	16.937	16.985	17.125	NA	17.492	16.874
D3DPS7	EVA1B	eva-1 homolog B	Homo sapiens	16.458	15.743	16.02	15.849	15.438	NA	15.532	16.345	15.949	15.675	15.696	16.24	15.797	16.137	15.917
D3DXI6	PAOX	polyamine oxidase	Homo sapiens	14.551	NA	14.402	14.612	14.416	15.082	14.635	15.45	14.488	14.871	NA	15.215	NA	15.166	14.152
Q6ZUC4	LOC128966679	uncharacterized LOC128966679	Homo sapiens	18.537	18.594	17.671	17.927	18.402	18.073	17.778	18.168	18.179	18.304	NA	18.727	18.568	18.956	18.405
B4DRU9	ABCF3	ATP binding cassette subfamily F member 3	Homo sapiens	17.075	16.898	16.418	16.095	17.187	16.678	16.335	17.357	16.654	16.87	16.482	16.939	16.757	16.962	16.443
A0A7D9NKC8	ABI2	abl interactor 2	Homo sapiens	NA	14.022	13.721	13.657	NA	NA	NA	14.152	13.524	NA	12.958	NA	13.835	NA	13.458
A8MUW5	FAM98B	family with sequence similarity 98 member B	Homo sapiens	17.03	17.57	17.17	16.351	17.438	17.221	17.354	17.751	17.463	17.433	17.999	17.363	17.111	17.622	16.682
Q5W098	FOXP4	forkhead box P4	Homo sapiens	15.861	16.086	16.174	15.72	15.902	15.012	14.752	15.779	14.96	15.046	17.226	17.158	16.947	17.407	16.535
A0A140VJC9	LYPLA2	lysophospholipase 2	Homo sapiens	14.728	14.846	14.409	14.464	NA	NA	13.82	15.067	NA	14.28	14.901	15.458	14.353	NA	NA
A0A068F658	GBA1	glucosylceramidase beta 1	Homo sapiens	15.198	14.451	NA	NA	14.506	NA	14.593	15.064	15.137	14.455	14.534	15.181	NA	14.934	14.337
O75420	GIGYF1	GRB10 interacting GYF protein 1	Homo sapiens	12.722	12.507	NA	NA	NA	12.638	NA	NA	NA	NA	NA	NA	NA	NA	12.735
A0AV16	XPNPEP2	X-prolyl aminopeptidase 2	Homo sapiens	NA	NA	NA	NA	NA	NA	NA	NA	12.13	NA	NA	NA	NA	NA	NA
A0A126GWJ2	OR4A5	olfactory receptor family 4 subfamily A member 5	Homo sapiens	17.681	17.626	17.903	17.148	17.956	18.142	17.219	18.236	17.742	NA	17.385	18.066	17.002	17.989	17.469
B4E1X9	BCL2A1	BCL2 related protein A1	Homo sapiens	16.277	16.579	16.271	15.661	15.73	18.303	17.554	18.246	18.037	17.764	NA	NA	15.932	NA	15.488
H3BM13	EPGN	epithelial mitogen	Homo sapiens	NA	13.399	NA	NA	13.325	13.702	NA	NA	13.332	NA	NA	NA	13.613	13.153	13.199
E9PQ80	CHMP4A	charged multivesicular body protein 4A	Homo sapiens	16.344	16.394	16.192	16.32	16.587	16.201	16.623	16.753	NA	16.343	NA	14.501	NA	14.503	NA
Q13564	NAE1	NEDD8 activating enzyme E1 subunit 1	Homo sapiens	NA	14.524	14.267	14.379	NA	NA	14.003	14.924	NA	13.855	NA	12.767	NA	NA	NA
A8K579	PLS3	plastin 3	Homo sapiens	15.11	13.887	14.508	13.542	NA	NA	14.179	NA	14.564	NA	NA	14.353	NA	14.561	NA
Q9NZB2	FAM120A	family with sequence similarity 120 member A	Homo sapiens	16.599	16.203	NA	15.773	NA	NA	15.734	16.389	NA	15.815	16.225	16.244	16.54	16.393	15.928
A0A994J7H4	NPLOC4	NPL4 homolog, ubiquitin recognition factor	Homo sapiens	16.087	15.513	16.138	NA	16.531	16.37	15.79	16.788	16.244	15.969	15.497	NA	16.008	15.577	15.217
B2R8Q7	KCNV1	potassium voltage-gated channel modifier subfamily V member 1	Homo sapiens	15.193	14.981	15.033	14.193	14.961	NA	15.18	15.302	14.893	NA	15.519	15.341	NA	15.576	14.561
A0A024R0U3	TADA2A	transcriptional adaptor 2A	Homo sapiens	13.527	NA	NA	NA	NA	13.192	NA	NA	NA	NA	NA	NA	NA	NA	NA
B3SUG9	DRAM2	DNA damage regulated autophagy modulator 2	Homo sapiens	NA	NA	NA	NA	NA	NA	NA	13.312	NA	NA	12.884	NA	NA	NA	NA
A0A9L9PYI1	ARHGEF1	Rho guanine nucleotide exchange factor 1	Homo sapiens	19.734	19.506	20.149	19.83	19.051	19.82	NA	20.091	19.366	19.047	19.578	20.113	19.155	19.552	19.374
B2R6I9	RUNX1T1	RUNX1 partner transcriptional co-repressor 1	Homo sapiens	16.898	16.603	16.986	NA	16.85	NA	16.984	17.127	17.261	17.499	16.673	17.333	17.847	17.346	16.647
P08574	CYC1	cytochrome c1	Homo sapiens	NA	NA	NA	NA	NA	NA	12.129	12.764	NA	NA	NA	12.412	NA	11.918	NA
A1IGU5	ARHGEF37	Rho guanine nucleotide exchange factor 37	Homo sapiens	18.828	18.663	18.745	18.523	19.01	18.828	18.901	19.21	18.134	18.111	18.99	18.944	18.563	18.95	18.386
A8K910	JAK2	Janus kinase 2	Homo sapiens	NA	13.347	13.222	NA	NA	13.512	12.945	NA	NA	NA	NA	13.494	NA	NA	NA
Q4G0X9	CCDC40	coiled-coil domain 40 molecular ruler complex subunit	Homo sapiens	14.678	14.19	NA	13.947	NA	NA	14.138	NA	NA	NA	NA	14.213	NA	NA	13.683
A8K4Z1	KAT8	lysine acetyltransferase 8	Homo sapiens	14.046	13.274	NA	NA	13.989	NA	NA	NA	NA	NA	13.545	14.233	13.6	13.736	NA
A0A1B0GTR3	CXorf51A	chromosome X open reading frame 51A	Homo sapiens	14.699	15.596	15.217	14.773	15.119	NA	14.957	15.52	15.015	14.996	NA	15.571	14.756	15.573	15.114
B4DXR1	HACL1	2-hydroxyacyl-CoA lyase 1	Homo sapiens	17.945	17.085	17.653	16.795	17.603	17.492	NA	18.118	NA	17.367	16.993	17.685	17.515	18.213	17.209
Q96EZ8	MCRS1	microspherule protein 1	Homo sapiens	13.165	NA	NA	NA	NA	NA	NA	NA	12.933	NA	NA	13.566	13.216	12.887	13.556
A0AAQ5BIF9	NFKBID	NFKB inhibitor delta	Homo sapiens	17.532	16.639	16.937	17.257	17.589	17.752	16.912	17.582	16.866	NA	16.827	16.911	16.623	17.672	17.079
B4DN03	ERI3	ERI1 exoribonuclease family member 3	Homo sapiens	16.215	NA	16.693	16.344	NA	16.363	16.403	NA	16.35	15.844	NA	16.22	NA	16.366	NA
B4DF56	MRGPRE	MAS related GPR family member E	Homo sapiens	14.876	14.213	14.562	14.057	14.835	14.11	13.904	15.033	13.789	13.736	NA	14.313	14.232	14.424	14.335
A0A1B0GW80	PLCXD2	phosphatidylinositol specific phospholipase C X domain containing 2	Homo sapiens	16.253	15.881	15.848	15.747	15.767	15.659	16.326	16.626	16.451	16.297	16.261	16.544	15.45	15.6	16.147
A0A6Q8PG57	LARGE1	LARGE xylosyl- and glucuronyltransferase 1	Homo sapiens	15.59	15.768	15.349	15.574	15.052	18.304	17.737	18.736	18.092	18.098	15.379	NA	15.523	15.25	14.943
B4E323	SPATC1L	spermatogenesis and centriole associated 1 like	Homo sapiens	13.527	14.133	NA	13.015	14.134	NA	NA	NA	13.488	13.165	NA	NA	13.319	NA	NA
X5DNI1	CRMP1	collapsin response mediator protein 1	Homo sapiens	15.986	NA	15.426	NA	15.304	15.179	15.635	16.353	15.609	15.734	16.27	16.081	15.88	15.374	15.457
A7E2E4	DPP6	dipeptidyl peptidase like 6	Homo sapiens	15.621	NA	NA	15.079	NA	NA	NA	15.373	14.635	NA	15.281	14.588	14.985	NA	15.13
A8K6K4	IL1RAP	interleukin 1 receptor accessory protein	Homo sapiens	17.902	18.042	NA	17.874	18.284	18.023	18.1	18.868	18.151	17.956	17.514	18.127	17.642	17.705	17.458
A5PKX5	MAN2A1	mannosidase alpha class 2A member 1	Homo sapiens	19.054	18.671	18.214	17.901	18.589	18.81	18.066	18.924	18.355	18.104	18.418	18.799	18.435	18.904	18.447
B3KVT7	RGS3	regulator of G protein signaling 3	Homo sapiens	15.203	NA	14.997	14.844	15.39	NA	14.913	15.9	NA	14.618	15.191	15.809	NA	15.394	14.824
A0A126GVY9	OR13C3	olfactory receptor family 13 subfamily C member 3	Homo sapiens	16.289	NA	15.942	16.299	16.031	16.66	15.925	NA	15.095	15.662	16.415	17.136	17.123	17.024	16.554
A0A087X266	TMEM120A	transmembrane protein 120A	Homo sapiens	17.946	17.698	NA	17.221	17.926	17.672	17.289	17.749	16.933	17.138	17.802	17.653	17.796	17.679	17.192
A0A087WUM3	NDUFC2-KCTD14	NDUFC2-KCTD14 readthrough	Homo sapiens	18.184	18.471	17.975	18.412	18.359	17.538	18.804	18.547	18.324	18.413	18.447	18.491	18.259	NA	18.554
B2R978	ROM1	retinal outer segment membrane protein 1	Homo sapiens	18.983	18.634	17.811	17.512	18.231	18.399	18.657	18.642	17.692	17.927	18.395	18.839	18.333	18.375	17.89
A8K981	DPT	dermatopontin	Homo sapiens	15.973	15.771	NA	NA	NA	NA	15.253	15.993	NA	15.252	16.183	15.374	15.83	NA	NA
Q6ZQT2	LOC124902171	formin-2-like	Homo sapiens	16.191	16.246	16.567	15.388	16.896	16.15	16.37	16.908	16.349	NA	16.082	16.864	16.114	16.389	15.671
A0A0C4DGR5	ZNF496	zinc finger protein 496	Homo sapiens	18.408	17.955	17.959	17.919	17.944	18.622	17.86	18.054	17.626	17.493	17.623	NA	18.071	17.64	17.815
B0YIZ8	DNAJC1	DnaJ heat shock protein family (Hsp40) member C1	Homo sapiens	18.308	18.39	18.139	17.645	NA	15.854	16.528	17.027	16.104	15.747	NA	17.086	16.706	16.176	16.445
A0A8Q3WL56	C8B	complement C8 beta chain	Homo sapiens	16.043	16.767	16.189	15.787	16.015	16.831	16.495	17.008	15.253	16.54	16.018	16.694	15.958	16.533	16.01
A0A126GW26	OR6C70	olfactory receptor family 6 subfamily C member 70	Homo sapiens	15.142	15.379	15.787	15.389	15.368	14.915	15.218	15.64	15.435	15.475	15.853	15.703	15.762	NA	15.624
A0A1C7CYV6	POU2AF2	POU class 2 homeobox associating factor 2	Homo sapiens	17.173	17.177	16.896	16.458	NA	16.904	16.773	18.036	16.737	16.708	16.66	17.32	16.89	17.433	16.974
Q86UV5	USP48	ubiquitin specific peptidase 48	Homo sapiens	16.901	16.748	16.691	16.988	16.988	17.16	16.19	17.046	16.698	16.609	17.737	17.347	17.668	17.36	16.744
A0PJT7	H3C1	H3 clustered histone 1	Homo sapiens	NA	NA	12.188	NA	NA	NA	NA	12.843	NA	11.771	NA	NA	NA	12.333	NA
Q96EY9	ADAT3	adenosine deaminase tRNA specific 3	Homo sapiens	21.241	20.778	20.563	20.33	20.372	21.595	21.544	21.131	20.639	20.683	21.316	20.704	21.019	21.32	20.081
B3KUH3	GRAMD1A	GRAM domain containing 1A	Homo sapiens	NA	15.161	14.902	NA	14.81	15.081	14.594	15.524	14.612	14.798	14.927	15.112	14.886	14.451	NA
A6NCZ5	NKIRAS2	NFKB inhibitor interacting Ras like 2	Homo sapiens	19.161	NA	18.922	18.549	18.684	19.067	18.332	19.969	19.005	18.597	19.357	18.855	19.28	19.002	18.872
B2R621	GABRA3	gamma-aminobutyric acid type A receptor subunit alpha3	Homo sapiens	14.061	14.396	14.673	NA	NA	NA	NA	NA	NA	NA	14.268	14.241	14.288	NA	NA
B4DRP8	ZNF461	zinc finger protein 461	Homo sapiens	17.86	17.1	17.657	16.972	17.363	17.954	17.584	18.099	17.261	16.69	17.765	17.856	17.93	17.557	16.951
A6XGL2	INS	insulin	Homo sapiens	16.868	NA	16.991	17.068	NA	17.227	17.125	17.631	17.093	16.761	16.706	17.16	17.446	17.927	16.967
E7EU32	MAN1A1	mannosidase alpha class 1A member 1	Homo sapiens	19.593	19.586	19.101	18.699	20.451	19.503	19.997	20.109	18.352	19.486	19.493	19.257	19.693	19.774	19.176
A0A0A0MQW3	SERPINB13	serpin family B member 13	Homo sapiens	13.903	14.317	NA	NA	NA	14.821	NA	15.163	NA	NA	14.08	14.94	15.475	14.182	NA
A4D0T7	SMIM30	small integral membrane protein 30	Homo sapiens	16.821	15.973	16.61	16.5	NA	16.772	16.994	17.363	16.954	NA	17.105	16.768	16.991	16.848	16.764
P0C6S8	LINGO3	leucine rich repeat and Ig domain containing 3	Homo sapiens	NA	16.584	NA	16.847	16.523	17.169	17.092	17.433	NA	16.457	16.735	17.053	NA	17.426	16.925
D3DN49	TFG	trafficking from ER to golgi regulator	Homo sapiens	15.996	16.57	16.272	16.026	16.245	17.052	NA	16.978	15.821	16.18	15.984	17.363	16.041	17.218	16.062
A1JUI9	WASL	WASP like actin nucleation promoting factor	Homo sapiens	19.753	20.002	19.878	20.254	19.744	19.543	19.3	20.228	19.552	19.323	19.763	20.077	20.072	19.931	19.461
A8K889	IFT22	intraflagellar transport 22	Homo sapiens	15	NA	NA	NA	14.837	NA	NA	15.51	14.539	14.746	14.776	14.934	15.022	15.364	NA
B3KRA5	CENPP	centromere protein P	Homo sapiens	NA	14.246	14.243	14.843	NA	NA	NA	15.279	NA	14.525	NA	14.869	NA	14.486	NA
B0AZU2	KIAA0930	KIAA0930	Homo sapiens	17.543	16.977	17.714	17.438	NA	17.855	17.176	17.551	17.153	16.894	16.783	18.117	NA	17.612	16.937
A0A8D9PHB2	GRIN2B	glutamate ionotropic receptor NMDA type subunit 2B	Homo sapiens	17.401	17.103	17.206	16.71	NA	18.024	16.722	17.288	17.09	17.288	16.955	17.721	17.257	18.038	17.258
Q2M219	ZNF251	zinc finger protein 251	Homo sapiens	NA	NA	12.72	12.31	NA	NA	NA	13.379	NA	NA	NA	NA	NA	13.34	NA
A4D1T6	ADCK2	aarF domain containing kinase 2	Homo sapiens	16.225	16.076	16.057	15.684	NA	16.623	15.961	17.164	15.976	15.893	16.931	17.005	16.226	16.29	16.338
A8KAM8	PDGFRB	platelet derived growth factor receptor beta	Homo sapiens	15.612	16.17	NA	15.597	16.553	16.19	15.581	16.382	16.004	16.549	16.141	16.344	NA	16.024	16.064
Q6ZV50	RFX8	regulatory factor X8	Homo sapiens	NA	15.47	15.877	14.924	15.575	15.225	15.047	15.46	14.872	14.675	14.765	15.125	15.288	15.473	14.826
A8K488	KRT16	keratin 16	Homo sapiens	15.313	15.05	14.85	NA	15.22	NA	NA	15.6	NA	14.807	14.67	14.946	NA	14.571	14.715
Q86XU0	ZNF677	zinc finger protein 677	Homo sapiens	17.078	17.578	16.855	16.19	17.393	17.239	17.055	18.646	16.957	16.527	16.973	17.396	16.867	17.318	16.469
Q05925	EN1	engrailed homeobox 1	Homo sapiens	18.231	17.847	18.6	17.708	18.648	NA	17.57	18.336	18.192	17.669	17.926	18.299	18.266	18.243	17.74
A0A7I2V3Q3	LAS1L	LAS1 like ribosome biogenesis factor	Homo sapiens	NA	NA	NA	13.171	NA	13.825	NA	NA	13.417	13.443	13.447	NA	13.409	14.227	NA
P52746	ZNF142	zinc finger protein 142	Homo sapiens	NA	14.629	NA	NA	NA	14.418	NA	15.279	14.262	14.656	15.128	14.761	14.921	NA	14.437
D3DTD3	OTULIN	OTU deubiquitinase with linear linkage specificity	Homo sapiens	15.728	15.858	15.819	15.493	15.691	15.977	16.241	16.339	15.601	15.565	NA	16.42	15.88	16.636	15.668
Q5VSQ6	P4HA1	prolyl 4-hydroxylase subunit alpha 1	Homo sapiens	NA	15.547	15.419	14.852	14.895	15.348	NA	15.136	14.961	15.397	15.023	NA	15.316	15.016	NA
A2RUK1	CDY1B	chromodomain Y-linked 1B	Homo sapiens	18.059	17.423	17.752	NA	17.85	17.92	17.474	18.133	17.225	17.538	17.388	17.871	18.134	17.512	17.818
A8K2F9	RPAP1	RNA polymerase II associated protein 1	Homo sapiens	18.228	17.651	18.372	17.735	17.293	17.688	17.58	18.366	NA	17.859	18.178	17.904	18.068	18.113	17.945
O76095	JTB	jumping translocation breakpoint	Homo sapiens	NA	NA	NA	NA	12.898	NA	NA	13.696	NA	NA	12.44	13.142	NA	13.198	NA
D3DUG5	ZC3H7A	zinc finger CCCH-type containing 7A	Homo sapiens	16.946	16.639	NA	16.231	16.231	17.087	16.374	17.578	16.274	16.226	16.756	16.716	17.181	NA	16.486
D3DNX5	BBS12	Bardet-Biedl syndrome 12	Homo sapiens	16.188	NA	16.1	16.17	16.234	16.569	16.947	17.033	16.71	16.193	16.427	17.112	16.5	16.384	NA
A8KAL8	AKR1A1	aldo-keto reductase family 1 member A1	Homo sapiens	20.088	19.486	19.503	19.121	19.608	19.926	19.324	19.862	19.508	19.445	19.647	20.398	19.84	19.908	20.424
B4DIU3	PADI2	peptidyl arginine deiminase 2	Homo sapiens	14.096	NA	13.851	NA	14.436	14.264	14.087	NA	NA	NA	14.075	14.387	NA	13.755	14.036
A0A1B0GUV7	TEX48	testis expressed 48	Homo sapiens	17.547	17.2	17.726	17.702	17.877	17.503	17.563	18.312	17.795	17.28	17.68	18.223	18.026	17.833	18.217
A0A8V8TQ39	CAMK2B	calcium/calmodulin dependent protein kinase II beta	Homo sapiens	18.63	18.905	18.692	18.121	19.398	18.187	18.273	18.933	18.742	18.343	18.88	18.571	18.077	18.758	18.79
A0A2R8YCJ5	SMIM41	small integral membrane protein 41	Homo sapiens	NA	NA	NA	11.809	NA	NA	NA	NA	NA	NA	12.819	NA	NA	NA	NA
A4D1P0	AKR1B10	aldo-keto reductase family 1 member B10	Homo sapiens	NA	NA	NA	13.336	NA	13.665	13.182	14.146	NA	NA	NA	NA	13.102	NA	NA
Q9BQ95	ECSIT	ECSIT signaling integrator	Homo sapiens	15.221	15.896	15.95	NA	16.082	NA	NA	13.44	NA	NA	NA	15.277	15.577	16.005	15.877
A8K6P7	AFAP1L2	actin filament associated protein 1 like 2	Homo sapiens	16.614	17.034	16.071	16.318	16.613	16.169	16.372	16.777	16.091	16.212	16.205	16.849	NA	16.973	NA
Q9H6T3	RPAP3	RNA polymerase II associated protein 3	Homo sapiens	16.009	15.894	15.764	15.721	16.58	16.573	15.991	16.728	15.159	15.787	16.183	15.845	16.127	15.935	15.707
O43902	EIF3E	eukaryotic translation initiation factor 3 subunit E	Homo sapiens	18.552	17.615	17.871	17.465	17.785	18.065	17.774	NA	18.129	17.94	NA	NA	17.652	18.158	NA
O94910	ADGRL1	adhesion G protein-coupled receptor L1	Homo sapiens	NA	13.714	13.684	13.757	13.97	14.075	NA	14.444	14.034	NA	NA	14.687	14.263	14.063	NA
Q5THN1	HEBP2	heme binding protein 2	Homo sapiens	17.027	16.583	16.668	15.267	16.806	15.286	NA	16.036	NA	14.716	16.229	16.833	16.007	17.223	16.055
P26038	MSN	moesin	Homo sapiens	16.08	16.137	16.567	15.739	15.953	16.282	15.923	16.086	16.646	16.048	15.629	15.639	15.774	16.406	15.318
A0N9W2	IGFBP4	insulin like growth factor binding protein 4	Homo sapiens	17.008	16.816	16.51	16.52	16.439	16.343	16.236	16.838	16.888	16.31	16.748	16.596	16.376	16.75	16.754
B2R4V6	SMIM8	small integral membrane protein 8	Homo sapiens	NA	18.264	18.359	NA	18.385	18.058	18.468	18.573	17.896	17.908	18.475	18.445	18.316	18.2	18.815
P13645	KRT10	keratin 10	Homo sapiens	17.881	17.558	17.404	17.386	17.626	17.585	18.157	NA	18.151	17.673	17.763	18.496	18.057	18.248	17.132
A8MT35	HMOX2	heme oxygenase 2	Homo sapiens	20.437	20.801	20.706	20.478	20.939	20.815	20.672	21.284	20.613	NA	19.998	20.855	21.141	21.346	20.567
B3KV23	RNF26	ring finger protein 26	Homo sapiens	NA	NA	13.109	NA	13.143	NA	NA	13.713	NA	NA	13.039	NA	NA	NA	13.11
A0A024R7I7	RAB3A	RAB3A, member RAS oncogene family	Homo sapiens	15.466	15.451	15.535	14.843	NA	15.305	NA	15.397	15.622	15.22	15.09	15.063	NA	15.936	NA
H0YAL2	TRIP13	thyroid hormone receptor interactor 13	Homo sapiens	15.483	NA	15.765	15.148	15.611	14.943	15.052	15.97	14.723	NA	15.401	15.863	15.527	NA	NA
B5MC97	GAREM2	GRB2 associated regulator of MAPK1 subtype 2	Homo sapiens	17.05	17.423	17.126	16.483	17.278	17.129	17.057	17.652	17.201	17.041	17.252	17.034	16.698	17.274	17.23
J3KPD3	RBM7	RNA binding motif protein 7	Homo sapiens	NA	13.774	NA	NA	14.381	14.001	13.687	14.394	14.083	NA	NA	NA	14.156	14.305	13.544
H7BXJ3	TSPY8	testis specific protein Y-linked 8	Homo sapiens	16.451	15.96	15.987	NA	16.227	16.23	NA	17.043	16.448	16.409	16.48	17.25	16.502	NA	16.053
Q59FP7	DNMT1	DNA methyltransferase 1	Homo sapiens	16.953	16.99	17.115	16.984	17.395	16.65	17.034	17.754	17.226	17.449	17.309	17.467	17.461	17.649	17.376
Q3LI78	KRTAP13-3	keratin associated protein 13-3	Homo sapiens	16.062	15.623	16.946	15.86	NA	15.973	16.482	16.322	16.186	NA	16.259	16.072	15.88	15.885	NA
Q8TDQ1	CD300LF	CD300 molecule like family member f	Homo sapiens	16.58	16.578	16.533	15.967	16.883	16.537	16.295	16.875	NA	16.461	16.563	16.509	16.302	16.556	16.574
B3KMW4	INPP5B	inositol polyphosphate-5-phosphatase B	Homo sapiens	16.727	15.876	16.082	15.937	16.013	16.046	NA	17.014	15.394	16.193	17.846	17.783	17.624	17.458	17.521
C9JE98	NCOR2	nuclear receptor corepressor 2	Homo sapiens	NA	18.979	18.815	18.284	18.89	19.235	19.034	19.571	18.75	18.585	19.147	19.653	19.137	18.362	18.573
A0A140VK18	FSCN3	fascin actin-bundling protein 3	Homo sapiens	17.137	17.391	16.778	17.273	17.833	16.845	16.589	17.104	15.619	15.876	18.76	19.264	19.201	19.443	19.307
Q96HJ5	MS4A3	membrane spanning 4-domains A3	Homo sapiens	NA	16.443	17.425	17.251	16.863	17.253	17.3	17.609	NA	NA	17.465	17.797	17.077	17.239	17.358
A0PJZ3	GXYLT2	glucoside xylosyltransferase 2	Homo sapiens	18.767	18.434	18.076	17.793	19.179	18.438	18.463	18.961	18.398	18.37	18.757	18.68	18.483	19.159	18.293
A0A2R8Y714	GAB4	GRB2 associated binding protein family member 4	Homo sapiens	14.983	15.302	14.903	15.145	15.117	15.09	14.594	15.251	14.61	14.886	15.129	15.736	15.287	15.189	15.108
O43344	GDF1	growth differentiation factor 1	Homo sapiens	NA	NA	16.153	15.935	NA	16.225	15.734	16.306	15.972	15.694	16	16.101	16.317	16.929	16.104
B2R5K6	LOC102723713	TP53-target gene 3 protein	Homo sapiens	13.018	NA	NA	NA	NA	12.692	NA	NA	NA	12.361	NA	NA	NA	12.917	NA
J3KMW5	ANTKMT	adenine nucleotide translocase lysine methyltransferase	Homo sapiens	19.503	19.269	19.487	19.788	19.564	19.853	19.588	19.937	19.06	19.904	19.697	19.657	19.8	19.73	19.463
A0A1U9X8V2	SCAND3	SCAN domain containing 3	Homo sapiens	17.624	17.775	18.033	17.292	18.234	18.451	17.268	18.441	18.278	17.937	18.145	18.557	18.138	17.911	17.909
A0A384P5M7	TDRD7	tudor domain containing 7	Homo sapiens	13.459	NA	NA	NA	14.001	NA	NA	15.071	14.389	14.424	NA	NA	NA	NA	NA
P86452	ZBED6	zinc finger BED-type containing 6	Homo sapiens	NA	NA	15.708	15.339	15.438	15.368	15.287	15.704	15.145	14.684	17.38	17.951	17.325	18.353	17.221
A0A7I2V5Q5	PPIG	peptidylprolyl isomerase G	Homo sapiens	15.347	15.444	15.882	15.048	15.686	NA	15.562	15.516	15.567	15.54	15.873	15.723	15.523	15.556	15.018
B1APD9	BRD3	bromodomain containing 3	Homo sapiens	14.899	13.834	14.174	NA	14.215	NA	NA	NA	NA	14.223	14.85	NA	NA	14.747	14.252
Q5JS81	XAGE5	X antigen family member 5	Homo sapiens	17.568	17.23	16.697	17.007	16.932	NA	16.922	17.68	NA	17.185	17.298	17.269	17.576	17.222	16.714
B2R8A2	TMED9	transmembrane p24 trafficking protein 9	Homo sapiens	16.058	15.605	15.853	NA	16.096	16.169	15.542	16.655	15.688	16.422	16.184	16.925	16.443	16.106	15.812
A8K764	TMEM150A	transmembrane protein 150A	Homo sapiens	NA	19.461	20.122	19.364	20.419	20.398	19.993	20.5	19.918	NA	20.656	20.59	19.876	19.984	19.363
A6NNT2	C16orf96	chromosome 16 open reading frame 96	Homo sapiens	14.864	14.865	14.643	14.838	14.769	16.118	15.896	16.321	15.637	15.232	NA	14.745	15.391	15.107	14.781
F8WEA4	KCNQ5	potassium voltage-gated channel subfamily Q member 5	Homo sapiens	18.579	18.014	18.66	18.207	17.81	18.493	18.334	18.342	18.612	18.424	18.36	18.72	18.485	18.206	18.03
B2R4J7	CXCL9	C-X-C motif chemokine ligand 9	Homo sapiens	16.11	16.054	15.989	15.174	NA	16.028	15.525	16.865	15.284	14.919	16.087	16.285	15.586	15.942	15.982
Q3ZCQ3	FAM174B	family with sequence similarity 174 member B	Homo sapiens	13.99	13.647	14.13	NA	14.132	14.109	13.949	14.736	NA	NA	14.122	NA	NA	13.985	NA
H0Y5R1	BMAL2	basic helix-loop-helix ARNT like 2	Homo sapiens	14.261	13.389	14.342	NA	NA	14.076	NA	NA	13.9	14.462	13.849	13.797	13.529	NA	13.794
A8K1J2	HS3ST5	heparan sulfate-glucosamine 3-sulfotransferase 5	Homo sapiens	NA	NA	11.792	NA	NA	NA	NA	11.554	NA	NA	11.194	NA	11.641	NA	NA
Q8NCY6	MSANTD4	Myb/SANT DNA binding domain containing 4 with coiled-coils	Homo sapiens	14.472	NA	14.775	14.264	13.89	NA	14.373	NA	NA	14.646	14.519	14.896	14.445	15.03	14.455
Q96FM1	PGAP3	post-GPI attachment to proteins phospholipase 3	Homo sapiens	17.286	18.364	17.663	NA	17.658	17.623	16.923	NA	17.499	16.714	17.431	17.427	17.91	16.931	17.148
Q05BQ5	MBTD1	mbt domain containing 1	Homo sapiens	18.398	17.925	18.15	17.892	18.302	18.318	18.205	18.878	17.813	18.462	17.7	18.582	17.987	18.702	NA
A0A1K0FU50	HBM	hemoglobin subunit mu	Homo sapiens	NA	NA	NA	NA	NA	NA	NA	NA	NA	NA	NA	12.839	NA	13.399	NA
C9K030	OCIAD1	OCIA domain containing 1	Homo sapiens	NA	NA	12.863	NA	NA	NA	NA	NA	NA	NA	NA	NA	12.812	13.028	NA
A0A494C0M8	KIAA0586	KIAA0586	Homo sapiens	16.431	16.045	16.325	15.792	16.227	17.093	17.21	17.528	16.76	16.47	16.089	16.817	16.378	16.191	16.259
Q53HB9	DDX56	DEAD-box helicase 56	Homo sapiens	19.195	18.927	19.422	18.654	19.004	18.548	18.992	19.059	18.126	18.821	18.858	NA	18.909	18.961	18.595
A0PJT7	H3C6	H3 clustered histone 6	Homo sapiens	16.503	16.663	16.772	16.685	16.702	16.928	16.789	NA	NA	NA	17.09	16.779	16.993	16.962	16.829
A0AAG2TUI5	TNNI2	troponin I2, fast skeletal type	Homo sapiens	NA	NA	NA	12.81	NA	NA	12.354	NA	NA	NA	NA	12.763	NA	NA	NA
J3QT09	SENP7	SUMO specific peptidase 7	Homo sapiens	20.118	19.523	19.301	18.366	19.483	19.014	18.869	19.388	18.773	18.5	18.827	19.991	19.469	19.045	19.146
A0A8I5KWT8	MYH9	myosin heavy chain 9	Homo sapiens	NA	16.37	15.605	16.286	15.822	19.097	18.627	19.375	18.455	18.388	17.731	18.265	17.795	18.147	17.864
B4DWP2	PRSS8	serine protease 8	Homo sapiens	NA	14.373	NA	NA	13.633	NA	NA	14.745	13.657	13.666	NA	14.698	NA	13.963	NA
A0A087WVQ6	CLTC	clathrin heavy chain	Homo sapiens	17.159	16.756	17.302	16.687	17.24	16.949	16.826	17.037	17.139	16.792	17.101	17.942	17.108	17.11	16.894
A6NNJ2	ARHGEF5	Rho guanine nucleotide exchange factor 5	Homo sapiens	16.054	14.661	NA	14.622	15.667	NA	15.343	15.752	NA	15.018	15.065	15.422	15.887	15.432	15.315
Q2NKJ9	ZNF430	zinc finger protein 430	Homo sapiens	NA	13.847	NA	NA	14.048	NA	14.462	13.86	14.175	14.399	NA	14.037	14.422	NA	NA
P56179	DLX6	distal-less homeobox 6	Homo sapiens	17.756	17.817	17.981	16.689	17.922	17.94	17.641	18.058	17.343	17.302	17.929	17.624	18.128	17.866	17.686
B2RNP3	IRGQ	immunity related GTPase Q	Homo sapiens	16.712	17.219	17.326	16.23	17.598	17.22	17.085	NA	16.557	16.709	16.798	17.211	16.825	17.533	17.011
A0A9E8S311	FUT5	fucosyltransferase 5	Homo sapiens	15.205	15.188	15.122	15.277	NA	15.138	14.961	15.527	14.84	15.204	15.316	15.499	15.155	15.645	15.346
A6NJI7	MTSS2	MTSS I-BAR domain containing 2	Homo sapiens	16.641	17.191	16.346	15.586	16.394	16.595	16.074	16.88	16.475	16.389	16.541	NA	16.801	16.509	16.841
A0A140VJL0	HIBCH	3-hydroxyisobutyryl-CoA hydrolase	Homo sapiens	17.661	17.73	17.37	17.209	17.823	18.285	17.79	18.195	17.319	17.134	17.848	17.772	17.758	17.742	16.879
A0A494C103	SPADH	spermadhesin family member	Homo sapiens	14.71	14.259	14.657	13.848	14.059	14.31	NA	NA	NA	13.945	14.113	14.482	14.515	14.213	13.781
B7Z693	FAM78B	family with sequence similarity 78 member B	Homo sapiens	14.383	NA	NA	13.586	NA	14.429	14.47	14.984	NA	13.827	14.414	14.26	14.324	14.048	14.41
H0Y3G9	SYT8	synaptotagmin 8	Homo sapiens	13.762	13.046	NA	NA	13.549	NA	NA	12.972	NA	NA	NA	NA	NA	NA	12.439
B2RAX7	FBXO40	F-box protein 40	Homo sapiens	14.64	14.091	14.469	NA	14.407	14.579	14.067	NA	14.25	14.703	14.385	NA	14.513	14.289	14.923
A1L473	CDY2A	chromodomain Y-linked 2A	Homo sapiens	19.339	19.629	19.542	19.514	20.085	20.132	19.668	NA	19.575	19.321	20.263	20.051	19.375	20.449	19.793
B4DG08	C1orf216	chromosome 1 open reading frame 216	Homo sapiens	15.357	15.097	15.814	15.544	15.59	NA	16.368	16.429	15.722	15.466	16.102	15.873	NA	NA	NA
A0A0G2JIT5	RPP21	ribonuclease P/MRP subunit p21	Homo sapiens	17.442	17.513	17.107	16.951	17.639	NA	16.129	16.893	15.974	NA	17.67	17.239	17.677	17.48	NA
B1AK63	MEAF6	MYST/Esa1 associated factor 6	Homo sapiens	NA	15.645	NA	14.82	15.226	15.011	15.21	16.068	14.604	14.777	14.269	14.467	NA	NA	14.28
B4DP64	LYPLA1	lysophospholipase 1	Homo sapiens	16.613	16.598	16.179	16.011	NA	17.222	16.294	16.691	16.064	16.689	16.315	16.498	16.549	17.254	16.87
Q86UW5	LOC124901712	uncharacterized LOC124901712	Homo sapiens	NA	12.398	NA	NA	NA	12.498	NA	NA	12.292	11.978	NA	NA	NA	12.786	12.702
A0A097PIJ6	CRYBA4	crystallin beta A4	Homo sapiens	20.188	20.006	19.74	19.719	19.835	20.314	20.112	20.383	19.74	19.208	20.55	20.172	20.138	20.667	20.056
A0A096LP49	CCDC187	coiled-coil domain containing 187	Homo sapiens	16.985	16.34	17.669	16.556	16.796	16.796	16.415	17.958	16.876	16.779	NA	17.378	NA	17.317	16.708
A0A126GW14	OR6K6	olfactory receptor family 6 subfamily K member 6	Homo sapiens	17.261	17.035	17.01	16.362	NA	17.287	17.333	17.646	16.457	17.244	17.338	16.651	16.894	17.324	17.158
A0A384N6E5	SH3BP2	SH3 domain binding protein 2	Homo sapiens	NA	15.53	15.108	14.919	15.262	15.265	14.782	15.416	14.729	NA	15.546	15.576	15.822	15.582	15.244
B8ZZ87	MZT2B	mitotic spindle organizing protein 2B	Homo sapiens	18.243	17.752	18.464	18.459	18.262	18.126	17.823	18.93	18.266	18.292	NA	19.022	18.733	18.422	18.434
H7C096	BNIP2	BCL2 interacting protein 2	Homo sapiens	16.34	15.696	15.962	15.288	15.878	15.298	15.162	16.005	15.311	15.347	15.837	15.784	15.554	15.792	15.452
Q9BYR4	KRTAP4-3	keratin associated protein 4-3	Homo sapiens	19.409	19.532	19.573	18.822	19.294	19.405	19.181	19.487	18.753	19.484	NA	19.012	19.19	19.059	18.574
B0YJ38	MIB1	MIB E3 ubiquitin protein ligase 1	Homo sapiens	14.156	NA	NA	NA	14.05	NA	NA	14.558	NA	NA	13.572	NA	14.055	13.928	NA
B2R9I2	GK5	glycerol kinase 5	Homo sapiens	14.872	14.59	14.96	14.282	14.606	NA	14.548	15.033	NA	NA	NA	14.998	NA	14.712	14.51
B7ZKT5	SOS2	SOS Ras/Rho guanine nucleotide exchange factor 2	Homo sapiens	18.878	18.542	18.877	18.577	18.633	18.912	18.742	19.228	18.369	18.298	18.792	18.709	18.906	18.457	19.042
A0A0A0MTJ8	CADM1	cell adhesion molecule 1	Homo sapiens	21.808	21.434	21.987	21.123	21.872	21.654	21.157	22.146	21.449	21.055	21.246	21.443	21.529	22.09	21.466
A0A0A0QYD1	FUT1	fucosyltransferase 1 (H blood group)	Homo sapiens	NA	NA	11.769	NA	NA	NA	NA	12.278	NA	NA	NA	12.279	NA	NA	NA
Q8IXM3	MRPL41	mitochondrial ribosomal protein L41	Homo sapiens	15.653	16.269	16.034	NA	NA	16.098	NA	16.509	16.051	15.967	15.19	16.4	16.284	16.388	16.107
A0A0B4J1S4	SELENOF	selenoprotein F	Homo sapiens	14.179	13.739	13.657	NA	NA	NA	NA	NA	NA	NA	NA	13.719	NA	13.182	NA
Q6IMI5	SULT1C3	sulfotransferase family 1C member 3	Homo sapiens	17.711	17.033	16.775	17.119	18.208	17.316	17.648	17.906	17.01	16.962	18.677	18.933	NA	18.838	18.138
A0A894JZ42	DEFB103A	defensin beta 103A	Homo sapiens	16.232	15.557	16.283	15.562	16.25	16.274	16.274	17.023	16.125	16.151	15.887	16.857	15.806	16.612	16.297
A0A7P0T7G7	QRICH2	glutamine rich 2	Homo sapiens	NA	NA	NA	NA	NA	10.835	NA	NA	NA	NA	NA	NA	NA	NA	NA
Q7L099	RUFY3	RUN and FYVE domain containing 3	Homo sapiens	16.181	15.813	15.998	15.556	15.904	16.227	15.889	16.748	16.149	15.36	15.672	16.255	15.987	16.309	15.597
B3KMZ3	TM7SF3	transmembrane 7 superfamily member 3	Homo sapiens	15.429	15.369	NA	15.146	15.407	16.001	15.16	15.544	15.44	15.517	15.33	15.898	15.525	15.657	15.726
A0A087WTU9	ALMS1	ALMS1 centrosome and basal body associated protein	Homo sapiens	15.975	15.543	15.75	15.71	16.01	16.127	NA	16.17	15.48	15.322	15.291	15.61	15.591	15.858	15.383
A8MXJ2	SZRD1	SUZ RNA binding domain containing 1	Homo sapiens	17.496	18.22	18.112	NA	17.924	18.059	17.477	18.205	17.999	17.55	17.993	17.965	17.648	18.295	17.669
H0YMD5	BCL2L10	BCL2 like 10	Homo sapiens	18.673	18.907	18.334	18.339	18.966	21.501	21.367	21.415	21.146	21.038	15.674	16.279	16.102	16.434	15.897
A3KME6	UGT1A3	UDP glucuronosyltransferase family 1 member A3	Homo sapiens	17.182	16.806	16.543	16.91	17.122	16.91	16.448	17.669	16.417	16.077	16.52	16.935	16.684	16.771	16.758
P23610	F8A1	coagulation factor VIII associated 1	Homo sapiens	NA	NA	NA	NA	NA	NA	NA	13.021	NA	NA	12.392	13.51	NA	NA	NA
Q6UXU4	GSG1L	GSG1 like	Homo sapiens	17.322	NA	17.243	16.486	17.322	17.337	17.318	NA	16.837	16.767	17.687	17.208	16.503	17.61	17.095
B2R987	RAB33B	RAB33B, member RAS oncogene family	Homo sapiens	16.319	15.387	15.869	15.615	15.475	15.635	15.717	16.266	15.21	NA	15.529	15.901	15.899	15.81	15.81
B3V096	CSTF2	cleavage stimulation factor subunit 2	Homo sapiens	NA	13.898	NA	NA	14.04	14.394	13.897	14.456	NA	NA	14.109	NA	NA	NA	13.768
P07101	TH	tyrosine hydroxylase	Homo sapiens	NA	15.785	16.03	15.587	15.715	16.245	15.871	16.233	15.383	NA	15.543	16.181	NA	15.831	NA
B3KSG7	TPCN1	two pore segment channel 1	Homo sapiens	NA	NA	14.69	14.715	14.851	NA	NA	14.951	14.402	14.397	NA	14.907	NA	NA	NA
Q5T4I7	C6orf52	chromosome 6 open reading frame 52	Homo sapiens	17.712	17.494	17.562	17.152	17.596	17.237	17.207	17.782	17.185	16.935	16.863	17.848	17.289	18.002	17.74
A0A1B0GUF5	CCDC197	coiled-coil domain containing 197	Homo sapiens	17.936	18.576	18.186	18.316	NA	17.952	17.893	18.798	NA	17.64	19.432	20.011	19.339	19.885	19.122
Q6NT89	TRNP1	TMF1 regulated nuclear protein 1	Homo sapiens	17.25	16.55	17.258	16.514	17.174	17.172	17.591	17.844	16.989	16.79	17.005	17.319	17.271	17.022	16.637
B4DFX6	ANKRD35	ankyrin repeat domain 35	Homo sapiens	20.228	20.233	19.902	19.939	NA	20.427	20.576	20.342	20.243	19.844	19.496	20.234	20.555	20.332	19.78
P68036	UBE2L3	ubiquitin conjugating enzyme E2 L3	Homo sapiens	NA	NA	NA	12.871	12.741	NA	13.673	13.721	NA	NA	NA	14.508	14.515	14.571	NA
A6NLB8	TLN2	talin 2	Homo sapiens	NA	13.93	14.37	13.783	NA	NA	NA	15.121	NA	13.916	NA	NA	13.802	14.823	14.165
Q4W5Q3	YTHDC1	YTH N6-methyladenosine RNA binding protein C1	Homo sapiens	12.046	NA	NA	NA	NA	NA	NA	NA	NA	NA	NA	NA	NA	NA	NA
Q6IPR3	TYW3	tRNA-yW synthesizing protein 3 homolog	Homo sapiens	18.125	17.419	17.062	16.759	17.57	17.771	NA	18.231	17.304	17.035	NA	NA	18.211	17.355	16.927
B3KTY6	LFNG	LFNG O-fucosylpeptide 3-beta-N-acetylglucosaminyltransferase	Homo sapiens	14.41	14.593	14.909	NA	14.687	NA	14.412	14.53	NA	NA	14.569	14.717	15.281	14.511	14.477
D3DTI8	METTL16	methyltransferase 16, RNA N6-adenosine	Homo sapiens	19.735	19.357	19.69	18.873	19.717	19.741	18.949	19.905	18.894	19.293	19.376	19.745	19.314	19.585	19.861
J3KPH8	HDAC7	histone deacetylase 7	Homo sapiens	17.123	16.582	16.937	16.776	16.792	18.191	18.054	17.969	17.813	17.324	16.821	17.228	17.263	17.026	NA
Q0VAB7	GJA3	gap junction protein alpha 3	Homo sapiens	15.813	NA	15.591	15.408	16.276	NA	15.595	16.326	15.215	15.166	15.349	16.193	15.723	16.201	15.813
B2RWM4	CCL27	C-C motif chemokine ligand 27	Homo sapiens	19.725	18.766	NA	NA	19.995	19.777	19.792	20.22	19.277	19.278	18.901	19.663	20.301	19.223	19.657
Q86U28	ISCA2	iron-sulfur cluster assembly 2	Homo sapiens	16.954	16.621	17.106	16.156	16.659	16.925	16.482	16.814	16.268	16.24	16.928	17.596	17.112	16.619	NA
Q14164	IKBKE	inhibitor of nuclear factor kappa B kinase subunit epsilon	Homo sapiens	NA	15.465	15.523	15.439	15.16	15.754	15.111	15.328	15.889	15.116	15.658	15.699	15.893	15.366	NA
A8K3R4	PCGF6	polycomb group ring finger 6	Homo sapiens	17.17	16.864	16.586	15.723	16.24	16.752	15.672	17.054	16.545	NA	16.41	17.022	16.917	17.219	16.382
B2RD75	MRPL46	mitochondrial ribosomal protein L46	Homo sapiens	15.524	NA	14.47	NA	15.465	NA	15.139	15.843	NA	14.729	15.364	15.558	15.364	15.314	NA
Q16143	SNCB	synuclein beta	Homo sapiens	14.852	14.824	14.889	NA	14.96	15.141	NA	15.573	NA	14.791	14.751	15.23	14.715	15.359	NA
A8K8M1	MDH1B	malate dehydrogenase 1B	Homo sapiens	15.577	15.481	14.657	NA	15.096	15.168	15.647	15.298	NA	NA	15.218	15.214	15.219	15.512	15.433
A0A2R8Y564	PJVK	pejvakin	Homo sapiens	16.041	15.701	16.015	NA	15.543	16.23	16.141	16.4	15.744	NA	15.854	15.977	16.333	15.866	15.197
A6NF84	TRIM10	tripartite motif containing 10	Homo sapiens	16.69	16.323	16.112	15.94	16.368	16.461	16.546	17.198	15.73	16.445	NA	17.025	16.418	NA	16.784
A0A140T9H8	HLA-DMA	major histocompatibility complex, class II, DM alpha	Homo sapiens	16.422	16.266	16.184	15.38	16.372	15.793	16.287	16.417	15.426	15.568	15.984	16.452	16.05	16.223	15.808
B2R805	MAB21L1	mab-21 like 1	Homo sapiens	19.312	19.658	20.198	19.096	20.12	20.479	19.058	20.042	19.339	19.445	19.885	19.972	19.635	19.699	19.562
A6NK75	ZNF98	zinc finger protein 98	Homo sapiens	NA	14.935	NA	NA	14.858	15.215	NA	16.193	15.238	15.252	15.308	NA	15.299	15.255	NA
A0A087WUH3	CNTNAP3B	contactin associated protein family member 3B	Homo sapiens	15.457	15.603	NA	14.726	15.728	NA	15.111	15.591	15.788	NA	15.517	15.924	NA	15.851	15.477
B2RDW8	RCBTB2	RCC1 and BTB domain containing protein 2	Homo sapiens	17.236	17.456	17.067	17.065	16.81	17.302	16.848	17.607	16.845	16.423	17.508	16.782	17.541	17.022	NA
A6NKE2	TRIM11	tripartite motif containing 11	Homo sapiens	17.559	18.196	17.537	17.139	17.948	17.915	17.581	17.985	NA	17.466	16.287	16.483	16.4	16.371	16.114
A0A8I5KSG1	KMT2D	lysine methyltransferase 2D	Homo sapiens	12.896	NA	NA	12.356	13.367	13.377	12.42	NA	NA	NA	NA	NA	NA	NA	11.329
Q9NTX7	RNF146	ring finger protein 146	Homo sapiens	14.308	13.873	15.074	NA	14.983	14.473	14.62	15.008	NA	NA	14.858	NA	14.846	NA	NA
Q53RF4	RTN4	reticulon 4	Homo sapiens	16.751	15.669	15.888	15.958	16.587	16.269	16.217	16.563	16.309	NA	16.384	16.329	NA	16.319	15.887
Q4G0X3	CLCN4	chloride voltage-gated channel 4	Homo sapiens	15.693	15.117	15.181	14.908	NA	15.453	15.147	NA	14.736	15.089	15.118	14.971	14.898	NA	15.037
A0A384MTI6	NSF	N-ethylmaleimide sensitive factor, vesicle fusing ATPase	Homo sapiens	16.284	16.26	15.987	15.769	16.482	16.181	16.13	16.328	16.346	16.208	15.976	16.178	16.251	16.635	16.171
A0A1W1GSK9	ERCC4	ERCC excision repair 4, endonuclease catalytic subunit	Homo sapiens	14.496	14.942	13.855	14.359	NA	14.338	14.39	14.522	14.362	14.146	14.696	14.715	14.58	15.057	NA
A3KMC5	KRTAP4-12	keratin associated protein 4-12	Homo sapiens	17.123	17.272	17.352	NA	16.908	17.61	17.38	17.585	17.47	17.164	16.915	17.713	17.364	17.842	17.313
Q06945	SOX4	SRY-box transcription factor 4	Homo sapiens	20.017	20.359	20.647	20.239	20.198	20.799	20.237	20.742	20.104	20.166	20.4	20.988	NA	NA	20.203
F5GXT2	RASA4B	RAS p21 protein activator 4B	Homo sapiens	19.079	19.006	18.889	19.028	19.478	19.23	19.214	18.998	18.312	18.823	18.723	19.657	NA	18.749	19.137
A0A7I2V518	CAMLG	calcium modulating ligand	Homo sapiens	16.474	16.159	16.223	15.877	16.788	16.293	NA	16.656	16.332	16.23	15.951	15.953	16.192	16.273	15.772
A1A4X6	VSX2	visual system homeobox 2	Homo sapiens	NA	16.08	15.714	15.697	15.499	15.551	15.869	16.687	15.789	15.697	15.949	NA	15.78	15.843	15.555
B2R726	GPC5	glypican 5	Homo sapiens	16.715	16.748	16.112	16.388	16.496	17.187	16.081	16.975	16.294	16.314	NA	16.723	16.393	16.82	15.848
P11712	CYP2C9	cytochrome P450 family 2 subfamily C member 9	Homo sapiens	18.203	17.745	18.343	18.305	18.529	18.341	18.552	18.77	17.823	18.119	18.57	18.211	18.217	18.659	NA
Q9P127	LUZP4	leucine zipper protein 4	Homo sapiens	15.568	14.616	14.535	14.488	15.683	NA	14.848	15.806	14.822	NA	NA	14.766	15.155	15.226	14.465
Q8IYD9	C18orf54	chromosome 18 open reading frame 54	Homo sapiens	14.78	14.69	15.19	15.018	14.849	14.897	15.095	NA	14.808	14.448	15.405	15.174	14.782	NA	14.638
Q9BWP8	COLEC11	collectin subfamily member 11	Homo sapiens	17.734	18.276	17.418	17.534	17.676	18.459	17.579	17.945	17.596	NA	17.51	17.519	17.946	18.639	17.447
C9JQR7	ORAI2	ORAI calcium release-activated calcium modulator 2	Homo sapiens	17.064	16.657	17.323	NA	17.263	NA	17.045	NA	17.346	17.185	17.031	17.426	17.943	17.378	17.052
O75246	AMH	anti-Mullerian hormone	Homo sapiens	NA	15.787	NA	NA	15.557	15.781	15.882	16.044	15.95	15.838	15.73	15.89	16.181	16.072	15.692
O95215	IGDCC3	immunoglobulin superfamily DCC subclass member 3	Homo sapiens	15.797	15.516	15.802	15.705	16.42	16.333	16.01	16.063	15.561	16.164	16.353	16.151	NA	16.302	15.901
Q6N040	RSRC2	arginine and serine rich coiled-coil 2	Homo sapiens	11.366	NA	NA	NA	NA	NA	NA	NA	NA	NA	NA	NA	NA	NA	NA
A8MZA4	GOLGA6L6	golgin A6 family like 6 (gene/pseudogene)	Homo sapiens	15.643	NA	15.645	15.339	15.653	14.836	14.828	16.079	NA	14.58	13.647	NA	NA	NA	NA
A0A8V8TP06	SFXN3	sideroflexin 3	Homo sapiens	NA	17.118	17.465	16.443	17.347	17.731	17.251	17.469	17.092	17.19	17.127	18.325	17.902	NA	17.088
Q8IYP6	AK7	adenylate kinase 7	Homo sapiens	17.217	16.115	NA	16.495	16.706	16.881	16.619	17.727	16.821	16.663	16.054	16.003	15.888	NA	15.524
D3DUX2	PWWP3B	PWWP domain containing 3B	Homo sapiens	NA	13.856	NA	13.622	13.951	14.287	13.913	14.489	NA	13.802	NA	14.198	14.409	14.383	NA
A2RUM7	RPL5	ribosomal protein L5	Homo sapiens	13.645	NA	13.236	NA	NA	13.682	13.204	NA	NA	NA	NA	NA	NA	NA	NA
A0A384MTZ4	COA7	cytochrome c oxidase assembly factor 7	Homo sapiens	15.274	14.968	15.578	14.613	15.747	NA	14.878	15.802	15.02	14.875	15.426	NA	15.3	15.435	NA
F8WBZ3	NINJ2	ninjurin 2	Homo sapiens	NA	12.487	NA	NA	NA	NA	11.765	NA	NA	NA	NA	10.964	NA	NA	NA
A0A7P0T8E0	IFITM1	interferon induced transmembrane protein 1	Homo sapiens	15.865	16.468	16.321	15.682	16.46	16.29	NA	16.973	16.018	15.891	19.014	18.922	18.658	19.201	NA
J3KPK1	SYNJ1	synaptojanin 1	Homo sapiens	15.533	16.256	15.133	NA	16.103	15.832	15.358	16.039	15.703	15.14	16.271	15.794	15.949	16.011	15.511
Q9H3Z7	ABHD16B	abhydrolase domain containing 16B	Homo sapiens	16.519	16.794	16.786	17.256	17.35	20.042	19.456	19.88	19.633	19.538	16.787	17.366	16.661	17.269	16.98
A0A8V8TQB9	KMT5B	lysine methyltransferase 5B	Homo sapiens	15.614	15.903	16.005	15.627	15.463	15.938	15.393	15.857	NA	15.405	15.522	16.11	15.047	15.669	15.312
A4D0T1	LRRN3	leucine rich repeat neuronal 3	Homo sapiens	NA	NA	11.205	NA	NA	NA	NA	NA	11.097	NA	NA	NA	12.005	NA	NA
Q14997	PSME4	proteasome activator subunit 4	Homo sapiens	14.283	NA	NA	NA	13.946	NA	NA	NA	13.838	13.857	14.041	14.473	NA	NA	NA
A8K449	CLCNKA	chloride voltage-gated channel Ka	Homo sapiens	NA	17.36	16.725	17.332	17.308	17.223	16.953	18.11	16.687	17.202	17.556	17.44	16.743	17.738	17.348
A0A3B3IRQ3	LOC112267897	keratin-associated protein 21-1-like	Homo sapiens	15.067	15.353	15.27	NA	14.799	14.751	14.835	15.392	NA	15.198	15.022	14.929	NA	15.197	15.078
A7LNJ1	SLC20A1	solute carrier family 20 member 1	Homo sapiens	NA	15.922	NA	NA	16.474	15.782	16.152	15.717	NA	15.636	15.841	16.328	16.182	NA	15.681
A0A140TA69	KRT34	keratin 34	Homo sapiens	15.35	NA	15.01	NA	14.841	NA	NA	NA	NA	12.516	NA	13.244	NA	13.807	13.798
B4DEI8	KRT72	keratin 72	Homo sapiens	NA	14.865	15.631	15.537	16.096	15.821	15.689	16.218	16.145	15.3	15.783	15.727	NA	NA	15.844
A0A8V8TP72	PMS2	PMS1 homolog 2, mismatch repair system component	Homo sapiens	14.829	14.938	15.124	15.242	15.425	14.602	15.607	15.604	15.379	15.237	17.58	17.98	17.411	18.694	18.057
A0A3B0INP7	C1QL4	complement C1q like 4	Homo sapiens	18.695	NA	18.432	18.911	18.308	19.082	18.427	18.99	18.839	17.824	18.916	18.68	18.581	18.706	18.287
A0PJL9	RBM25	RNA binding motif protein 25	Homo sapiens	16.921	16.671	17.021	15.687	16.623	16.394	16.201	16.709	NA	NA	NA	16.378	16.46	16.484	16.35
Q8N8S0	EID2B	EP300 interacting inhibitor of differentiation 2B	Homo sapiens	14.819	NA	NA	NA	13.946	NA	13.818	NA	NA	13.625	NA	NA	13.694	NA	NA
E1P560	MARCKS	myristoylated alanine rich protein kinase C substrate	Homo sapiens	16.758	17.02	17.176	16.215	17.235	17.494	17.294	17.582	16.549	17.039	17.039	17.498	17.075	17.163	16.67
F8W6N3	BAP1	BRCA1 associated deubiquitinase 1	Homo sapiens	NA	18.152	18.299	17.934	18.854	18.555	18.234	19.309	18.141	17.904	18.685	18.423	18.689	18.537	18.391
Q6PII5	HAGHL	hydroxyacylglutathione hydrolase like	Homo sapiens	NA	NA	16.064	15.514	16.169	NA	16.34	16.72	15.745	15.403	16.285	NA	16.301	16.399	16.231
A0AVD0	CNGA2	cyclic nucleotide gated channel subunit alpha 2	Homo sapiens	18.572	18.32	18.529	17.814	19.111	18.335	18.213	18.465	18.034	18.189	NA	18.776	18.617	18.792	18.139
B4DVZ0	HSPA12B	heat shock protein family A (Hsp70) member 12B	Homo sapiens	13.033	13.241	NA	12.917	NA	NA	NA	13.318	NA	NA	NA	NA	12.942	13.342	13.203
Q9NV73	TTC17	tetratricopeptide repeat domain 17	Homo sapiens	15.292	14.764	14.526	14.616	NA	NA	NA	15.241	NA	15.012	14.668	NA	NA	15.522	NA
D9ZGF5	FGF2	fibroblast growth factor 2	Homo sapiens	15.861	15.1	15.332	14.533	15.703	15.289	15.639	16.048	15.123	NA	15.266	16.13	15.461	15.393	15.23
A9LN06	PGAM5	PGAM family member 5, mitochondrial serine/threonine protein phosphatase	Homo sapiens	17.99	18.19	18.45	18.046	17.797	17.686	17.988	18.717	NA	17.89	18.087	18.149	18.314	18.891	17.801
A5YM67	DNAJC14	DnaJ heat shock protein family (Hsp40) member C14	Homo sapiens	17.36	16.532	16.484	16.885	17.17	16.899	17.143	17.227	16.942	16.428	17.034	17.968	16.664	16.843	17.116
A0A1B0GV47	KIF21A	kinesin family member 21A	Homo sapiens	NA	15.017	15.575	14.988	15.26	14.881	15.147	16.099	15.493	NA	15.742	16.198	14.959	15.398	NA
P43007	SLC1A4	solute carrier family 1 member 4	Homo sapiens	NA	NA	12.05	NA	NA	NA	NA	NA	NA	11.866	NA	NA	NA	NA	NA
A0A5F9ZHR4	AQP4	aquaporin 4	Homo sapiens	NA	20.349	20.105	19.951	20.579	19.884	20.234	21.08	20.489	20.022	20.64	20.675	19.93	20.144	20.29
A0A0S2Z4J1	HSD17B4	hydroxysteroid 17-beta dehydrogenase 4	Homo sapiens	17.875	17.761	17.242	16.943	17.884	17.496	17.518	17.968	17.394	17.515	17.259	17.74	17.444	17.339	17.767
P16519	PCSK2	proprotein convertase subtilisin/kexin type 2	Homo sapiens	16.893	17.044	17.576	16.315	16.547	17.358	17.097	18.04	17.984	17.026	NA	18.174	18.49	18.083	18.056
B2RDA5	MX1	MX dynamin like GTPase 1	Homo sapiens	NA	NA	14.288	14.658	NA	14.565	NA	NA	NA	14.898	NA	14.99	NA	NA	NA
P10082	PYY	peptide YY	Homo sapiens	NA	14.957	15.158	14.732	15.471	15.032	NA	15.731	NA	NA	NA	NA	14.975	15.548	14.343
J3KNB3	DAPP1	dual adaptor of phosphotyrosine and 3-phosphoinositides 1	Homo sapiens	15.506	14.675	14.563	14.212	14.711	14.842	14.271	15.025	14.389	14.7	14.404	15.364	15.372	NA	14.79
A0A0A0MTH3	ILK	integrin linked kinase	Homo sapiens	18.07	18.309	17.995	18.234	19.093	18.76	17.902	18.543	18.165	18.113	18.525	18.264	18.713	18.749	17.769
A0A977NV57	KCNH1	potassium voltage-gated channel subfamily H member 1	Homo sapiens	19.178	18.703	18.704	18.528	19.108	18.865	19.145	19.301	18.808	18.826	18.665	19.169	18.977	18.39	19.082
A0A0S2Z4K7	IVD	isovaleryl-CoA dehydrogenase	Homo sapiens	15.328	NA	NA	NA	15.669	15.683	15.294	16.128	15.63	15.684	14.936	16.001	15.788	15.95	NA
B2RPM6	SEMA4D	semaphorin 4D	Homo sapiens	16.083	NA	NA	15.322	16.308	16.287	15.576	16.606	15.965	15.65	16.64	16.418	16.391	NA	15.682
A0A126GV69	OR13G1	olfactory receptor family 13 subfamily G member 1	Homo sapiens	14.558	NA	14.045	NA	NA	16.579	16.775	17.039	16.024	16.016	NA	NA	NA	NA	NA
A0A090N7W5	LRRC61	leucine rich repeat containing 61	Homo sapiens	NA	14.409	NA	14.004	NA	NA	14.264	14.876	14.324	14.216	14.153	NA	14.298	14.649	14.323
Q5VUQ4	TAAR6	trace amine associated receptor 6	Homo sapiens	NA	NA	14.161	NA	NA	13.991	14.072	15.042	NA	14.173	14.904	NA	14.236	14.511	13.977
P47944	MT4	metallothionein 4	Homo sapiens	16.526	NA	16.156	15.245	16	15.972	16.235	16.892	15.911	16.089	16.419	16.093	16.266	16.126	15.703
A0A087WTC3	WDR72	WD repeat domain 72	Homo sapiens	NA	18.018	18.106	18.121	18.447	19.502	18.575	18.597	18.202	18.047	18.179	NA	18.461	18.711	18.118
B8ZZX2	COQ10B	coenzyme Q10B	Homo sapiens	18.52	18.366	17.835	17.714	18.257	18.643	17.464	18.296	17.302	18.061	18.175	18.067	18.416	17.921	17.534
D3DW83	IDH3A	isocitrate dehydrogenase (NAD(+)) 3 catalytic subunit alpha	Homo sapiens	15.114	NA	14.181	14.307	14.278	14.98	NA	15.316	NA	14.577	14.929	15.254	14.442	NA	14.275
Q15072	ZNF146	zinc finger protein 146	Homo sapiens	16.13	NA	15.772	15.489	15.998	15.887	15.798	16.235	15.545	15.447	15.683	16.46	16.561	16.139	15.766
A0A499FJE4	RIPOR3	RIPOR family member 3	Homo sapiens	18.989	18.569	18.58	18.373	18.44	19.363	19.455	20.786	19.518	18.976	20.149	20.411	19.843	20.042	NA
Q09FC8	ZNF415	zinc finger protein 415	Homo sapiens	16.164	16.224	16.554	15.595	16.337	16.219	15.7	16.705	16.432	16.234	14.784	15.706	14.824	15.451	14.847
P51003	PAPOLA	poly(A) polymerase alpha	Homo sapiens	18.279	18.335	17.95	17.83	18.571	18.396	18.248	18.649	17.919	17.799	17.697	18.159	17.875	18.467	18.169
A0A0A0MSA3	MAGEB16	MAGE family member B16	Homo sapiens	NA	13.934	NA	NA	13.952	14.106	NA	13.791	NA	13.741	13.521	NA	14.127	NA	NA
A0A1B0GVG6	TEX54	testis expressed 54	Homo sapiens	14.194	NA	NA	14.317	NA	14.724	13.933	14.939	NA	13.829	14.376	NA	13.866	14.041	13.849
B3KS46	ADCK5	aarF domain containing kinase 5	Homo sapiens	14.972	15.419	15.265	14.461	15.029	NA	NA	15.159	15.539	15.03	NA	NA	15.628	15.12	14.919
A4D2F3	SUN3	Sad1 and UNC84 domain containing 3	Homo sapiens	17.71	NA	16.144	16.237	16.886	17.209	16.898	17.282	16.967	16.149	17.06	17.027	16.55	NA	16.756
A8K6A9	LDLRAD4	low density lipoprotein receptor class A domain containing 4	Homo sapiens	NA	14.708	NA	13.9	14.745	14.384	14.776	NA	NA	NA	14.588	14.892	15.018	13.948	NA
A6NMC2	PRAMEF8	PRAME family member 8	Homo sapiens	17.326	16.945	16.99	16.877	17.123	16.806	17.327	NA	17.087	17.021	17.154	NA	17.137	17.277	17.015
H0YB12	SLURP2	secreted LY6/PLAUR domain containing 2	Homo sapiens	17.831	17.606	18	17.755	18.131	17.68	16.867	17.799	17.444	18.161	18.238	17.845	17.799	17.951	17.868
Q5QI42	HS3ST4	heparan sulfate-glucosamine 3-sulfotransferase 4	Homo sapiens	NA	NA	NA	13.948	14.454	14.647	NA	14.68	NA	14.677	14.807	15.321	NA	NA	14.267
Q1RMD6	ABHD17C	abhydrolase domain containing 17C, depalmitoylase	Homo sapiens	14.11	NA	14.436	13.932	NA	NA	NA	14.822	NA	NA	14.179	14.605	14.247	14.071	14.38
F1D8N6	NR4A2	nuclear receptor subfamily 4 group A member 2	Homo sapiens	NA	14.92	14.49	NA	15.032	14.641	14.784	15.19	14.458	NA	14.583	14.889	14.754	14.942	NA
Q2M1W5	TAAR1	trace amine associated receptor 1	Homo sapiens	NA	16.601	16.219	15.947	16.133	16.212	15.997	16.829	16.273	16.141	16.776	16.928	16.341	16.885	15.796
A5Z2A5	SERPINA10	serpin family A member 10	Homo sapiens	16.678	16.129	15.736	16.345	16.745	15.997	16.676	17.419	17.392	16.368	17.139	16.685	16.872	NA	16.084
F8W1T6	RBMS2	RNA binding motif single stranded interacting protein 2	Homo sapiens	20.685	20.461	20.076	20.1	20.766	20.689	20.18	20.712	NA	19.753	20.25	21.174	20.576	20.125	20.293
A0PJU3	SETD3	SET domain containing 3, actin N3(tau)-histidine methyltransferase	Homo sapiens	15.447	NA	15.03	15.025	NA	14.962	14.53	15.425	15.078	NA	14.87	15.511	14.385	14.801	NA
Q2Q1W2	TRIM71	tripartite motif containing 71	Homo sapiens	NA	NA	NA	NA	NA	12.56	NA	NA	12.424	NA	NA	NA	NA	NA	NA
P25089	FPR3	formyl peptide receptor 3	Homo sapiens	19.831	19.329	18.648	18.969	19.332	19.164	19.407	18.862	18.452	18.702	18.949	19.468	18.89	19.707	19.16
Q9BXW7	HDHD5	haloacid dehalogenase like hydrolase domain containing 5	Homo sapiens	NA	NA	NA	NA	NA	NA	NA	12.475	NA	NA	NA	NA	12.544	NA	NA
A0A0B4J215	NIN	ninein	Homo sapiens	16.652	17.031	16.614	16.63	16.977	16.751	16.497	NA	16.731	16.514	17.051	17.381	17.182	16.87	16.284
C9JYR4	RNASE11	ribonuclease A family member 11 (inactive)	Homo sapiens	16.528	16.097	16.045	15.67	15.919	16.479	16.264	16.318	16.085	16.215	15.936	16.53	16.027	16.433	15.595
A0A1W2PQM5	GSTT4	glutathione S-transferase theta 4	Homo sapiens	NA	NA	NA	NA	NA	NA	NA	NA	NA	NA	NA	NA	12.109	NA	NA
B2RD00	ERO1B	endoplasmic reticulum oxidoreductase 1 beta	Homo sapiens	15.095	NA	15.823	14.849	15.476	14.634	14.03	15.356	NA	14.607	16.072	16.063	15.724	15.73	15.328
A8MV50	MEIS1	Meis homeobox 1	Homo sapiens	NA	NA	NA	NA	NA	NA	11.682	NA	NA	NA	NA	NA	NA	NA	NA
Q7Z6V5	ADAT2	adenosine deaminase tRNA specific 2	Homo sapiens	17.198	16.869	16.431	16.836	17.374	16.85	16.688	NA	17.06	16.74	16.561	16.289	16.858	17.447	16.739
J3KQU0	NUCB2	nucleobindin 2	Homo sapiens	17.005	17.793	17.97	17.065	17.488	17.229	17.044	17.925	17.086	17.319	16.986	17.376	17.522	16.716	NA
Q0VGA1	ZNF276	zinc finger protein 276	Homo sapiens	15.771	NA	15.651	NA	15.536	NA	NA	NA	NA	12.397	NA	NA	NA	NA	NA
A8K5Y5	NFKB1	nuclear factor kappa B subunit 1	Homo sapiens	15.741	15.564	15.421	NA	15.306	15.282	15.07	15.889	NA	15.263	NA	15.911	15.656	15.331	15.328
Q8IYN2	TCEAL8	transcription elongation factor A like 8	Homo sapiens	18.307	18.819	18.478	18.478	18.926	18.741	18.514	19.101	18.692	18.538	19.143	18.868	18.931	19.006	NA
B4DMY8	DHX34	DExH-box helicase 34	Homo sapiens	16.621	16.305	16.641	15.98	16.516	16.838	16.636	17.125	16.239	16.334	16.536	16.722	17.01	16.471	16.626
A0MZF5	PRKAA2	protein kinase AMP-activated catalytic subunit alpha 2	Homo sapiens	18.853	19.267	18.361	18.763	18.77	19.559	18.876	19.702	18.888	19.528	18.813	19.208	18.626	19.301	NA
B2R7V1	C3orf18	chromosome 3 open reading frame 18	Homo sapiens	NA	17.034	17.078	16.329	16.577	16.852	16.169	16.827	16.666	16.655	16.389	16.925	NA	17.057	16.033
A0A6Q8PFR5	KIF1A	kinesin family member 1A	Homo sapiens	NA	NA	NA	NA	NA	13.757	13.269	13.795	NA	NA	13.45	14.209	NA	NA	NA
Q59FE1	EIF4E2	eukaryotic translation initiation factor 4E family member 2	Homo sapiens	16.718	15.835	16.608	15.756	16.754	16.539	16.237	16.54	16.43	16.339	16.059	16.557	16.58	16.233	16.165
A0A8I5KTN6	SLC22A5	solute carrier family 22 member 5	Homo sapiens	15.633	15.863	15.417	15.446	16.095	14.978	15.47	16.301	15.136	14.905	15.836	16.176	16.013	NA	NA
O75151	PHF2	PHD finger protein 2	Homo sapiens	15.372	15.578	NA	NA	15.43	15.298	15.654	NA	NA	15.015	15.301	15.771	NA	NA	15.66
Q7L5L3	GDPD3	glycerophosphodiester phosphodiesterase domain containing 3	Homo sapiens	16.866	16.675	17.155	16.586	17.057	16.595	16.864	17.423	16.643	16.872	16.672	16.675	16.82	17.107	16.595
A8K078	CRP	C-reactive protein	Homo sapiens	16.033	15.618	16.398	16.075	16.256	16.303	16.02	16.546	16.563	15.49	15.96	16.612	16.595	16.753	16.073
B2R951	PCDHB4	protocadherin beta 4	Homo sapiens	NA	NA	NA	NA	11.501	12.498	NA	NA	NA	NA	NA	NA	NA	NA	NA
B2R715	ZNF184	zinc finger protein 184	Homo sapiens	18.028	17.805	17.397	16.788	17.675	17.892	NA	18.248	17.771	17.34	18.082	17.603	18.13	18.103	17.603
A8KA82	DNAJC3	DnaJ heat shock protein family (Hsp40) member C3	Homo sapiens	15.125	15.466	15.272	14.837	15.378	15.727	15.509	15.864	15.169	NA	15.332	NA	15.622	15.284	NA
Q96RX6	MSRB1	methionine sulfoxide reductase B1	Homo sapiens	15.496	15.327	15.54	15.248	NA	16.075	15.27	NA	15.884	15.737	15.133	14.643	13.966	14.054	14.083
B3KS01	SLC16A5	solute carrier family 16 member 5	Homo sapiens	19.64	19.193	18.936	19.018	19.569	19.791	19.098	19.887	18.821	19.219	19.352	19.126	19.425	19.118	19.219
I3L504	EIF5A	eukaryotic translation initiation factor 5A	Homo sapiens	NA	NA	NA	NA	13.665	14.296	NA	14.192	NA	13.295	13.556	14.037	13.872	NA	14.155
A0MMZ1	SLC4A8	solute carrier family 4 member 8	Homo sapiens	16.707	17.245	17.549	16.403	17.078	18.219	17.917	18.394	18.019	17.007	17.12	17.076	NA	16.891	16.823
B2R7Y3	RPL3L	ribosomal protein L3 like	Homo sapiens	17.798	18.087	17.494	17.649	17.356	17.99	17.804	18.207	17.935	17.205	18.29	17.977	18.234	17.265	18.115
G3V220	TCERG1	transcription elongation regulator 1	Homo sapiens	18.118	17.803	17.686	NA	17.604	NA	16.543	17.492	17.285	17.079	16.745	17.788	18.104	17.489	17.42
B3KU68	INO80D	INO80 complex subunit D	Homo sapiens	17.412	17.318	16.519	17.136	17.384	16.603	17.286	17.958	NA	17.11	17.348	17.559	NA	NA	16.691
A8K3F0	ALAS2	5'-aminolevulinate synthase 2	Homo sapiens	17.046	17.426	16.54	16.554	16.779	17.099	16.667	17.51	NA	16.536	16.578	17.367	17.467	17.016	NA
Q6UWL6	KIRREL2	kirre like nephrin family adhesion molecule 2	Homo sapiens	9.326	NA	NA	NA	NA	NA	NA	NA	NA	NA	NA	NA	NA	NA	NA
A0A0U1RR22	PACSIN2	protein kinase C and casein kinase substrate in neurons 2	Homo sapiens	16.976	17.084	16.661	16.86	16.859	17.002	16.556	16.898	17.321	16.904	17.108	17.67	17.238	16.957	16.88
A0A0S2Z565	HAX1	HCLS1 associated protein X-1	Homo sapiens	NA	NA	NA	NA	NA	NA	NA	11.384	NA	NA	12.55	NA	NA	NA	NA
C9J494	MKRN2	makorin ring finger protein 2	Homo sapiens	15.824	15.715	16.554	15.994	15.616	15.718	15.782	15.847	NA	15.371	15.366	15.834	16.208	NA	15.744
A8K924	PDP2	pyruvate dehydrogenase phosphatase catalytic subunit 2	Homo sapiens	17.326	16.634	NA	16.491	16.913	16.763	16.828	16.84	16.799	16.705	16.826	16.914	NA	17.109	16.252
A0A669KBE7	ADAMTSL4	ADAMTS like 4	Homo sapiens	16.294	17.099	16.95	16.51	16.787	17.199	16.84	17.72	NA	16.84	19.126	19.734	18.81	19.562	19.124
B3KQA7	TPST2	tyrosylprotein sulfotransferase 2	Homo sapiens	14.092	NA	13.792	14.115	NA	14.006	NA	14.667	NA	NA	14.45	14.587	NA	15.25	NA
A0A5F9ZHV5	MICAL3	microtubule associated monooxygenase, calponin and LIM domain containing 3	Homo sapiens	16.08	15.075	15.655	NA	NA	16.031	15.454	16.469	15.596	15.335	15.35	16.38	16.074	15.724	15.21
A0A3B3IRF8	CLSTN3	calsyntenin 3	Homo sapiens	17.727	16.737	17.219	16.301	17.352	16.642	16.526	17.3	17.156	16.467	17.188	17.7	16.809	16.302	16.442
A0A087WYQ1	SPTBN2	spectrin beta, non-erythrocytic 2	Homo sapiens	19.876	19.462	18.711	19.281	19.746	20.14	19.503	19.144	19.821	18.994	19.264	19.791	19.402	18.851	NA
A0A804HLA6	SETD1A	SET domain containing 1A, histone lysine methyltransferase	Homo sapiens	17.652	17.966	18.013	17.533	18.169	18.068	17.818	18.147	17.344	17.509	17.416	18.513	17.417	18.02	17.447
A0A087WYV9	SYNJ2BP-COX16	SYNJ2BP-COX16 readthrough	Homo sapiens	NA	NA	13.687	NA	14.238	NA	13.958	14.701	14.122	NA	13.768	NA	14.034	14.233	NA
E9PEB6	FUCA2	alpha-L-fucosidase 2	Homo sapiens	17.225	16.906	17.37	17.014	17.627	17.53	17.055	17.469	17.297	17.188	NA	17.545	17.242	17.35	17.143
B3KXP3	HEATR6	HEAT repeat containing 6	Homo sapiens	17.312	18.018	17.995	17.724	17.624	17.544	17.668	18.701	17.44	17.531	17.237	NA	18.308	17.569	17.62
A0A0A0MSI1	INSC	INSC spindle orientation adaptor protein	Homo sapiens	NA	12.418	NA	NA	NA	NA	NA	NA	NA	NA	NA	NA	NA	NA	12.005
A0A0S2Z480	PEX5	peroxisomal biogenesis factor 5	Homo sapiens	16.138	15.962	15.402	15.6	15.643	16.261	15.314	16.713	16.119	NA	16.285	16.395	15.846	NA	15.915
B2RD32	SERTAD4	SERTA domain containing 4	Homo sapiens	18.611	17.839	18.329	18.208	18.365	18.498	18.557	18.648	18.188	18.088	18.715	18.896	18.176	NA	18.563
B2RAA0	COA4	cytochrome c oxidase assembly factor 4 homolog	Homo sapiens	15.072	NA	14.582	14.823	NA	14.995	NA	15.477	15.073	NA	14.28	16.162	14.991	14.982	14.196
Q8NAM9	LOC124905738	uncharacterized LOC124905738	Homo sapiens	15.934	16.307	16.121	15.824	16.258	15.965	15.803	16.873	15.482	15.834	16.394	16.467	16.08	16.531	15.688
B2R7V9	MMP9	matrix metallopeptidase 9	Homo sapiens	13.986	NA	NA	NA	13.624	14.552	13.652	NA	NA	NA	14.136	NA	14.046	NA	NA
O76013	KRT36	keratin 36	Homo sapiens	NA	NA	NA	13.479	NA	NA	NA	14.196	NA	14.253	NA	NA	13.61	14.373	NA
D3DWC0	NYX	nyctalopin	Homo sapiens	NA	NA	NA	NA	NA	12.328	13.016	12.466	NA	NA	NA	NA	12.177	NA	NA
Q5EBL5	C1QTNF12	C1q and TNF related 12	Homo sapiens	17.116	16.696	16.716	16.182	NA	16.475	16.94	17.295	NA	17.041	16.884	16.687	16.934	16.695	16.521
A0PJE2	DHRS12	dehydrogenase/reductase 12	Homo sapiens	17.327	16.86	16.644	16.872	17.539	17.227	16.559	17.659	16.831	16.693	17.324	16.62	17.275	17.019	16.878
D3DX46	MPP3	MAGUK p55 scaffold protein 3	Homo sapiens	14.807	15.444	NA	NA	15.344	16.041	15.25	16.133	15.735	15.297	14.863	15.357	15.33	15.521	14.611
Q86Y39	NDUFA11	NADH:ubiquinone oxidoreductase subunit A11	Homo sapiens	17.651	17.195	NA	17.458	18.038	17.488	17.48	17.934	17.492	17.352	17.394	17.802	17.238	17.622	17.588
Q96MF2	STAC3	SH3 and cysteine rich domain 3	Homo sapiens	NA	12.93	NA	NA	NA	NA	12.818	NA	12.777	NA	NA	NA	NA	NA	NA
A0A126GWF9	OR11H1	olfactory receptor family 11 subfamily H member 1	Homo sapiens	16.023	15.796	15.253	15.551	15.762	15.423	15.715	16.496	14.705	15.864	15.179	16.033	NA	15.601	15.397
Q9UGQ3	SLC2A6	solute carrier family 2 member 6	Homo sapiens	NA	19.447	NA	18.809	19.346	19.539	19.704	19.491	19.269	19.254	19.435	19.209	19.207	19.461	18.93
A0A0S2Z4Z8	RIPK2	receptor interacting serine/threonine kinase 2	Homo sapiens	14.731	NA	14.251	14.403	14.309	14.893	14.724	15.5	14.503	14.237	14.566	14.598	14.977	14.864	14.62
Q9H3R0	KDM4C	lysine demethylase 4C	Homo sapiens	15.645	14.988	15.72	NA	15.573	16.156	15.655	16.313	15.866	15.696	15.624	15.237	15.275	15.408	15.291
B7ZMG7	SMR3B	submaxillary gland androgen regulated protein 3B	Homo sapiens	16.967	16.419	NA	15.825	16.931	16.345	16.696	17.224	16.765	15.986	16.038	16.46	15.979	16.881	16.679
Q53LP3	SOWAHC	sosondowah ankyrin repeat domain family member C	Homo sapiens	14.033	13.456	NA	NA	NA	NA	13.723	NA	13.235	NA	NA	13.764	13.934	NA	NA
B2R6C1	GNAZ	G protein subunit alpha z	Homo sapiens	NA	NA	13.696	NA	14.325	NA	13.988	NA	14.101	14.067	NA	13.77	13.882	NA	13.462
A2VCL0	H4C9	H4 clustered histone 9	Homo sapiens	17.077	17.223	17.21	16.563	17.025	16.691	16.558	17.241	17.002	16.503	NA	17.621	17.425	16.934	16.766
B3KXK2	TRERF1	transcriptional regulating factor 1	Homo sapiens	14.711	NA	14.344	14.09	14.812	14.463	NA	14.428	NA	NA	17.36	17.102	17.635	17.602	17.1
A8MX41	TNRC18	trinucleotide repeat containing 18	Homo sapiens	16.166	15.987	16.396	15.284	16.014	15.872	16.028	16.266	15.525	16.185	16.313	16.532	15.501	15.939	15.518
A0A7P0Z475	C2CD3	C2 domain containing 3 centriole elongation regulator	Homo sapiens	16.508	16.476	16.002	15.602	16.295	16.036	16.41	NA	15.992	16.291	16.558	16.979	NA	17.019	16.363
A0A384MDQ4	CST8	cystatin 8	Homo sapiens	NA	14.59	15.199	15.167	NA	15.429	14.965	15.317	15.23	15.037	15.287	15.326	14.885	15.541	14.74
B7Z5D8	TPI1	triosephosphate isomerase 1	Homo sapiens	16.557	16.766	16.412	15.655	16.308	16.51	NA	16.531	16.572	16.042	NA	16.663	16.735	16.232	16.845
A0A140VJW2	STMN1	stathmin 1	Homo sapiens	20.019	19.828	20.52	19.693	19.575	NA	20.291	20.788	19.984	19.938	20.631	20.568	19.969	20.079	20.26
B7WP17	HAUS4	HAUS augmin like complex subunit 4	Homo sapiens	15.158	15.077	15.84	14.787	15.416	15.563	15.868	16.218	14.914	15.155	15.27	15.926	15.19	15.584	15.079
A8K9Z0	RBMX2	RNA binding motif protein X-linked 2	Homo sapiens	NA	15.842	15.545	15.214	15.925	15.738	15.344	15.63	15.276	15.539	15.956	15.939	15.642	NA	15.086
F5H0Q6	CLASRP	CLK4 associating serine/arginine rich protein	Homo sapiens	10.966	NA	NA	NA	NA	NA	NA	NA	NA	NA	NA	NA	NA	NA	NA
A8K693	KMO	kynurenine 3-monooxygenase	Homo sapiens	20.148	19.644	19.554	19.335	19.315	20.121	19.474	20.176	19.5	19.466	19.767	20.037	19.505	19.721	19.907
Q6UX39	AMTN	amelotin	Homo sapiens	16.588	16.639	16.799	15.879	16.935	16.464	NA	16.725	16.19	15.829	16.289	16.81	16.799	NA	15.712
A8K9T2	DCAF11	DDB1 and CUL4 associated factor 11	Homo sapiens	19.511	19.24	19.716	19.527	NA	18.138	17.761	18.361	17.762	17.172	19.913	20.454	19.882	20.59	19.978
A6NMQ9	SLC9A9	solute carrier family 9 member A9	Homo sapiens	NA	13.109	NA	12.56	NA	NA	12.942	NA	NA	NA	NA	NA	NA	NA	12.949
D6W5F3	RAB1A	RAB1A, member RAS oncogene family	Homo sapiens	NA	14.784	14.303	14.066	14.336	14.389	13.956	NA	NA	13.836	14.207	NA	14.584	NA	NA
H7C179	BRD8	bromodomain containing 8	Homo sapiens	15.819	NA	15.913	15.34	15.748	15.889	16.011	16.305	15.832	15.962	16.093	16.165	15.658	15.761	16.154
B7Z7U0	SRRM1	serine and arginine repetitive matrix 1	Homo sapiens	NA	NA	NA	13.628	13.565	13.947	14.342	14.849	NA	NA	13.292	14.499	NA	13.907	NA
A0A087WX40	OR5H6	olfactory receptor family 5 subfamily H member 6	Homo sapiens	NA	16.369	16.254	16.114	16.189	16.112	15.448	16.533	15.457	15.785	16.261	16.083	15.818	16.108	15.742
B4DN28	ITGA8	integrin subunit alpha 8	Homo sapiens	17.487	17.475	17.384	17.011	18.074	17.496	17.367	18.032	17.563	17.673	17.486	18.127	17.533	17.833	17.273
A8K3C3	CCT4	chaperonin containing TCP1 subunit 4	Homo sapiens	15.356	15.549	15.406	15.161	15.995	NA	NA	16.189	16.462	NA	15.859	15.705	16.264	16.439	15.499
A6NEX0	FUT6	fucosyltransferase 6	Homo sapiens	17.312	17.343	16.548	16.88	16.751	19.217	19.655	19.704	18.597	18.739	18.984	19.038	18.943	19.152	19.274
D3DW10	FERMT1	FERM domain containing kindlin 1	Homo sapiens	NA	14.054	14.766	14.195	14.49	14.36	13.719	NA	NA	14.382	14.653	NA	14.202	14.39	14.478
A0AAG2UXD1	FAM90A9	family with sequence similarity 90 member A9	Homo sapiens	10.358	NA	NA	NA	NA	NA	NA	NA	NA	NA	NA	NA	NA	NA	NA
F1SW65	CCDC74A	coiled-coil domain containing 74A	Homo sapiens	16.883	16.227	16.878	16.72	17.668	NA	16.422	NA	16.296	16.026	14.462	14.525	14.478	NA	14.774
A0A7I2V436	B4GALT2	beta-1,4-galactosyltransferase 2	Homo sapiens	15.233	15.47	15.854	NA	15.535	15.638	15.916	15.396	15.696	15.142	14.938	15.929	15.718	15.597	15.434
A0A1B0GVR7	FAM240C	family with sequence similarity 240 member C	Homo sapiens	18.245	18.9	18.387	18.758	18.291	18.518	18.897	19.082	17.863	18.669	19.012	18.092	18.352	18.388	18.375
A0A384NPT7	DUX5	double homeobox 5	Homo sapiens	16.027	NA	15.798	15.787	15.686	16.233	15.764	16.357	15.89	15.688	16.234	15.802	16.138	16.649	15.894
A0A3B3ITK4	PRMT6	protein arginine methyltransferase 6	Homo sapiens	18.101	NA	18.615	18.114	18.62	18.081	NA	18.949	17.875	18.215	18.157	18.315	18.386	18.559	18.695
A0AAG2UXD3	MUC16	mucin 16, cell surface associated	Homo sapiens	15.08	14.848	NA	14.299	NA	14.979	NA	15.647	14.349	14.754	14.787	14.993	NA	NA	14.908
Q149M6	EXPH5	exophilin 5	Homo sapiens	12.206	NA	12.804	NA	NA	NA	12.124	NA	12.267	NA	NA	NA	NA	NA	NA
Q9BV19	C1orf50	chromosome 1 open reading frame 50	Homo sapiens	16.83	16.637	NA	16.345	16.292	19.552	19.724	20.607	19.472	19.683	17.566	18.086	17.991	17.565	17.297
F6W009	POLR2J2	RNA polymerase II subunit J2	Homo sapiens	NA	16.869	16.624	16.122	17.368	16.885	16.348	17.374	16.515	16.287	16.46	NA	16.456	17.132	16.374
Q9BQK8	LPIN3	lipin 3	Homo sapiens	14.194	14.564	13.948	NA	14.099	14.463	13.496	NA	NA	NA	13.951	NA	14.056	14.218	NA
A8K9X5	FAF1	Fas associated factor 1	Homo sapiens	18.777	18.78	18.926	17.767	18.883	18.172	18.673	18.766	19.017	18.702	18.733	18.89	19.401	18.667	18.661
Q7RTS6	OTOP2	otopetrin 2	Homo sapiens	15.661	NA	15.644	15.509	15.836	NA	NA	12.982	NA	NA	15.433	15.858	15.704	15.197	15.336
B2R8C6	PEX11A	peroxisomal biogenesis factor 11 alpha	Homo sapiens	20.134	19.508	19.478	19.056	19.277	19.872	20.283	20.423	19.218	19.556	19.883	19.646	19.456	19.135	19.859
P17152	TMEM11	transmembrane protein 11	Homo sapiens	17.26	17.021	16.948	17.053	NA	17.669	17.374	18.117	17.334	17.322	17.298	17.626	17.946	17.517	17.078
A8K1V4	NCOA1	nuclear receptor coactivator 1	Homo sapiens	16.412	16.271	16.808	16.579	16.918	16.386	16.394	17.603	16.169	16.967	16.061	16.798	16.532	16.56	NA
Q8NEP4	SEPTIN4	septin 4	Homo sapiens	15.899	15.555	15.078	15.271	NA	16.44	15.24	16.005	15.182	15.261	15.292	15.412	NA	NA	14.733
K7EM18	EIF1	eukaryotic translation initiation factor 1	Homo sapiens	17.138	16.905	17.129	16.727	17.268	17.156	17.13	17.802	16.878	17.017	17.21	16.838	16.65	17.324	NA
O00264	PGRMC1	progesterone receptor membrane component 1	Homo sapiens	NA	12.685	NA	NA	NA	NA	NA	12.699	NA	NA	NA	NA	11.6	NA	NA
M0R1D2	GMFG	glia maturation factor gamma	Homo sapiens	15.473	15.696	15.591	15.438	15.357	15.426	15.671	16.105	15.899	NA	16.088	16.46	NA	NA	NA
A0A075B7G5	ZNF718	zinc finger protein 718	Homo sapiens	15.681	15.207	15.361	15.563	15.776	15.464	15.147	15.61	15.263	15.812	15.465	15.277	15.952	15.826	15.035
B8ZZJ6	SFXN5	sideroflexin 5	Homo sapiens	17.746	17.988	18.424	17.497	18.382	16.892	16.344	17.448	16.357	16.169	18.872	18.308	18.414	17.977	17.958
A6NLM8	SSR4	signal sequence receptor subunit 4	Homo sapiens	15.54	15.929	15.355	15.461	15.633	16.173	15.593	16.147	15.66	15.239	NA	NA	NA	14.544	14.336
A8MSV2	DHX32	DEAH-box helicase 32 (putative)	Homo sapiens	NA	17.733	18.014	17.412	18.354	17.613	17.572	18.433	17.346	18.415	18.235	18.105	17.448	18.283	17.754
A0A0G2JQ91	MAMDC2	MAM domain containing 2	Homo sapiens	15.341	14.854	14.955	14.433	15.315	15.881	15.174	15.619	NA	15.399	NA	16.638	15.766	16.542	15.82
E9PAM7	RNFT2	ring finger protein, transmembrane 2	Homo sapiens	16.5	16.724	NA	16.201	16.275	17.009	16.449	16.87	16.023	16.476	NA	13.523	NA	NA	NA
B2R6C0	GPD1	glycerol-3-phosphate dehydrogenase 1	Homo sapiens	18.475	18.304	17.82	17.818	18.139	18.61	18.282	18.333	17.651	17.266	17.846	18.288	18.022	18.501	18.091
Q4ZG04	KCMF1	potassium channel modulatory factor 1	Homo sapiens	NA	15.342	15.615	14.801	15.635	15.374	14.842	15.781	14.745	14.707	NA	NA	15.431	NA	15.413
C9JBJ8	C7orf57	chromosome 7 open reading frame 57	Homo sapiens	17.337	17.032	16.719	16.692	17.097	17.313	15.99	NA	16.709	16.781	17.009	16.809	16.563	17.411	NA
B4DTS6	ADGRE5	adhesion G protein-coupled receptor E5	Homo sapiens	15.591	14.928	14.494	NA	15.021	16.901	NA	16.703	16.136	16.306	17.076	16.843	16.891	17.386	16.857
B2RDD6	DCAF4	DDB1 and CUL4 associated factor 4	Homo sapiens	14.276	NA	14.615	NA	14.431	NA	14.332	15.28	14.323	14.245	NA	NA	14.495	15.1	NA
B3KTT7	PANX2	pannexin 2	Homo sapiens	NA	NA	13.076	NA	13.147	13.227	13.082	13.478	NA	NA	NA	NA	NA	13.235	NA
A8K559	ZCCHC8	zinc finger CCHC-type containing 8	Homo sapiens	12.164	NA	NA	NA	NA	NA	NA	NA	NA	NA	NA	NA	NA	NA	NA
P55064	AQP5	aquaporin 5	Homo sapiens	18.275	17.418	17.695	17.456	17.892	17.61	17.789	18.501	17.819	17.762	17.633	18.007	17.953	17.756	16.702
A8K8A6	RBMXL2	RBMX like 2	Homo sapiens	19.024	18.963	18.796	18.07	18.719	18.346	19.043	19.131	17.969	18.59	19.317	18.767	18.893	19.082	18.287
A0A087WZD4	RMC1	regulator of MON1-CCZ1	Homo sapiens	NA	16.058	16.511	NA	16.723	16.409	16.018	16.96	16.237	NA	NA	16.448	16.776	16.946	16.581
E7EQH1	BBS1	Bardet-Biedl syndrome 1	Homo sapiens	21.325	21.178	20.51	20.324	NA	20.618	21.228	21.672	21.377	20.419	21.335	20.904	21.316	21.717	20.852
B2RE98	NANS	N-acetylneuraminate synthase	Homo sapiens	12.76	NA	NA	NA	NA	NA	NA	13.627	NA	NA	NA	NA	NA	NA	NA
F8VPA7	TSFM	Ts translation elongation factor, mitochondrial	Homo sapiens	19.209	18.496	19.261	18.34	18.845	21.236	20.914	21.768	21.115	21.118	20.433	20.739	19.931	20.294	20.759
P15018	LIF	LIF interleukin 6 family cytokine	Homo sapiens	NA	NA	NA	11.874	NA	NA	NA	NA	NA	NA	NA	12.108	NA	NA	12.266
Q5JQQ4	DPCD	deleted in primary ciliary dyskinesia homolog (mouse)	Homo sapiens	NA	NA	NA	NA	NA	NA	NA	NA	NA	NA	NA	12.474	NA	NA	NA
A0A384NL29	SOD2	superoxide dismutase 2	Homo sapiens	14.912	15.117	NA	15.088	15.15	NA	NA	15.499	15.045	14.914	17.324	18.083	17.571	17.837	NA
D3DSF2	DNAJC28	DnaJ heat shock protein family (Hsp40) member C28	Homo sapiens	19.541	18.864	18.482	18.476	18.998	18.909	18.156	19.394	18.998	18.612	19.268	19.544	18.937	19.288	18.762
B1ALI3	FAM216B	family with sequence similarity 216 member B	Homo sapiens	17.925	17.595	NA	17.614	17.874	18.079	18.399	18.444	17.911	17.768	17.57	18.413	18.342	18.022	18.164
B4DYR5	LCLAT1	lysocardiolipin acyltransferase 1	Homo sapiens	NA	15.095	15.914	14.661	14.615	NA	NA	NA	13.741	13.661	NA	NA	15.132	15.363	14.864
P78318	IGBP1	immunoglobulin binding protein 1	Homo sapiens	NA	17.555	17.576	17.645	17.416	17.666	NA	17.855	17.225	16.993	18.054	17.679	17.777	17.9	18.273
B4DXK7	ADAMTSL5	ADAMTS like 5	Homo sapiens	NA	NA	NA	NA	NA	NA	NA	13.013	12.434	NA	NA	NA	NA	12.841	NA
O60471	MTRR	5-methyltetrahydrofolate-homocysteine methyltransferase reductase	Homo sapiens	NA	NA	NA	NA	NA	NA	11.97	NA	NA	NA	NA	NA	NA	NA	NA
B4DDY1	MPV17L	MPV17 mitochondrial inner membrane protein like	Homo sapiens	NA	13.521	NA	NA	13.702	13.627	NA	14.528	NA	NA	14.141	NA	13.597	NA	13.511
F5H6K3	KLRC3	killer cell lectin like receptor C3	Homo sapiens	18.243	17.705	17.574	17.432	17.667	18.03	17.472	18.646	18.23	17.807	17.731	18.082	17.84	18.054	17.243
A8MV23	SERPINE3	serpin family E member 3	Homo sapiens	16.438	16.449	16.042	16.106	16.486	NA	NA	16.902	16.699	16.873	16.317	17.081	16.421	NA	15.928
B4DI67	NDST3	N-deacetylase and N-sulfotransferase 3	Homo sapiens	19.093	18.724	18.404	17.901	18.39	19.071	18.625	18.85	18.318	18.248	18.587	19.01	18.796	18.783	18.259
B2RA87	KRT33A	keratin 33A	Homo sapiens	15.047	NA	15.201	15.147	15.396	NA	15.215	15.694	NA	14.559	14.738	15.451	16.18	NA	14.916
B1B0N8	ATP4B	ATPase H+/K+ transporting subunit beta	Homo sapiens	12.478	NA	12.441	NA	NA	12.808	11.914	13.237	NA	NA	NA	NA	NA	NA	NA
A8K8U7	TSPYL2	TSPY like 2	Homo sapiens	16.927	17.509	17.272	16.545	16.704	16.548	16.722	17.672	16.306	16.347	16.613	17.293	17.059	16.903	NA
A0A8V8TPY8	PLD3	phospholipase D family member 3	Homo sapiens	NA	14.402	14.443	NA	NA	14.335	15.033	15.247	14.063	NA	12.596	NA	NA	NA	NA
A0A126GVE8	OR52J3	olfactory receptor family 52 subfamily J member 3	Homo sapiens	15.601	15.801	15.518	15.118	15.007	15.396	15.469	15.576	15.39	15.548	15.578	NA	16.021	NA	15.298
O75605	CSAG3	CSAG family member 3	Homo sapiens	16.705	16.273	16.659	15.742	16.249	16.138	16.621	16.933	16.05	NA	16.44	NA	16.296	16.545	16.023
B4DSN2	MRS2	magnesium transporter MRS2	Homo sapiens	NA	14.711	NA	13.923	NA	14.045	NA	14.615	14.847	NA	14.593	14.364	14.839	NA	14.58
Q3KP57	LRRC10	leucine rich repeat containing 10	Homo sapiens	13.926	14.011	13.849	NA	NA	14.153	NA	14.166	NA	NA	NA	NA	NA	14.699	NA
Q6ZNX1	SHLD3	shieldin complex subunit 3	Homo sapiens	15.01	14.796	14.41	NA	14.917	15.044	15.363	15.467	14.22	NA	NA	14.92	NA	14.695	14.558
A0A1X7SBW3	RNF187	ring finger protein 187	Homo sapiens	16.11	16.1	16.563	16.256	16.127	16.351	15.916	16.833	16.196	15.992	16.539	NA	16.911	NA	16.128
Q03828	EVX2	even-skipped homeobox 2	Homo sapiens	13.502	NA	13.083	NA	NA	NA	NA	13.021	NA	13.001	NA	13.77	12.716	NA	13.456
A8K7Y7	ABCG1	ATP binding cassette subfamily G member 1	Homo sapiens	NA	NA	12.539	NA	NA	NA	NA	13.467	NA	NA	12.986	NA	NA	12.897	NA
B7Z7Q6	PRCP	prolylcarboxypeptidase	Homo sapiens	16.343	15.611	NA	16.06	16.536	NA	16.671	NA	15.827	NA	16.441	16.669	16.348	16.568	16.529
D6W4Z9	HPCAL1	hippocalcin like 1	Homo sapiens	16.603	16.273	16.669	15.929	16.176	16.237	16.438	17.27	16.23	16.464	NA	16.768	16.625	16.484	16.826
A0A126GWJ0	OR2J3	olfactory receptor family 2 subfamily J member 3	Homo sapiens	15.974	15.171	15.507	14.784	15.093	15.675	15.502	15.664	15.257	15.207	15.195	15.945	15.421	15.504	15.064
Q2M3K1	ZIM2	zinc finger imprinted 2	Homo sapiens	12.439	NA	NA	NA	NA	NA	NA	NA	NA	NA	NA	NA	NA	NA	NA
B2R6A6	HSPB8	heat shock protein family B (small) member 8	Homo sapiens	18.098	18.365	18.096	NA	17.624	NA	15.102	15.982	14.957	15.245	17.638	17.93	17.97	NA	17.688
A1L4L5	KRT6C	keratin 6C	Homo sapiens	14.341	14.612	15	14.136	NA	14.207	14.582	14.635	NA	14.372	14.765	15.453	14.76	14.694	13.839
A0A384MDX3	WNT2	Wnt family member 2	Homo sapiens	NA	NA	NA	NA	NA	NA	NA	NA	11.751	NA	NA	NA	NA	NA	NA
A0AAG2UXC4	LOC128966605	putative protein FAM90A13P	Homo sapiens	NA	14.208	14.701	NA	14.392	14.275	13.937	14.739	NA	NA	14.682	NA	14.535	NA	NA
Q96JY0	MAEL	maelstrom spermatogenic transposon silencer	Homo sapiens	17.597	17.101	17.703	17.551	18.093	17.368	17.202	17.8	17.508	16.983	17.45	17.748	17.296	17.62	NA
A0A126GVD9	OR4D5	olfactory receptor family 4 subfamily D member 5	Homo sapiens	NA	15.121	14.756	14.537	14.778	14.791	15.523	15.41	NA	NA	14.942	15.039	15.098	NA	NA
B2RAP5	PEX5L	peroxisomal biogenesis factor 5 like	Homo sapiens	NA	NA	NA	11.416	11.417	NA	NA	NA	NA	NA	NA	NA	11.055	NA	NA
Q0ZNK6	SPANXN4	SPANX family member N4	Homo sapiens	15.986	16.099	15.983	15.732	16.139	16.05	15.333	15.788	15.381	15.223	16.114	16.104	16.224	16.262	15.871
B3KMC8	WBP4	WW domain binding protein 4	Homo sapiens	18.906	18.486	19.013	18.632	19.122	18.691	18.822	19.03	19.324	18.864	18.832	18.635	18.915	NA	18.712
A0A8V8TMY5	CBLL1	Cbl proto-oncogene like 1	Homo sapiens	15.478	15.85	NA	15.581	15.904	16.276	NA	15.964	15.921	15.396	NA	NA	15.213	16.128	15.363
C9JDP6	CLDN25	claudin 25	Homo sapiens	15.74	15.877	NA	15.66	15.721	15.547	15.17	15.689	14.964	15.183	NA	16.174	15.892	15.74	15.565
C9JL66	RNF175	ring finger protein 175	Homo sapiens	14.995	14.805	NA	NA	NA	14.526	NA	15.204	14.938	14.115	14.046	14.419	14.868	NA	NA
A0A514TP98	SH3TC2	SH3 domain and tetratricopeptide repeats 2	Homo sapiens	15.005	14.284	14.641	13.772	NA	NA	NA	15.005	NA	14.049	NA	14.788	14.865	NA	14.373
B9A057	COA5	cytochrome c oxidase assembly factor 5	Homo sapiens	18.818	18.955	18.678	18.443	18.749	18.652	18.613	18.942	18.779	18.86	18.757	19.096	19.018	18.99	17.935
A8K2A3	LRRTM3	leucine rich repeat transmembrane neuronal 3	Homo sapiens	NA	NA	NA	NA	11.712	NA	NA	NA	NA	NA	NA	NA	NA	NA	NA
B3KRQ3	ZNF37A	zinc finger protein 37A	Homo sapiens	17.208	17.14	17.273	17.144	17.409	17.579	17.591	18.204	NA	16.817	16.872	17.804	16.755	17.747	17.014
B0YJ28	IL18	interleukin 18	Homo sapiens	15.129	15.416	NA	NA	NA	15.256	14.498	15.536	15.013	14.981	15.558	15.125	15.295	14.48	15.234
Q58EZ4	KLHL9	kelch like family member 9	Homo sapiens	19.169	18.774	19.007	18.496	18.788	19.407	18.517	19.366	19.04	NA	18.24	NA	NA	19.11	18.474
A0A126GW27	OR2C3	olfactory receptor family 2 subfamily C member 3	Homo sapiens	14.325	NA	14.323	NA	14.617	14.935	14.635	NA	14.616	13.934	NA	14.402	14.61	14.83	14.333
A0A7P0T984	AGPS	alkylglycerone phosphate synthase	Homo sapiens	18.852	18.329	18.759	18.08	17.953	17.07	16.563	17.339	16.73	16.631	18.127	18.89	18.23	18.352	18.255
P48454	PPP3CC	protein phosphatase 3 catalytic subunit gamma	Homo sapiens	15.371	15.501	15.162	14.49	15.934	15.77	NA	15.419	15.01	15.092	15.072	15.045	15.965	15.448	15.182
A3KMC7	H2BC21	H2B clustered histone 21	Homo sapiens	14.698	NA	NA	13.999	14.947	NA	14.438	14.907	NA	NA	NA	14.211	14.684	NA	NA
A0A140TA08	TOP6BL	TOP6B like initiator of meiotic double strand breaks	Homo sapiens	15.789	NA	NA	15.058	NA	17.139	17.302	17.657	16.808	16.308	NA	15.218	15.847	15.797	14.803
A0AV68	NDUFB1	NADH:ubiquinone oxidoreductase subunit B1	Homo sapiens	13.709	13.001	NA	NA	13.183	NA	NA	13.907	NA	12.958	NA	13.72	NA	13.294	NA
A0A067ZUL9	NPIPA2	nuclear pore complex interacting protein family member A2	Homo sapiens	NA	13.619	NA	NA	14.165	13.999	NA	14.686	NA	13.774	14.432	NA	14.677	NA	NA
B4DW84	MESD	mesoderm development LRP chaperone	Homo sapiens	16.493	16.016	16.025	15.891	16.879	16.336	16.513	16.716	16.533	16.613	16.512	16.611	16.343	NA	16.032
A0AAQ5BHQ1	CD200	CD200 molecule	Homo sapiens	NA	12.917	NA	NA	NA	NA	13.172	13.436	13.165	NA	NA	12.87	NA	13.022	NA
Q9Y296	TRAPPC4	trafficking protein particle complex subunit 4	Homo sapiens	NA	NA	NA	NA	NA	13.517	NA	NA	12.888	13.661	13.751	NA	NA	14.219	14.097
B4E0Y5	NUAK2	NUAK family kinase 2	Homo sapiens	18.241	18.62	18.138	17.634	18.19	18.031	17.907	18.013	17.374	18.341	17.869	18.997	17.994	18.539	18.206
A0A068B0Y9	ABO	ABO, alpha 1-3-N-acetylgalactosaminyltransferase and alpha 1-3-galactosyltransferase	Homo sapiens	14.102	14.121	14.211	NA	14.73	NA	NA	14.083	14.101	13.851	14.534	NA	14.002	NA	13.764
J3KQB2	TTLL3	tubulin tyrosine ligase like 3	Homo sapiens	14.631	14.395	13.933	14.343	14.512	NA	NA	NA	14.507	14.575	14.334	15.201	14.53	NA	NA
F8WCL5	NEB	nebulin	Homo sapiens	16.07	16.062	15.795	NA	15.976	16.299	16.008	NA	15.571	15.623	NA	16.091	15.636	15.919	15.816
B7ZM13	GAGE12F	G antigen 12F	Homo sapiens	NA	NA	NA	NA	NA	14.136	14.904	15.02	14.83	14.613	NA	NA	NA	NA	NA
B1AKG0	CFHR1	complement factor H related 1	Homo sapiens	NA	13.462	13.213	NA	NA	13.195	13.898	NA	NA	NA	13.917	13.644	NA	13.578	NA
Q5JUJ2	NTNG2	netrin G2	Homo sapiens	18.058	18.808	18.051	18.564	NA	18.849	17.84	18.559	17.758	17.805	18.231	18.664	18.213	18.381	18.122
O94963	FAF2	Fas associated factor family member 2	Homo sapiens	16.927	17.54	17.029	NA	17.39	16.935	17.279	17.441	16.886	17.266	17.688	17.388	17.135	16.938	17.014
Q9NX47	MARCHF5	membrane associated ring-CH-type finger 5	Homo sapiens	18.054	17.124	17.301	NA	17.249	17.344	16.656	17.948	17.585	17.105	17.303	17.55	17.359	17.308	17.701
A4FTV9	H2AC11	H2A clustered histone 11	Homo sapiens	16.001	15.558	16.184	15.977	16.796	16.952	16.004	16.332	16.069	16.32	NA	NA	16.583	16.387	15.871
B2RE94	EEF1AKMT1	EEF1A lysine methyltransferase 1	Homo sapiens	17.178	17.425	17.107	17.019	NA	17.813	16.875	18.089	17.88	17.356	17.464	17.972	17.738	17.896	17.614
B2R544	H2BC1	H2B clustered histone 1	Homo sapiens	15.609	NA	15.743	15.415	16.224	15.714	16.179	16.617	15.788	15.44	14.119	NA	14.3	NA	13.997
A0A126GW18	OR1J2	olfactory receptor family 1 subfamily J member 2	Homo sapiens	14.068	14.914	NA	NA	13.972	NA	NA	14.671	13.921	NA	NA	14.242	NA	14.54	14.298
A1L453	PRSS38	serine protease 38	Homo sapiens	12.43	NA	NA	NA	NA	12.855	12.581	13.002	NA	NA	13.178	13.053	NA	12.742	NA
O95560	BRINP2	BMP/retinoic acid inducible neural specific 2	Homo sapiens	16.127	16.172	NA	16.431	16.383	15.899	15.695	16.667	NA	15.523	16.38	16.353	16.02	16.392	15.17
A0A090N7X8	ASIC3	acid sensing ion channel subunit 3	Homo sapiens	14.981	NA	14.987	NA	14.544	14.595	14.343	15.334	15.14	14.33	14.331	15.234	14.724	14.831	14.511
Q9NR21	PARP11	poly(ADP-ribose) polymerase family member 11	Homo sapiens	NA	NA	NA	NA	NA	13.777	NA	NA	NA	NA	NA	NA	NA	NA	NA
B2R4L4	TMEM50B	transmembrane protein 50B	Homo sapiens	13.315	12.71	12.445	NA	13.078	NA	13.726	14.193	NA	NA	12.08	NA	NA	12.951	NA
A2VDJ1	GOLGA6B	golgin A6 family member B	Homo sapiens	17.275	16.503	16.156	16.506	16.793	16.632	16.971	16.768	16.362	16.493	16.653	16.61	16.629	16.87	16.489
A0A1B0GUR4	TMEM269	transmembrane protein 269	Homo sapiens	14.655	15.121	14.494	NA	NA	NA	14.552	14.671	NA	14.855	NA	14.965	14.977	14.842	NA
P05177	CYP1A2	cytochrome P450 family 1 subfamily A member 2	Homo sapiens	14.062	14.667	14.702	NA	13.999	NA	14.079	14.836	14.512	14.453	16.841	17.071	17.675	17.465	16.735
A0A2C9F2M2	OR5T3	olfactory receptor family 5 subfamily T member 3	Homo sapiens	15.46	14.958	15.675	14.48	NA	15.163	15.219	15.262	NA	NA	14.446	14.957	14.678	15.255	14.899
O15411	EP400	E1A binding protein p400	Homo sapiens	14.881	15.431	15.035	14.383	14.94	14.183	14.935	14.945	NA	NA	14.462	NA	14.627	14.762	NA
A0A087WWV2	CFC1	cryptic, EGF-CFC family member 1	Homo sapiens	19.449	19.4	18.763	18.61	19.678	19.19	18.934	19.722	18.938	18.836	19.337	18.963	19.402	19.855	19.474
Q4W5N2	ZNF141	zinc finger protein 141	Homo sapiens	15.161	14.608	14.948	13.954	15.2	16.951	16.481	17.609	16.796	16.341	14.718	14.904	14.55	15.152	NA
O15212	PFDN6	prefoldin subunit 6	Homo sapiens	13.618	14.53	NA	NA	14.003	14.395	NA	14.582	NA	13.437	14.125	14.116	14.215	NA	NA
A0A087WU38	GRIP2	glutamate receptor interacting protein 2	Homo sapiens	NA	NA	12.059	12.199	NA	12.222	NA	12.905	12.194	NA	12.314	NA	12.308	NA	NA
B2RBW5	ACO2	aconitase 2	Homo sapiens	12.99	NA	NA	NA	13.037	13.437	NA	13.765	NA	12.989	NA	13.741	13.242	NA	NA
A8K513	SNRNP27	small nuclear ribonucleoprotein U4/U6.U5 subunit 27	Homo sapiens	13.226	12.789	NA	NA	NA	NA	NA	NA	NA	NA	NA	NA	13.147	NA	NA
A8K2U9	SLC45A3	solute carrier family 45 member 3	Homo sapiens	NA	NA	NA	NA	NA	15.289	15.516	16.817	15.656	15.568	NA	14.185	NA	14.018	13.483
Q9NZH8	IL36G	interleukin 36 gamma	Homo sapiens	16.038	16.047	16.225	15.933	NA	18.301	18.068	18.852	18.713	17.828	16.508	16.152	16.47	16.335	15.897
B1PJR6	POU4F2	POU class 4 homeobox 2	Homo sapiens	NA	15.121	15.297	NA	NA	15.136	NA	16.109	NA	14.416	15.452	15.41	NA	15.738	14.836
A8K9F8	NLRC4	NLR family CARD domain containing 4	Homo sapiens	18.019	17.67	17.558	17.57	18.059	20.356	19.544	20.46	20.156	NA	NA	20.541	20.059	20.132	20.003
Q5W0N1	C9orf85	chromosome 9 open reading frame 85	Homo sapiens	16.827	NA	NA	16.005	16.406	16.379	16.189	17.065	16.684	16.351	16.799	NA	16.534	17.399	NA
A0A9L9PYF5	MADD	MAP kinase activating death domain	Homo sapiens	14.633	NA	14.462	14.329	14.688	14.986	NA	15.262	NA	14.193	14.471	14.938	NA	14.988	14.796
Q86W85	NETO1	neuropilin and tolloid like 1	Homo sapiens	NA	17.623	17.441	17.099	17.688	17.853	17.731	18.193	17.556	17.124	17.215	18.057	17.332	17.537	17.432
P17021	ZNF17	zinc finger protein 17	Homo sapiens	13.539	13.354	13.359	NA	NA	12.949	NA	13.303	12.701	NA	13.169	13.973	NA	12.837	NA
B3KPP4	SRL	sarcalumenin	Homo sapiens	15.041	14.349	NA	NA	14.124	NA	NA	14.78	NA	14.261	NA	14.963	14.576	15.054	14.975
D3DTI4	HIC1	HIC ZBTB transcriptional repressor 1	Homo sapiens	16.174	NA	16.228	16.18	16.083	16.468	17.076	16.872	16.677	16.647	16.142	16.801	16.523	17.021	16.851
B4DNL2	ZDHHC16	zinc finger DHHC-type palmitoyltransferase 16	Homo sapiens	NA	14.977	NA	14.869	15.11	15.38	NA	15.626	14.794	14.961	NA	NA	15.388	14.853	14.637
B3KXR9	AADACL3	arylacetamide deacetylase like 3	Homo sapiens	18.258	18.155	17.801	17.577	18.471	18.248	18.29	18.162	17.494	17.81	17.46	18.519	18.022	18.017	17.344
A0A126GVA5	OR2J2	olfactory receptor family 2 subfamily J member 2	Homo sapiens	17.912	17.946	17.495	17.822	18.129	18.013	17.774	18.296	17.588	17.584	18.009	18.037	17.584	18.665	17.781
Q13478	IL18R1	interleukin 18 receptor 1	Homo sapiens	20.078	19.98	20.122	NA	NA	20.242	20.459	20.427	19.885	20.166	21.115	21.32	NA	21.076	21.275
E5RGB3	TRIM35	tripartite motif containing 35	Homo sapiens	17.288	16.661	16.268	16.506	16.832	16.216	16.719	17.491	16.877	15.944	16.337	16.645	16.488	16.64	NA
A2AGN0	MMP23B	matrix metallopeptidase 23B	Homo sapiens	14.916	14.864	14.706	NA	14.708	NA	14.811	16.555	14.501	14.779	16.377	16.355	15.739	16.315	16.141
B4DE96	VAMP7	vesicle associated membrane protein 7	Homo sapiens	14.341	14.255	15.441	14.012	14.779	14.323	NA	14.883	NA	NA	14.426	NA	14.565	15.162	NA
Q2TAL2	SELENOO	selenoprotein O	Homo sapiens	15.738	NA	15.373	15.162	NA	15.78	15.447	16.294	NA	15.218	15.855	16.064	16.07	16.377	15.175
Q86U68	ETNK1	ethanolamine kinase 1	Homo sapiens	19.023	19.217	18.989	19.082	19.246	18.866	19.496	19.354	19.27	19.005	NA	19.617	19.303	19.596	18.822
A0A6Q8PGV6	NDE1	nudE neurodevelopment protein 1	Homo sapiens	16.277	16.025	15.544	14.789	15.78	NA	NA	13.554	NA	13.227	18.618	18.717	18.248	19.14	NA
B2R9T4	CNR1	cannabinoid receptor 1	Homo sapiens	18.12	NA	17.823	NA	17.389	18.234	17.04	18.787	17.638	17.661	17.76	18.487	18.109	18.117	17.322
H6SG12	COX7A1	cytochrome c oxidase subunit 7A1	Homo sapiens	17.95	18.382	17.645	17.571	NA	17.947	17.435	17.675	17.21	17.585	17.923	17.942	18.02	18.018	17.571
A0A0A0MTQ4	RGMA	repulsive guidance molecule BMP co-receptor a	Homo sapiens	13.715	14.041	NA	NA	14.302	13.3	14.035	13.754	NA	NA	13.608	13.433	13.734	13.697	13.231
A8K7I1	TACR2	tachykinin receptor 2	Homo sapiens	NA	12.931	NA	12.547	13.149	12.783	12.682	NA	NA	NA	12.975	NA	NA	NA	NA
B7Z3X1	RGS7BP	regulator of G protein signaling 7 binding protein	Homo sapiens	15.939	NA	16.528	NA	16.082	15.816	15.875	16.764	16.243	15.527	15.449	NA	16.303	15.937	16.113
A6NDA9	LRIT2	leucine rich repeat, Ig-like and transmembrane domains 2	Homo sapiens	NA	17.046	17.391	16.87	16.836	17.325	16.87	17.617	16.697	16.164	16.576	17.018	17.073	17.412	16.733
Q9C007	SCN3A	sodium voltage-gated channel alpha subunit 3	Homo sapiens	14.432	NA	NA	14.368	14.184	14.451	14.579	14.812	NA	14.009	14.672	14.304	14.108	NA	NA
A0A140TA64	LOC100996750	keratin-associated protein 4-7	Homo sapiens	18.465	17.849	18.094	17.596	17.76	18.359	17.576	17.829	17.635	17.191	18.087	17.997	17.823	17.89	17.958
Q8N0U8	VKORC1L1	vitamin K epoxide reductase complex subunit 1 like 1	Homo sapiens	17.893	17.284	17.964	16.682	17.343	17.987	16.839	17.756	17.095	17.204	17.011	NA	17.186	NA	17.341
A0A1C7CYW8	DNAH10	dynein axonemal heavy chain 10	Homo sapiens	NA	NA	14.466	NA	14.153	14.637	13.77	14.291	13.737	13.755	NA	NA	13.966	NA	NA
J3QR43	IFT20	intraflagellar transport 20	Homo sapiens	NA	NA	NA	NA	NA	NA	NA	13.389	13.275	NA	NA	NA	NA	13.734	NA
Q9NSD5	SLC6A13	solute carrier family 6 member 13	Homo sapiens	NA	15.949	15.925	15.646	15.053	15.582	15.539	16.403	15.475	15.443	15.014	15.455	15.357	15.65	15.038
B2R627	ITGA5	integrin subunit alpha 5	Homo sapiens	17.389	17.407	16.922	16.823	17.022	17.835	16.97	18.036	17.187	17.26	17.485	17.177	17.716	16.858	17.159
E1P5U6	SULF2	sulfatase 2	Homo sapiens	17.397	NA	17.084	16.925	17.911	17.477	17.399	18.049	17.723	17.23	17.447	17.027	17.352	17.458	17.498
A0A2Z2EHH6	HERPUD1	homocysteine inducible ER protein with ubiquitin like domain 1	Homo sapiens	NA	NA	13.315	NA	NA	NA	NA	NA	NA	NA	13.723	NA	13.503	NA	NA
B0YJA5	TIMM8B	translocase of inner mitochondrial membrane 8 homolog B	Homo sapiens	12.587	NA	NA	NA	NA	NA	NA	NA	NA	NA	NA	NA	NA	NA	NA
A0A2X0SYY4	DOCK9	dedicator of cytokinesis 9	Homo sapiens	NA	NA	NA	NA	NA	NA	NA	NA	NA	NA	NA	13.761	13.465	13.643	13.307
I3L0A0	PEDS1-UBE2V1	PEDS1-UBE2V1 readthrough	Homo sapiens	17.363	17.554	18.204	17.192	17.937	20.045	19.27	19.532	18.786	19.601	17.7	17.429	NA	17.776	NA
Q86WJ2	PTPRK	protein tyrosine phosphatase receptor type K	Homo sapiens	17.108	17.118	16.606	16.481	16.922	17.244	16.687	16.927	16.634	16.784	16.71	17.545	16.883	17.413	16.684
Q8N5H3	FAM89B	family with sequence similarity 89 member B	Homo sapiens	13.259	NA	NA	NA	NA	NA	NA	13.57	13.196	NA	NA	13.293	13.262	NA	NA
P08912	CHRM5	cholinergic receptor muscarinic 5	Homo sapiens	NA	15.688	16.509	15.807	15.608	16.145	15.66	17.148	15.999	15.396	15.138	16.092	15.493	16.407	NA
Q6IA93	INTS10	integrator complex subunit 10	Homo sapiens	NA	NA	NA	NA	NA	NA	NA	NA	13.349	12.937	NA	NA	NA	NA	NA
A2I2P0	CRY1	cryptochrome circadian regulator 1	Homo sapiens	18.243	17.995	18.957	17.636	NA	18.086	18.299	18.667	18.471	18.12	18.375	18.75	18.254	18.238	18.384
B9A014	C21orf140	chromosome 21 open reading frame 140	Homo sapiens	14.798	NA	13.981	14.451	15.284	14.751	14.395	15.673	NA	14.955	NA	14.105	14.479	15.248	14.09
B4DT80	CD8A	CD8 subunit alpha	Homo sapiens	16.328	16.441	15.931	15.21	16.55	16.115	16.051	16.719	15.629	15.575	16.491	16.482	15.968	16.01	16.171
B2RCA1	NLRP4	NLR family pyrin domain containing 4	Homo sapiens	14.411	14.646	14.785	NA	NA	14.281	NA	NA	14.626	14.265	14.733	15.328	NA	14.834	NA
A0AAG2TEK6	MOSMO	modulator of smoothened	Homo sapiens	17.55	17.72	17.508	NA	17.608	17.56	17.438	NA	17.172	17.157	17.503	18.041	17.225	17.513	17.699
A8K7J5	SLC49A3	solute carrier family 49 member 3	Homo sapiens	15.048	15.296	NA	NA	NA	15.683	15.25	15.52	14.673	14.88	15.177	NA	14.86	15.499	15.025
Q69YS0	TTC14	tetratricopeptide repeat domain 14	Homo sapiens	NA	13.11	NA	NA	NA	13.363	NA	13.628	NA	NA	13.423	NA	13.557	NA	13.362
B4DRT9	PLA2G4B	phospholipase A2 group IVB	Homo sapiens	20.383	20.826	20.4	19.043	20.774	20.076	20.13	21.123	20.426	20.167	20.045	20.099	19.748	20.417	20.069
A7E2B9	YEATS2	YEATS domain containing 2	Homo sapiens	15.357	15.077	14.843	15.18	15.052	NA	15.34	15.996	15.423	16.094	15.105	16.093	15.337	14.925	15.471
U3KPV4	A3GALT2	alpha 1,3-galactosyltransferase 2	Homo sapiens	NA	17.863	18.075	17.777	17.28	17.621	NA	18.326	17.951	17.216	17.597	18.044	18.058	17.899	17.44
B0JZA7	FMNL3	formin like 3	Homo sapiens	17.627	17.269	17.629	16.824	17.84	17.453	16.881	17.507	17.109	17.168	17.587	17.832	17.571	17.848	17.603
A0A126GVQ3	OR3A2	olfactory receptor family 3 subfamily A member 2	Homo sapiens	17.563	17.894	17.53	17.463	17.634	18.51	17.295	17.949	17.161	16.95	17.552	17.703	17.778	17.83	17.305
A0A804HKQ7	CEP63	centrosomal protein 63	Homo sapiens	20.343	19.799	20.428	19.916	20.742	20.577	NA	20.502	20.392	20.064	20.204	21.185	20.99	20.555	20.2
Q7Z713	ANKRD37	ankyrin repeat domain 37	Homo sapiens	16.996	16.505	16.756	16.537	16.511	NA	16.329	17.504	16.774	16.425	17.027	16.461	16.775	16.912	16.664
A0AVL6	ITGB4	integrin subunit beta 4	Homo sapiens	14.966	14.86	14.523	NA	14.905	NA	NA	15.051	14.496	14.825	14.891	14.834	NA	15.281	NA
Q53G59	KLHL12	kelch like family member 12	Homo sapiens	15.233	15.297	15.066	14.934	15.083	15.378	14.995	NA	NA	14.921	15.324	15.545	15.822	15.794	NA
Q14C87	TMEM132D	transmembrane protein 132D	Homo sapiens	18.178	17.288	17.243	17.369	17.89	18.178	17.474	18.225	17.063	17.629	17.348	17.47	17.833	17.597	17.472
P49895	DIO1	iodothyronine deiodinase 1	Homo sapiens	18.143	17.82	NA	18.473	18.077	NA	17.875	18.056	18.211	17.92	18.46	18.636	17.846	18.402	18.042
Q6ZSU0	IQCD	IQ motif containing D	Homo sapiens	14.866	NA	NA	13.712	14.814	NA	NA	15.251	14.704	NA	14.669	15.101	15.151	15.233	14.587
B2R4K0	FABP5	fatty acid binding protein 5	Homo sapiens	17.332	17.04	NA	17.012	16.907	17.163	17.271	17.588	NA	17.198	17.225	17.163	17.143	17.361	16.977
B4DMM9	TRIB3	tribbles pseudokinase 3	Homo sapiens	NA	15.37	15.76	15.43	NA	16.033	15.601	16.249	15.901	NA	NA	16.093	15.17	15.941	15.311
B5BUB5	SSB	small RNA binding exonuclease protection factor La	Homo sapiens	19.519	18.786	19.04	19.029	19.107	19.145	18.737	19.364	19.006	18.374	18.646	19.273	19.525	18.936	18.675
A0A126GWQ2	OR5L2	olfactory receptor family 5 subfamily L member 2	Homo sapiens	16.239	15.99	15.683	15.421	15.759	16.439	NA	16.401	15.39	15.832	NA	NA	15.836	NA	15.836
B1AJQ1	SYN1	synapsin I	Homo sapiens	NA	15.566	15.475	16.054	15.867	15.733	15.386	16.163	NA	15.919	15.853	16.647	16.53	16.408	16.914
Q9BQI4	CCDC3	coiled-coil domain containing 3	Homo sapiens	20.258	19.52	19.813	20.094	20.283	19.519	19.43	20.308	19.488	19.977	19.779	20.013	20.395	20.102	19.785
B4E1N7	MYC	MYC proto-oncogene, bHLH transcription factor	Homo sapiens	14.888	NA	14.493	13.835	NA	15.022	NA	14.626	NA	NA	14.244	14.944	14.884	15.207	NA
A0A2R8Y5T0	DYNC1H1	dynein cytoplasmic 1 heavy chain 1	Homo sapiens	17.759	18.161	17.778	18.211	18.448	17.883	18.232	18.557	18.154	18.196	18.079	18.571	18.191	18.143	17.66
Q3KNW4	NEU2	neuraminidase 2	Homo sapiens	13.782	14.631	NA	13.979	14.685	NA	14.431	14.514	NA	NA	14.394	NA	14.25	NA	13.769
B2R813	SULT1C2	sulfotransferase family 1C member 2	Homo sapiens	14.594	NA	14.78	NA	14.496	14.372	14.203	14.843	14.88	14.453	14.499	15.129	14.697	14.129	14.542
A2RRE3	NRIP2	nuclear receptor interacting protein 2	Homo sapiens	15.207	14.882	15.119	14.57	15.718	15.448	15.035	16.329	15.659	14.996	15.521	15.003	15.387	NA	15.354
A0A7I2YQI5	GMPPB	GDP-mannose pyrophosphorylase B	Homo sapiens	17.449	17.441	17.43	17.361	17.74	NA	17.34	18.166	17.409	17.622	17.657	17.816	17.808	17.965	17.221
F1T0K2	CABP2	calcium binding protein 2	Homo sapiens	18.728	18.525	19.303	18.31	18.972	18.518	18.559	18.819	18.262	18.359	18.316	18.938	19.084	18.137	18.496
A4D2F5	IGFBP3	insulin like growth factor binding protein 3	Homo sapiens	15.183	14.939	NA	14.835	14.639	14.569	14.538	14.96	14.171	14.896	14.665	14.745	NA	15.145	15.324
A0A2I4R868	MRGPRX4	MAS related GPR family member X4	Homo sapiens	21.26	21.488	21.546	21.092	21.343	21.291	21.227	21.616	21.554	20.311	21.436	21.542	21.701	21.548	21.588
Q53SM6	EPAS1	endothelial PAS domain protein 1	Homo sapiens	17.625	16.53	NA	16.841	17.36	17.279	17.387	18.041	17.592	16.786	17.698	17.206	17.603	17.069	17.182
A0A8V8TPT0	NUP88	nucleoporin 88	Homo sapiens	15.966	15.233	15.668	NA	15.222	15.543	15.785	15.92	NA	15.877	NA	15.985	15.317	15.301	15.239
O75691	UTP20	UTP20 small subunit processome component	Homo sapiens	17.939	17.92	18.288	17.941	17.946	18.773	18.725	18.345	17.648	18.145	19.363	19.546	NA	18.892	19.65
M0R230	ZNF417	zinc finger protein 417	Homo sapiens	19.713	18.683	19.15	19.113	18.814	NA	18.801	19.397	18.978	18.874	19.561	18.969	18.852	19.224	19.072
P0C2S0	CTXN2	cortexin 2	Homo sapiens	15.706	15.173	NA	NA	15.361	15.309	NA	15.904	NA	NA	15.344	16.227	15.625	NA	15.09
Q9BW61	DDA1	DET1 and DDB1 associated 1	Homo sapiens	16.609	NA	15.986	16.297	16.725	16.698	15.858	16.52	NA	15.668	16.502	16.555	16.146	16.665	16.246
B3KV31	RASL10B	RAS like family 10 member B	Homo sapiens	17.75	18.082	18.323	16.943	18.059	17.505	17.957	NA	17.747	17.987	17.842	17.566	18.08	18.298	17.995
Q32Q84	WWC2	WW and C2 domain containing 2	Homo sapiens	NA	NA	13.334	12.883	NA	13.352	NA	NA	NA	NA	13.312	13.793	13.531	NA	NA
B1AMU3	EXOSC1	exosome component 1	Homo sapiens	13.707	13.932	13.543	13.937	13.713	13.589	NA	14.149	13.891	13.716	15.396	NA	15.167	15.776	NA
B7Z8N7	CYFIP2	cytoplasmic FMR1 interacting protein 2	Homo sapiens	18.187	17.62	17.779	16.808	17.581	17.664	17.728	17.928	17.303	17.471	17.562	16.904	17.936	17.537	17.526
Q8NHR7	TERB2	telomere repeat binding bouquet formation protein 2	Homo sapiens	14.025	NA	14.472	13.868	14.619	NA	14.293	14.254	14.771	NA	NA	14.528	NA	15.128	NA
A0A0S2Z517	ADGRG1	adhesion G protein-coupled receptor G1	Homo sapiens	NA	NA	NA	13.19	13.738	14.408	NA	NA	NA	NA	12.969	14.06	NA	NA	NA
A5PKY7	SLC9A5	solute carrier family 9 member A5	Homo sapiens	NA	NA	12.443	NA	NA	NA	12.376	12.759	NA	NA	NA	NA	NA	NA	12.62
Q53SE7	GMCL1	germ cell-less 1, spermatogenesis associated	Homo sapiens	15.952	16.017	15.855	NA	15.885	16.21	NA	15.99	NA	15.662	15.786	15.362	15.591	15.736	15.649
G5EA20	DNAAF11	dynein axonemal assembly factor 11	Homo sapiens	13.055	NA	NA	NA	NA	NA	NA	NA	NA	12.895	12.994	NA	12.949	NA	NA
A8KAQ6	AUP1	AUP1 lipid droplet regulating VLDL assembly factor	Homo sapiens	18.417	17.871	18.168	18.238	18.364	18.397	17.885	18.288	18.2	17.974	18.602	18.511	18.818	18.755	17.625
A0A140VJQ7	THAP12	THAP domain containing 12	Homo sapiens	NA	14.152	15.118	14.15	13.866	17.075	17.072	17.377	17.165	16.911	NA	14.135	NA	NA	NA
Q6P161	MRPL54	mitochondrial ribosomal protein L54	Homo sapiens	16.53	NA	15.951	15.902	16.842	16.449	15.844	16.88	NA	16.268	15.834	16.335	15.908	16.3	16.366
Q6P0P0	MBD6	methyl-CpG binding domain protein 6	Homo sapiens	NA	NA	14.641	NA	14.1	NA	NA	14.634	13.953	NA	14.071	NA	14.209	14.694	13.75
Q8N5J5	CLEC4D	C-type lectin domain family 4 member D	Homo sapiens	NA	11.994	NA	NA	NA	NA	NA	NA	NA	NA	NA	NA	12.494	NA	11.555
B2R8X9	P2RY11	purinergic receptor P2Y11	Homo sapiens	16.581	16.996	16.558	NA	16.858	16.195	NA	17.214	16.374	16.403	NA	17.096	16.819	NA	16.181
O94898	LRIG2	leucine rich repeats and immunoglobulin like domains 2	Homo sapiens	14.914	NA	NA	15.518	NA	14.464	14.883	15.421	14.646	NA	NA	15.038	NA	15.072	14.256
O75828	CBR3	carbonyl reductase 3	Homo sapiens	15.607	15.261	15.3	14.901	NA	15.359	15.528	16.547	15.347	14.953	15.223	15.32	15.44	15.702	15.148
H0Y8S7	RBM24	RNA binding motif protein 24	Homo sapiens	16.435	16.221	16.822	NA	16.778	16.646	16.608	17.75	16.484	16.47	NA	NA	14.654	NA	NA
Q9H9C0	HSD17B7	hydroxysteroid 17-beta dehydrogenase 7	Homo sapiens	NA	NA	NA	NA	12.1	NA	NA	NA	11.773	NA	NA	NA	NA	NA	NA
A0A1B0GTI1	CCDC201	coiled-coil domain containing 201	Homo sapiens	20.443	20.598	20.178	20.3	20.874	20.24	20.318	20.817	20.513	20.287	20.102	20.477	20.959	20.667	NA
Q13520	AQP6	aquaporin 6	Homo sapiens	14.374	NA	13.98	14.225	15.074	14.104	14.36	14.502	NA	NA	14.389	14.943	14.637	NA	13.995
B7Z6K0	NEDD4L	NEDD4 like E3 ubiquitin protein ligase	Homo sapiens	20.263	19.893	19.815	19.767	19.742	NA	20.253	20.144	19.242	19.647	20.189	20.323	19.445	19.81	19.77
A0A494C100	MCM8	minichromosome maintenance 8 homologous recombination repair factor	Homo sapiens	17.223	17.553	17.211	16.911	17.418	18.881	18.491	18.87	18.565	18.779	17.429	17.257	17.253	17.556	17.24
Q96JC4	ZNF479	zinc finger protein 479	Homo sapiens	17.751	17.665	17.518	17.375	17.187	18.063	17.557	18.53	16.91	17.713	17.808	18.005	17.562	18.13	17.381
A0A2X0TVV1	ARHGEF17	Rho guanine nucleotide exchange factor 17	Homo sapiens	17.638	17.534	17.432	17.12	18.306	17.294	17.17	18.309	17.013	16.821	17.698	17.807	17.766	17.632	17.414
D3DS47	PPP1R3E	protein phosphatase 1 regulatory subunit 3E	Homo sapiens	15.946	NA	15.864	15.765	16.334	16.581	15.901	16.837	15.754	15.65	16.037	NA	15.747	15.768	15.74
Q15270	NKX1-1	NK1 homeobox 1	Homo sapiens	19.978	20.711	NA	20.014	20.813	21.185	20.019	21.032	20.439	20.242	20.705	20.792	20.657	20.422	20.396
A8JZZ5	CHEK2	checkpoint kinase 2	Homo sapiens	16.448	16.115	NA	15.977	16.541	16.479	16.337	17.078	16.209	16.07	16.431	16.568	16.371	16.613	16.178
A2RUD3	SDF2L1	stromal cell derived factor 2 like 1	Homo sapiens	17.477	16.441	NA	16.488	16.822	16.814	16.567	17.1	16.445	17.093	16.655	16.972	16.998	17.152	17.267
O60502	OGA	O-GlcNAcase	Homo sapiens	14.862	NA	14.847	14.557	14.564	14.661	14.384	14.985	14.524	NA	14.527	14.118	14.756	15.108	14.702
Q8N9B9	KLHL23	kelch like family member 23	Homo sapiens	18.064	17.715	18.517	17.675	18.105	18.253	18.426	NA	18.163	17.574	16.522	15.993	16.569	16.633	NA
A1L4Q9	BLOC1S1	biogenesis of lysosomal organelles complex 1 subunit 1	Homo sapiens	NA	10.61	NA	NA	NA	NA	NA	NA	NA	NA	NA	NA	NA	NA	NA
D9YZU7	HBE1	hemoglobin subunit epsilon 1	Homo sapiens	17.213	17.581	17.212	16.832	17.438	NA	17.262	18.629	17.028	17.035	17.419	17.724	17.024	17.671	17.175
Q6P5X7	TMEM71	transmembrane protein 71	Homo sapiens	14.605	14.29	NA	NA	14.778	14.009	14.241	NA	14.711	14.895	14.482	NA	14.033	14.662	NA
A8K9E0	SNTB1	syntrophin beta 1	Homo sapiens	19.045	18.163	NA	18.099	18.724	18.123	17.416	NA	NA	18.014	18.115	18.171	18.407	19.087	18.036
E7EMY8	BMP8B	bone morphogenetic protein 8b	Homo sapiens	16.196	16.375	16.309	16.17	16.21	16.552	16.182	NA	15.683	NA	NA	NA	16.182	NA	16.515
E9PFG2	DLL3	delta like canonical Notch ligand 3	Homo sapiens	16.591	15.663	16.39	15.395	16.586	16.613	15.556	16.985	16.294	15.805	16.296	16.861	16.22	16.344	16.216
A0A7R8GUS8	IFNA4	interferon alpha 4	Homo sapiens	15.083	14.185	14.058	NA	14.727	NA	NA	14.19	NA	13.941	14.545	NA	NA	14.457	13.827
B2RP72	DEFB132	defensin beta 132	Homo sapiens	14.561	13.879	NA	NA	14.36	NA	14.21	14.24	NA	NA	NA	14.687	14.391	NA	NA
A0A140VK27	LTA4H	leukotriene A4 hydrolase	Homo sapiens	NA	17.934	17.696	17.396	17.899	19.846	19.588	19.882	18.94	19.24	14.955	NA	14.884	15.307	14.894
Q8NF99	ZNF397	zinc finger protein 397	Homo sapiens	14.845	15.294	14.88	14.143	NA	NA	NA	15.16	NA	14.524	14.674	14.651	NA	15.471	NA
B2RDH3	APLNR	apelin receptor	Homo sapiens	NA	NA	13.466	NA	NA	13.816	NA	NA	13.439	NA	13.657	14.094	13.544	NA	NA
B4DK03	CDK18	cyclin dependent kinase 18	Homo sapiens	15.674	15.284	15.168	14.862	15.063	17.829	17.506	18.282	17.157	17.646	14.824	15.051	NA	15.189	15.104
B2RP85	FAM180A	family with sequence similarity 180 member A	Homo sapiens	17.724	17.959	17.306	NA	18.11	17.861	17.203	17.995	17.468	17.275	19.405	19.389	18.723	19.065	18.5
A0A0A0MT72	CCM2	CCM2 scaffold protein	Homo sapiens	15.4	14.944	NA	NA	NA	14.907	14.972	NA	NA	15.591	NA	15.302	15.456	14.817	14.491
A8K1B5	ABCG4	ATP binding cassette subfamily G member 4	Homo sapiens	17.097	17.245	17.245	16.901	17.372	17.168	16.669	17.508	16.726	16.607	17.11	17.199	17.182	17.377	16.677
B4DPU8	SLC17A9	solute carrier family 17 member 9	Homo sapiens	18.553	18.27	18.325	18.501	18.687	18.944	18.15	19.622	18.386	18.521	18.831	18.621	18.122	18.597	18.379
P51888	PRELP	proline and arginine rich end leucine rich repeat protein	Homo sapiens	16.359	16.191	16.078	15.896	16.306	16.056	16.03	16.327	15.942	16.178	NA	16.358	16.006	16.438	15.743
Q9NNX9	VCX3A	variable charge X-linked 3A	Homo sapiens	16.729	16.771	16.269	16.375	16.203	16.843	16.716	17.281	NA	16.577	16.98	16.775	16.247	16.728	15.759
B4DN15	MMP1	matrix metallopeptidase 1	Homo sapiens	18.507	18.66	18.737	18.619	18.283	18.132	18.237	18.742	17.796	18.58	18.361	18.328	18.824	19.353	18.317
E9PSG2	CKLF-CMTM1	CKLF-CMTM1 readthrough	Homo sapiens	17.34	17.113	17.196	16.859	17.515	NA	16.888	17.519	17.028	17.42	17.685	17.441	16.993	17.667	16.992
A0A0S2Z3D0	CA9	carbonic anhydrase 9	Homo sapiens	16.615	16.26	16.406	16.468	16.372	16.913	16.266	16.743	16.559	16.101	16.731	16.669	16.999	16.99	16.68
K7EMN5	DYNAP	dynactin associated protein	Homo sapiens	17.036	17.266	16.842	16.705	NA	16.568	16.667	17.529	17.251	16.306	16.609	17.028	16.848	16.878	17.041
A0A6Q8PG63	PAFAH1B1	platelet activating factor acetylhydrolase 1b regulatory subunit 1	Homo sapiens	15.459	15.305	15.528	15.211	15.385	15.528	14.69	15.714	15.622	14.382	15.593	15.74	15.13	15.479	NA
Q3SX64	CIMAP1D	CIMAP1 family member D	Homo sapiens	14.906	14.818	14.955	13.812	15.022	NA	NA	15.908	14.485	14.761	15.004	14.701	NA	14.79	14.795
Q15825	CHRNA6	cholinergic receptor nicotinic alpha 6 subunit	Homo sapiens	16.274	15.965	15.765	15.516	16.173	NA	NA	14.343	13.929	13.427	16.348	16.3	16.522	15.881	15.962
A1A5A9	SIK3	SIK family kinase 3	Homo sapiens	15.37	NA	16.391	16.048	15.779	16.424	15.883	16.114	15.621	15.753	15.803	16.05	16.16	NA	15.576
B3KT14	SULT1A3	sulfotransferase family 1A member 3	Homo sapiens	13.544	NA	NA	NA	NA	NA	NA	13.889	NA	NA	13.136	13.085	NA	13.32	NA
A0A126GVR9	OR1F1	olfactory receptor family 1 subfamily F member 1	Homo sapiens	NA	13.422	NA	NA	13.421	NA	NA	NA	NA	NA	NA	NA	NA	NA	NA
A8K6E3	STEAP3	STEAP3 metalloreductase	Homo sapiens	17.52	NA	17.416	16.884	17.386	17.559	17.743	17.451	16.405	16.515	16.921	17.786	17.111	17.522	NA
B7ZAT6	SOAT1	sterol O-acyltransferase 1	Homo sapiens	20.997	20.364	20.815	19.781	21.071	20.521	21.392	21.498	20.374	20.492	20.761	20.554	21.064	21.213	20.612
Q5F2F8	PPP3CB	protein phosphatase 3 catalytic subunit beta	Homo sapiens	19.516	19.12	19.341	18.955	19.392	19.325	NA	19.599	19.044	19.346	19.382	19.765	20.297	19.862	18.935
O75571	FBP1	fructose-bisphosphatase 1	Homo sapiens	NA	17.406	17.016	16.713	17.617	16.733	16.412	17.002	16.584	16.578	17.516	16.883	17.077	17.64	17.243
A0A0A8KWK3	TGFBR3	transforming growth factor beta receptor 3	Homo sapiens	NA	NA	NA	11.915	NA	NA	NA	NA	NA	NA	NA	13.066	13.044	NA	NA
F8VRR0	NUDT4	nudix hydrolase 4	Homo sapiens	18.486	18.242	18.673	18.124	18.757	18.247	18.117	18.873	17.693	18.207	17.944	17.85	16.822	18.169	17.23
A9UK01	ARHGAP18	Rho GTPase activating protein 18	Homo sapiens	NA	16.925	17.271	16.587	17.103	16.984	16.859	17.376	17	16.404	17.041	17.437	17.535	17.4	16.758
Q9UPT8	ZC3H4	zinc finger CCCH-type containing 4	Homo sapiens	18.238	18.531	18.166	18.341	18.348	NA	18.166	17.882	18.488	NA	17.894	18.471	18.031	18.732	17.839
E7EQ52	TNKS	tankyrase	Homo sapiens	18.252	17.972	18.045	17.275	17.616	NA	18.001	18.139	18.251	17.785	NA	18.348	18.01	18.715	18.192
A6NNC1	LOC107987433	putative POM121-like protein 1-like	Homo sapiens	17.277	17.338	17.609	16.861	17.436	17.289	17.283	18.12	16.758	17.67	17.166	17.7	17.719	17.158	17.042
O14850	ZNF583	zinc finger protein 583	Homo sapiens	NA	15.709	15.769	15.617	15.52	NA	15.274	15.799	15.17	15.237	16.285	NA	15.382	15.623	15.74
Q96C03	MIEF2	mitochondrial elongation factor 2	Homo sapiens	NA	NA	NA	NA	12.58	NA	NA	NA	12.473	NA	NA	NA	NA	NA	NA
A0A2Z4LCH4	SERPINA6	serpin family A member 6	Homo sapiens	16.186	16.198	16.201	16.145	16.627	15.844	16.363	16.77	16.816	16.107	16.746	16.888	17.078	16.212	16.072
Q7Z6K1	THAP5	THAP domain containing 5	Homo sapiens	NA	NA	NA	13.651	NA	NA	12.994	NA	13.788	13.38	13.548	NA	13.927	14.339	13.446
B2RBA0	SLU7	SLU7 homolog, splicing factor	Homo sapiens	15.175	NA	NA	14.4	14.727	17.067	16.412	NA	17.001	17.008	14.79	14.559	14.93	14.807	14.362
A2BH51	PLCXD1	phosphatidylinositol specific phospholipase C X domain containing 1	Homo sapiens	16.233	NA	16.387	15.72	15.528	16.298	15.883	16.777	16.56	16.036	15.506	16.137	16.571	NA	16.054
D3DW31	RBBP9	RB binding protein 9, serine hydrolase	Homo sapiens	16.259	NA	15.456	16.025	16.175	16.511	15.707	NA	16.322	16.199	15.728	16.566	16.333	16.986	15.685
O14746	TERT	telomerase reverse transcriptase	Homo sapiens	18.18	17.803	17.519	16.993	17.841	18.452	17.401	17.75	17.532	17.861	17.893	17.744	17.526	17.84	17.697
Q498B9	ASXL1	ASXL transcriptional regulator 1	Homo sapiens	NA	NA	14	NA	13.852	NA	NA	13.178	13.342	NA	NA	13.926	13.884	14.5	NA
Q05BH9	TJAP1	tight junction associated protein 1	Homo sapiens	NA	13.04	NA	NA	NA	NA	NA	NA	NA	NA	NA	NA	NA	13.551	NA
B4DEC7	KIZ	kizuna centrosomal protein	Homo sapiens	12.805	NA	NA	NA	NA	NA	13.284	NA	NA	12.446	NA	13.601	NA	13.202	12.811
Q6ZVM5	LOC124902201	syncytin-A-like	Homo sapiens	13.552	NA	NA	NA	NA	NA	NA	NA	NA	13.093	13.301	13.485	NA	14.011	NA
A0AAQ5BIF4	RIGI	RNA sensor RIG-I	Homo sapiens	17.072	17.012	16.64	16.659	NA	16.401	16.746	17.047	16.77	16.212	17.026	17.025	16.594	17.226	NA
A8K7D9	KPNA2	karyopherin subunit alpha 2	Homo sapiens	15.753	15.633	NA	NA	NA	15.294	15.249	16.338	15.815	15.878	15.271	16.376	NA	NA	16.475
A0A126GVP2	OR4K14	olfactory receptor family 4 subfamily K member 14	Homo sapiens	NA	NA	NA	NA	13.139	NA	NA	NA	12.857	NA	NA	NA	NA	NA	12.957
A0A024R7Z1	DNAJC5B	DnaJ heat shock protein family (Hsp40) member C5 beta	Homo sapiens	NA	16.827	17.004	16.827	15.93	16.816	NA	NA	16.912	NA	16.728	17.088	16.823	16.491	16.426
Q8NCU8	MTLN	mitoregulin	Homo sapiens	NA	14.057	NA	NA	NA	NA	13.88	14.544	13.576	NA	14.081	NA	14.311	13.995	NA
B2RD34	PPIL4	peptidylprolyl isomerase like 4	Homo sapiens	15.83	15.347	NA	15.05	15.696	15.989	15.538	16.279	NA	15.295	14.837	14.633	NA	NA	NA
Q494R4	DRC12	dynein regulatory complex subunit 12 homolog	Homo sapiens	18.093	17.859	17.65	17.168	18.064	17.671	17.102	18.293	17.451	17.515	17.115	18.143	17.912	17.953	17.412
A8K5R1	RAB30	RAB30, member RAS oncogene family	Homo sapiens	15.035	NA	14.994	14.958	15.048	NA	14.606	15.939	NA	14.746	15.174	NA	15.628	NA	15.194
A0A126GVC8	OR7A10	olfactory receptor family 7 subfamily A member 10	Homo sapiens	14.055	NA	NA	13.42	NA	14.577	14.708	14.949	NA	14.549	14.157	14.456	14.337	14.124	14.003
A0A9L9PX14	POLA2	DNA polymerase alpha 2, accessory subunit	Homo sapiens	15.932	15.512	15.71	15.546	16.298	12.786	NA	NA	13.095	NA	16.189	16.205	15.735	16.458	15.543
A0A0A0MR61	PRSS57	serine protease 57	Homo sapiens	15.664	15.816	NA	15.523	16.105	15.366	NA	16.211	15.517	16.09	15.576	NA	15.907	16.271	15.472
Q5T5Q5	FAM131C	family with sequence similarity 131 member C	Homo sapiens	19.392	19.356	19.07	18.617	19.454	19.053	19.012	19.514	18.75	19.117	19.118	19.738	19.531	19.723	18.956
A6NNF7	SCNN1D	sodium channel epithelial 1 subunit delta	Homo sapiens	16.126	NA	16.455	15.61	16.15	15.164	16.036	16.52	15.632	15.484	15.617	NA	15.898	16.811	16.064
A8MTQ0	NOTO	notochord homeobox	Homo sapiens	NA	NA	NA	NA	NA	NA	NA	NA	13.183	NA	NA	13.611	14.004	NA	NA
O15370	SOX12	SRY-box transcription factor 12	Homo sapiens	15.413	15.658	15.365	15.354	15.634	15.601	NA	15.59	15.578	NA	15.378	15.384	NA	15.265	15.377
B7ZBG8	MMP24	matrix metallopeptidase 24	Homo sapiens	NA	16.157	15.561	NA	15.476	15.169	15.234	16.272	15.219	15.104	15.111	15.664	15.329	15.594	15.094
Q6ZWK4	RHEX	regulator of hemoglobinization and erythroid cell expansion	Homo sapiens	17.511	17.752	17.649	16.589	17.526	17.787	16.969	17.873	17.396	16.946	17.583	17.642	17.727	17.578	17.158
A6H8W4	GIGYF2	GRB10 interacting GYF protein 2	Homo sapiens	20.177	19.6	19.612	19.137	19.496	23.051	22.424	22.144	21.493	22.553	NA	21.093	20.853	20.942	20.596
Q8NDB2	BANK1	B cell scaffold protein with ankyrin repeats 1	Homo sapiens	NA	14.48	14.362	NA	14.566	NA	NA	14.788	NA	13.931	14.022	14.234	NA	14.516	NA
Q05BL8	MTIF3	mitochondrial translational initiation factor 3	Homo sapiens	NA	NA	18.308	17.822	17.435	18.007	17.874	18.774	17.837	17.632	18.174	18.475	NA	18.583	18.106
Q6NSI7	SLC12A6	solute carrier family 12 member 6	Homo sapiens	NA	NA	13.789	NA	NA	NA	NA	NA	NA	NA	NA	14.238	13.61	NA	NA
A8K539	SYT4	synaptotagmin 4	Homo sapiens	16.022	16.061	NA	NA	15.23	16.062	15.265	15.877	15.394	15.353	NA	15.863	15.663	15.97	15.886
A0A1B0GTN4	DLGAP2	DLG associated protein 2	Homo sapiens	14.967	15.128	14.793	14.702	14.79	14.676	14.934	NA	14.232	14.524	14.58	15.026	NA	15.198	NA
A0A126GVF5	OR51G1	olfactory receptor family 51 subfamily G member 1	Homo sapiens	NA	16.789	17.2	16.517	16.755	17.209	16.298	17.466	NA	16.439	17.006	17.242	16.96	16.782	17.04
A0A7P0TAB0	ERN1	endoplasmic reticulum to nucleus signaling 1	Homo sapiens	18.223	18.102	18.219	17.721	17.852	18.107	17.86	18.821	18.152	18.025	18.003	18.666	18.359	18.094	17.499
P49910	ZNF165	zinc finger protein 165	Homo sapiens	15.653	15.848	15.983	15.134	15.543	18.62	18.704	18.791	18.239	18.605	15.814	15.465	15.12	15.4	15.906
B4DXW1	ACTR3	actin related protein 3	Homo sapiens	16.29	14.871	15.692	15.177	15.606	16.052	15.94	15.893	15.798	15.495	15.981	NA	15.947	16.072	15.419
Q86TV6	TTC7B	tetratricopeptide repeat domain 7B	Homo sapiens	15.723	15.042	15.384	NA	NA	15.275	15.256	15.928	15.222	15.197	NA	15.519	15.447	15.36	15.164
Q5H980	WFDC12	WAP four-disulfide core domain 12	Homo sapiens	16.09	NA	NA	NA	16.221	16.23	NA	16.648	15.96	15.917	15.681	15.519	15.902	16.25	NA
P58004	SESN2	sestrin 2	Homo sapiens	15.974	15.788	15.717	NA	15.649	NA	12.71	NA	12.673	NA	17.943	18.296	18.17	18.646	18.227
Q5T2K3	TRIM45	tripartite motif containing 45	Homo sapiens	15.521	15.114	15.438	15.065	15.394	15.564	14.813	16.123	15.407	14.98	NA	13.191	12.45	NA	NA
A0A140VJL6	IAH1	isoamyl acetate hydrolyzing esterase 1 (putative)	Homo sapiens	17.492	16.907	16.931	16.175	16.997	17.034	17.246	17.521	16.826	17.023	15.092	16.072	15.964	NA	15.458
Q0IJ49	PKMYT1	protein kinase, membrane associated tyrosine/threonine 1	Homo sapiens	16.627	16.558	17.259	15.886	16.659	16.452	17.536	17.709	16.664	16.675	NA	16.841	16.899	17.386	16.849
Q5T9T3	SPRR2F	small proline rich protein 2F	Homo sapiens	19.186	19.487	18.957	19.268	19.525	19.416	19.41	20.425	19.383	19.2	19.384	19.909	19.421	NA	19.087
B4DJW0	GFAP	glial fibrillary acidic protein	Homo sapiens	17.452	17.346	18.108	17.297	18.481	18.312	17.921	18.044	17.445	17.276	17.475	18.296	18.061	18.397	17.428
B7Z1Z4	HAPLN2	hyaluronan and proteoglycan link protein 2	Homo sapiens	17.811	17.62	18.508	17.836	17.632	17.597	17.463	18.604	17.682	17.526	16.385	17.201	17.02	16.773	16.774
B2RD72	RSL24D1	ribosomal L24 domain containing 1	Homo sapiens	18.356	18.844	18.768	17.823	18.847	18.408	NA	18.937	18.473	18.182	18.508	18.38	18.292	18.699	18.256
A0A0S2Z6B4	SIL1	SIL1 nucleotide exchange factor	Homo sapiens	15.814	15.404	15.701	15.879	15.707	16.006	15.722	NA	15.952	16.092	16.025	16.023	15.283	NA	15.7
A0A804HL54	IARS1	isoleucyl-tRNA synthetase 1	Homo sapiens	NA	13.316	NA	12.975	NA	13.427	NA	NA	13.205	13.251	NA	NA	NA	13.525	13.318
D3DTZ2	CUEDC1	CUE domain containing 1	Homo sapiens	16.28	16.573	16.358	15.745	16.851	16.977	16.478	17.29	16.46	16.061	16.291	16.799	16.55	16.346	16.708
Q59F71	BMP1	bone morphogenetic protein 1	Homo sapiens	17.145	17.144	16.848	16.908	17.574	16.487	17.295	17.415	17.277	17.258	17.601	17.941	18.014	16.77	NA
A0A024R7K3	CYP4F2	cytochrome P450 family 4 subfamily F member 2	Homo sapiens	17.189	17.455	17.469	17.111	NA	NA	17.109	18.381	17.548	17.29	17.138	17.155	17.593	17.418	NA
B4DW61	RPUSD2	RNA pseudouridine synthase domain containing 2	Homo sapiens	13.854	NA	NA	NA	13.494	14.205	NA	NA	NA	13.695	NA	14.206	NA	14.082	14.341
P11055	MYH3	myosin heavy chain 3	Homo sapiens	19.114	19.458	18.847	18.983	19.516	18.744	18.806	19.144	NA	NA	18.934	18.937	19.183	19.5	NA
F2YGU0	GPR52	G protein-coupled receptor 52	Homo sapiens	16.29	15.749	NA	NA	15.605	17.974	17.916	18.021	18.07	17.6	16.129	16.595	16.128	16.141	15.641
P62995	TRA2B	transformer 2 beta homolog	Homo sapiens	15.915	14.979	15.616	15.505	15.306	15.273	15.331	NA	15.056	NA	15.763	15.648	15.984	15.827	15.246
D3DTV9	PRAC2	PRAC2 small nuclear protein	Homo sapiens	13.428	NA	14.197	13.505	14.21	NA	13.993	14.155	13.697	13.242	15.854	16.234	16.395	16.877	NA
A8K6R7	VCAM1	vascular cell adhesion molecule 1	Homo sapiens	15.76	15.709	15.98	NA	NA	17.194	16.175	17.284	17.201	16.526	NA	15.116	16.092	16.16	15.864
B7Z885	BNC1	basonuclin zinc finger protein 1	Homo sapiens	NA	NA	16.325	15.941	16.646	16.205	16.04	16.876	16.511	16.261	18.262	18.383	18.506	18.557	18.432
A0A024RCX7	SLC39A7	solute carrier family 39 member 7	Homo sapiens	17.744	17.46	17.124	NA	16.755	19.044	19.25	19.405	19.013	18.586	17.541	NA	17.313	17.438	17.196
O14949	UQCRQ	ubiquinol-cytochrome c reductase complex III subunit VII	Homo sapiens	NA	14.739	15.261	NA	14.855	NA	14.191	NA	NA	13.692	NA	NA	12.326	NA	NA
H2DF04	IFNLR1	interferon lambda receptor 1	Homo sapiens	13.422	NA	13.032	NA	NA	13.208	NA	NA	12.664	12.791	12.7	13.678	NA	NA	13.37
A8K4Q2	TTF2	transcription termination factor 2	Homo sapiens	17.424	17.938	17.717	17.477	17.28	17.908	17.237	17.781	17.295	17.915	17.413	18.11	18.163	17.662	17.106
B2RDY1	RBX1	ring-box 1	Homo sapiens	17.006	17.145	16.663	16.488	16.938	16.769	16.453	16.535	17.193	16.833	17.175	17.018	16.887	17.204	16.209
B4E3D9	CDK11A	cyclin dependent kinase 11A	Homo sapiens	NA	14.863	15.174	14.284	NA	14.621	NA	14.538	14.536	14.07	15.028	14.792	15.209	14.97	14.852
D3DQ91	LEAP2	liver enriched antimicrobial peptide 2	Homo sapiens	16.619	16.806	16.355	NA	16.195	16.742	16.525	16.87	16.207	16.658	NA	17.424	16.974	16.759	16.544
Q96QD9	FYTTD1	forty-two-three domain containing 1	Homo sapiens	15.17	14.542	NA	14.536	NA	14.702	NA	14.873	NA	14.453	NA	14.297	14.526	14.358	14.643
A0A0B4J294	TRAPPC2L	trafficking protein particle complex subunit 2L	Homo sapiens	NA	NA	NA	13.342	NA	NA	NA	NA	NA	NA	13.246	NA	NA	NA	NA
J3KRE7	LOXHD1	lipoxygenase homology PLAT domains 1	Homo sapiens	14.503	NA	NA	14.272	NA	14.414	NA	NA	NA	14.199	NA	NA	NA	12.041	NA
A5D6W6	FITM1	fat storage inducing transmembrane protein 1	Homo sapiens	18.765	18.424	18.681	18.321	18.609	18.528	18.575	18.101	18.823	18.579	18.949	18.668	18.929	18.976	18.173
A0A3B3IRX9	CA5A	carbonic anhydrase 5A	Homo sapiens	15.379	15.78	NA	15.143	NA	16.388	15.695	15.408	15.47	15.616	15.86	15.55	16.274	15.961	NA
A0A7I2V3R4	RNF228	ring finger protein 228	Homo sapiens	16.493	16.721	16.883	15.936	16.543	16.396	16.187	17.01	16.593	17.021	16.335	16.793	16.795	16.416	16.41
B2RBX6	MCHR1	melanin concentrating hormone receptor 1	Homo sapiens	NA	NA	NA	NA	12.723	NA	NA	NA	NA	NA	15.52	NA	15.256	15.017	15.705
Q9UL03	INTS6	integrator complex subunit 6	Homo sapiens	NA	NA	NA	NA	NA	NA	11.945	NA	NA	NA	NA	12.086	NA	NA	NA
Q5BJD5	TMEM41B	transmembrane protein 41B	Homo sapiens	14.945	NA	15.076	14.599	15.146	15.22	15.595	15.576	14.596	14.331	NA	15.493	15.171	15.532	15.119
A8K0J3	TAOK3	TAO kinase 3	Homo sapiens	17.327	16.902	17.453	16.661	17.088	17.45	NA	17.514	17.46	17.157	17.096	17.42	17.212	18.127	16.948
Q2M243	CCDC27	coiled-coil domain containing 27	Homo sapiens	14.795	NA	14.272	NA	14.516	NA	NA	12.619	NA	NA	14.741	NA	14.144	14.405	NA
A8K5V7	BTBD7	BTB domain containing 7	Homo sapiens	16.057	16.733	15.915	15.773	NA	16.215	16.097	16.793	16.141	15.704	15.913	16.308	16.536	16.3	15.945
A6NMK7	CPSF4L	cleavage and polyadenylation specific factor 4 like	Homo sapiens	15.752	15.355	16.213	15.462	15.407	15.995	15.745	NA	15.654	15.651	15.773	15.887	16.103	NA	15.098
A8MZ07	OPRPN	opiorphin prepropeptide	Homo sapiens	14.954	15.065	NA	14.811	15.88	NA	15.136	15.628	NA	15.551	15.235	15.039	15.097	15.336	14.595
B3KTH6	ZNF506	zinc finger protein 506	Homo sapiens	NA	NA	13.338	12.383	13.133	13.396	NA	NA	12.671	12.64	NA	NA	NA	NA	NA
A0A2R8Y3X5	OPA1	OPA1 mitochondrial dynamin like GTPase	Homo sapiens	18.151	17.334	17.925	17.215	18.073	17.766	17.657	17.82	17.162	17.377	16.472	16.922	16.805	16.908	16.077
B2RXI8	GRAPL	GRB2 related adaptor protein like	Homo sapiens	16.745	16.189	16.75	16.334	16.483	16.261	16.596	17.244	NA	16.13	16.449	16.952	16.131	16.991	16.495
A0A126GVJ7	OR5P2	olfactory receptor family 5 subfamily P member 2	Homo sapiens	15.899	NA	15.25	15.828	16.205	16.211	16.328	16.456	15.701	15.882	16.139	15.949	16.068	15.966	NA
B2RD47	HDHD3	haloacid dehalogenase like hydrolase domain containing 3	Homo sapiens	14.8	NA	15.646	14.806	15.447	NA	15.07	16.049	15.057	15.078	15.28	15.41	15.03	NA	14.81
B2RA01	KRT1	keratin 1	Homo sapiens	NA	NA	NA	NA	13.356	13.827	13.394	14.169	13.147	13.597	13.834	NA	14.127	13.599	NA
A0A7I2YQE7	TERF1	telomeric repeat binding factor 1	Homo sapiens	18.158	18.17	17.383	17.608	18.259	18.504	18.929	19.035	18.142	17.991	18.268	18.285	18.76	18.429	17.968
A0A8Q3SHZ3	PCNT	pericentrin	Homo sapiens	NA	15.043	NA	NA	15.242	NA	NA	15.908	14.859	14.775	15.153	15.354	15.457	14.985	15.131
A0A087WU78	NHS	NHS actin remodeling regulator	Homo sapiens	NA	15.926	16.407	15.282	15.649	16.112	16.039	16.979	15.199	15.829	16.072	NA	NA	15.44	15.731
Q9BUA6	MYL10	myosin light chain 10	Homo sapiens	NA	13.298	13.432	NA	13.467	NA	13.512	13.774	12.882	NA	NA	NA	12.716	13.628	13.245
A8K5T5	HAS3	hyaluronan synthase 3	Homo sapiens	16.572	16.883	NA	16.282	16.946	17.298	16.564	16.954	16.436	16.491	18.102	18.228	18.871	18.537	18.558
G3V438	AHSA1	activator of HSP90 ATPase activity 1	Homo sapiens	17.299	17.677	16.792	16.789	17.278	17.317	17.158	17.887	17.101	16.72	17.366	17.561	17.193	17.704	17.725
C9IYZ1	ASNSD1	asparagine synthetase domain containing 1	Homo sapiens	17.918	18.271	17.614	17.992	17.465	17.772	NA	18.39	17.667	17.657	17.841	18.621	17.649	18.136	17.888
A8K6J6	PPARD	peroxisome proliferator activated receptor delta	Homo sapiens	15.887	16.108	16.216	15.334	16.521	NA	15.793	NA	16.06	15.265	15.648	15.416	16.245	16.2	15.768
M0QX46	CRTC1	CREB regulated transcription coactivator 1	Homo sapiens	17.355	NA	18.185	17.316	17.671	17.568	16.813	18.012	17.409	17.402	17.714	17.673	18.26	17.749	17.612
Q5TGI0	FAXC	failed axon connections homolog, metaxin like GST domain containing	Homo sapiens	19.317	19.279	19.474	18.803	19.8	17.966	17.997	17.967	17.689	17.793	19.605	19.834	19.705	19.53	19.426
A0A0G2JLM6	TBC1D3B	TBC1 domain family member 3B	Homo sapiens	15.279	NA	15.213	14.508	NA	14.99	NA	14.892	14.956	14.736	15.177	15.513	NA	15.119	14.973
Q5T899	MRPS2	mitochondrial ribosomal protein S2	Homo sapiens	16.167	16.349	15.991	NA	16.311	NA	NA	NA	16.19	15.654	16.446	16.831	16.45	16.743	15.899
B4DMD3	WBP11	WW domain binding protein 11	Homo sapiens	NA	15.667	NA	NA	15.981	16.091	15.643	15.804	15.415	15.254	NA	16.076	15.999	16.177	NA
Q9NPJ3	ACOT13	acyl-CoA thioesterase 13	Homo sapiens	15.761	15.158	15.274	14.691	15.437	14.991	NA	15.684	14.929	15.144	15.178	14.942	15.375	15.067	15.213
A8K4Q9	HKDC1	hexokinase domain containing 1	Homo sapiens	18.99	18.52	NA	17.73	18.366	18.371	17.833	19.084	18.457	18.067	18.147	19.114	18.609	18.511	18.236
A0A494C1J8	GGTLC2	gamma-glutamyltransferase light chain 2	Homo sapiens	16.536	16.673	16.195	NA	16.301	16.957	16.877	16.913	15.775	16.511	16.456	17.399	16.608	16.338	16.581
A8K333	SMAP1	small ArfGAP 1	Homo sapiens	17.263	NA	17.072	16.621	16.822	17.119	16.95	17.627	16.673	16.708	17.132	16.81	17.321	16.469	16.931
A8K9H1	ZXDA	zinc finger X-linked duplicated A	Homo sapiens	15.399	NA	NA	13.956	14.503	14.947	14.225	14.152	14.63	15.215	NA	14.976	15.035	14.576	14.695
A0A024RDP2	RNF6	ring finger protein 6	Homo sapiens	18.331	18.406	17.904	17.466	18.002	17.928	19.145	19.047	17.967	18.648	18.413	18.569	18.53	18	18.336
B4DHS7	TMEM128	transmembrane protein 128	Homo sapiens	19.568	20.19	19.772	19.362	20.192	20.979	NA	21.798	21.161	20.814	19.376	19.791	20.315	20.493	19.86
B2RAH0	SGPP1	sphingosine-1-phosphate phosphatase 1	Homo sapiens	19.86	19.37	19.537	18.917	19.752	NA	19.619	20.082	19.182	19.794	19.609	19.594	18.988	19.708	NA
Q8IXI2	RHOT1	ras homolog family member T1	Homo sapiens	NA	15.154	NA	14.811	14.807	14.384	14.694	NA	NA	NA	14.08	14.649	14.79	NA	13.903
A8K1X7	AGTRAP	angiotensin II receptor associated protein	Homo sapiens	17.527	17.559	17.268	16.636	16.969	17.281	17.133	17.38	16.796	16.846	NA	17.015	17.05	17.043	16.38
A6NEA2	GGTLC3	gamma-glutamyltransferase light chain family member 3	Homo sapiens	NA	NA	NA	NA	13.71	13.046	13.547	NA	12.862	NA	NA	NA	13.379	NA	NA
Q8IY57	YAF2	YY1 associated factor 2	Homo sapiens	NA	14.882	14.684	14.599	14.241	14.659	NA	NA	14.007	14.362	15.139	NA	14.645	14.59	NA
Q8WTQ4	C16orf78	chromosome 16 open reading frame 78	Homo sapiens	18.383	17.561	17.359	17.139	17.693	17.731	17.946	18.318	17.935	17.424	17.023	17.894	17.562	18.086	18.089
A0A1J0GNC2	GLDC	glycine decarboxylase	Homo sapiens	18.032	17.12	16.857	16.605	17.145	17.484	NA	17.839	17.079	NA	NA	NA	17.166	17.441	17.521
Q2M3C7	SPHKAP	SPHK1 interactor, AKAP domain containing	Homo sapiens	15.543	15.276	15.312	15.162	15.63	15.865	15.2	16.084	15.239	NA	15.156	15.345	15.572	15.576	14.948
Q86X67	NUDT13	nudix hydrolase 13	Homo sapiens	17.946	17.996	17.891	17.027	17.704	17.38	17.5	17.315	17.633	17.551	17.379	18.024	17.512	17.384	17.264
Q6VUC0	TFAP2E	transcription factor AP-2 epsilon	Homo sapiens	16.697	16.092	15.937	15.801	16.312	17.854	17.824	18.625	17.817	17.976	16.221	17.082	16.033	16.326	15.829
A0A8I5KYV1	LTBP3	latent transforming growth factor beta binding protein 3	Homo sapiens	16.121	16.03	15.653	15.613	15.548	15.958	15.774	16.155	NA	15.572	15.762	NA	15.919	16.417	15.874
A0AAG2TM82	USP17L3	ubiquitin specific peptidase 17 like family member 3	Homo sapiens	NA	16.39	16.33	16.079	NA	16.56	15.896	16.74	15.84	NA	NA	NA	NA	13.522	NA
A8K9J7	H2BC15	H2B clustered histone 15	Homo sapiens	16.04	15.769	15.79	15.924	15.673	15.994	15.283	16.406	NA	15.337	15.735	16.256	15.645	16.269	15.418
A1L3B0	ARSI	arylsulfatase family member I	Homo sapiens	15.574	NA	15.363	14.762	NA	15.137	NA	15.99	15.601	NA	15.536	15.391	NA	14.861	15.093
Q4VBN6	F2RL2	coagulation factor II thrombin receptor like 2	Homo sapiens	17.26	16.632	16.39	16.703	16.995	16.122	16.682	NA	16.484	16.626	16.59	NA	16.308	16.736	17.066
Q99581	FEV	FEV transcription factor, ETS family member	Homo sapiens	18.805	19.176	18.332	18.382	19.194	18.709	18.368	19.245	19.262	18.854	19.301	19.573	19.121	19.204	18.685
B2RCC8	SLITRK4	SLIT and NTRK like family member 4	Homo sapiens	16.06	15.763	14.812	15.154	15.57	16.001	15.215	NA	15.214	15.7	15.382	15.43	15.703	15.488	NA
Q9H2W2	MIXL1	Mix paired-like homeobox	Homo sapiens	NA	13.482	NA	13.059	NA	NA	NA	NA	NA	13.408	NA	NA	13.719	NA	NA
A0AVT1	UBA6	ubiquitin like modifier activating enzyme 6	Homo sapiens	NA	13.71	NA	13.443	13.674	13.744	NA	13.879	NA	NA	NA	13.919	13.57	13.55	13.187
Q5SZC2	GSTA5	glutathione S-transferase alpha 5	Homo sapiens	14.499	14.196	14.718	14.001	14.029	14.132	NA	15.442	14.459	14.245	14.225	14.882	NA	15.096	14.299
H7BYE5	GET1	guided entry of tail-anchored proteins factor 1	Homo sapiens	14.896	14.695	14.646	NA	14.482	14.796	14.669	15.283	13.964	14.577	14.666	14.917	NA	15.116	14.599
A0A0A0MTP3	MPHOSPH9	M-phase phosphoprotein 9	Homo sapiens	17.319	17.284	17.099	16.759	16.52	16.859	16.988	17.43	16.768	16.921	16.337	NA	16.167	16.624	15.959
Q5JRZ7	ZNF449	zinc finger protein 449	Homo sapiens	NA	NA	13.906	NA	NA	14.123	NA	14.717	NA	NA	NA	NA	14.692	NA	13.692
A6NDX0	UGT2B15	UDP glucuronosyltransferase family 2 member B15	Homo sapiens	15.031	15.111	15.205	15.063	NA	14.862	15.222	15.117	NA	14.915	14.691	NA	NA	15.194	14.258
Q5TZT0	TREX1	three prime repair exonuclease 1	Homo sapiens	17.142	16.595	17.431	16.142	16.423	16.423	16.595	17.216	16.791	16.409	16.941	17.212	16.579	16.972	16.66
A8K9W4	UBXN4	UBX domain protein 4	Homo sapiens	14.967	14.986	15.107	15.009	NA	15.391	15.303	15.417	14.708	15.255	15.132	15.516	15.351	15.123	15.071
Q9Y2Q5	LAMTOR2	late endosomal/lysosomal adaptor, MAPK and MTOR activator 2	Homo sapiens	18.603	18.437	18.394	18.412	18.309	18.588	18.537	18.888	17.945	18.597	18.548	18.58	NA	NA	18.222
A6NKW6	SHISAL2B	shisa like 2B	Homo sapiens	11.986	NA	NA	NA	NA	NA	NA	NA	NA	NA	NA	NA	NA	NA	NA
A2CEE0	QSOX2	quiescin sulfhydryl oxidase 2	Homo sapiens	19.805	19.593	19.107	19.413	19.571	19.189	19.143	19.691	19.364	19.701	19.459	19.432	19.107	20.054	19.444
B0I1R5	KIF17	kinesin family member 17	Homo sapiens	18.96	18.232	18.673	17.961	18.415	17.887	18.461	19.641	18.573	18.557	18.91	18.643	18.887	18.068	18.128
O14780	SFRP5	secreted frizzled related protein 5	Homo sapiens	14.775	14.41	NA	13.64	13.911	14.791	14.871	14.905	NA	14.279	NA	NA	NA	NA	NA
J3KND3	MYL6	myosin light chain 6	Homo sapiens	14.678	13.996	NA	14.433	14.646	14.458	NA	14.585	NA	NA	NA	NA	14.277	14.15	NA
A6NME8	C18orf63	chromosome 18 open reading frame 63	Homo sapiens	17.22	16.519	17.004	16.401	17.115	16.546	NA	17.387	16.93	16.864	16.397	17.001	16.543	17.893	16.815
B5BUM1	LENEP	lens epithelial protein	Homo sapiens	16.001	16.223	15.638	15.293	NA	16.137	15.734	15.73	15.813	15.759	16.184	16.364	15.928	16.591	15.656
A0A1W2PP81	LOC130160546	putative TAF11-like protein ENSP05220103536	Homo sapiens	13.898	NA	NA	13.942	13.992	13.934	NA	14.249	NA	NA	NA	14.271	NA	13.969	NA
Q2PPJ3	NEIL3	nei like DNA glycosylase 3	Homo sapiens	NA	NA	NA	NA	NA	NA	NA	NA	13.717	NA	NA	11.959	NA	NA	NA
B3KNZ1	CYRIA	CYFIP related Rac1 interactor A	Homo sapiens	16.621	16.687	17.094	16.432	17.118	17.343	16.915	17.255	16.467	16.858	16.57	16.939	17.714	16.958	16.504
B2R9K6	PDGFC	platelet derived growth factor C	Homo sapiens	14.931	14.236	14.413	NA	NA	14.601	14.307	15.108	14.556	14.654	NA	15.108	15.066	14.349	14.161
A0A126GVT3	OR9Q2	olfactory receptor family 9 subfamily Q member 2	Homo sapiens	13.403	NA	NA	NA	NA	NA	13.565	13.969	NA	NA	13.668	13.801	NA	13.619	NA
Q3MIY4	INSL5	insulin like 5	Homo sapiens	16.986	16.837	16.975	16.472	17.124	17.442	16.852	17.334	17.095	16.859	17.051	17.233	17.115	17.581	NA
A1L3W5	SUMO4	small ubiquitin like modifier 4	Homo sapiens	14.15	14.561	NA	NA	NA	14.517	NA	15.439	13.629	14.605	NA	14.548	14.573	NA	NA
A0AVB4	SERINC2	serine incorporator 2	Homo sapiens	13.724	13.769	13.786	NA	NA	NA	NA	14.307	NA	NA	13.716	NA	NA	NA	NA
A8K194	HIRA	histone cell cycle regulator	Homo sapiens	NA	14.331	14.883	NA	NA	14.613	14.654	15.564	14.822	NA	15.278	15.116	14.828	14.518	NA
B2RP45	MS4A10	membrane spanning 4-domains A10	Homo sapiens	19.448	19.402	19.338	19.197	19.44	19.764	19.426	20.103	19.322	19.346	18.926	19.605	19.44	19.405	18.437
A0A059QM53	MT-ATP8	ATP synthase F0 subunit 8	Homo sapiens	19.802	19.326	19.469	19.272	19.749	19.689	19.518	19.706	19.582	19.492	19.35	20.069	19.631	19.224	20.127
B4DJY2	TMEM233	transmembrane protein 233	Homo sapiens	19.831	19.734	19.911	18.867	19.76	19.535	19.53	20.093	19.106	18.875	19.185	19.561	19.563	19.753	19.196
A0A1W2PQW8	FBXL22	F-box and leucine rich repeat protein 22	Homo sapiens	NA	NA	NA	NA	NA	NA	11.063	NA	NA	NA	NA	NA	NA	NA	NA
Q96PS1	FANCD2OS	FANCD2 opposite strand	Homo sapiens	14.608	NA	NA	14.232	14.36	NA	14.196	15.193	NA	14.477	14.994	15.029	NA	15.326	NA
A0A1W2PNW4	FLT1	fms related receptor tyrosine kinase 1	Homo sapiens	NA	NA	NA	13.641	14.374	13.984	14.085	14.59	NA	NA	NA	14.061	NA	NA	14.014
A0JLT4	LSG1	large 60S subunit nuclear export GTPase 1	Homo sapiens	15.781	NA	16.073	15.325	NA	NA	18.303	18.905	18.067	17.867	12.52	NA	13.223	13.578	NA
O00119	SC5D	sterol-C5-desaturase	Homo sapiens	15.201	15.192	15.037	NA	15.575	NA	14.654	15.793	15.182	NA	15.345	15.791	15.026	15.364	NA
Q6FGN0	PEX10	peroxisomal biogenesis factor 10	Homo sapiens	19.329	19.308	NA	19.028	19.858	19.085	19.407	19.506	19.429	18.824	19.303	19.438	19.152	NA	18.668
A8KA78	TOP1	DNA topoisomerase I	Homo sapiens	15.482	15.177	15.159	14.673	15.458	15.089	14.826	16.079	NA	NA	15.436	NA	15.216	15.11	14.819
P30291	WEE1	WEE1 G2 checkpoint kinase	Homo sapiens	17.183	16.917	16.953	16.994	16.87	16.743	16.752	17.081	16.898	16.356	16.686	17.541	16.9	17.422	16.5
Q9Y2Y9	KLF13	KLF transcription factor 13	Homo sapiens	13.654	NA	13.155	13.366	NA	13.6	NA	13.946	13.315	NA	13.371	13.988	NA	NA	13.301
B7Z2M7	KIF5A	kinesin family member 5A	Homo sapiens	17.899	17.39	17.882	18.049	17.648	18.186	17.676	18.365	16.934	17.46	17.049	18.016	17.633	17.456	17.456
Q7Z6A9	BTLA	B and T lymphocyte associated	Homo sapiens	16.568	16.088	16.178	15.904	16.285	16.491	15.896	16.936	16.639	16.062	16.277	16.748	16.709	16.524	16.047
A0A1U9X974	PRRC2A	proline rich coiled-coil 2A	Homo sapiens	13.892	13.015	NA	NA	NA	13.817	13.094	13.939	12.932	NA	NA	NA	NA	13.818	NA
A0A804HJB3	GLE1	GLE1 RNA export mediator	Homo sapiens	14.859	15.15	14.563	14.684	14.664	15.489	14.59	NA	14.338	15.31	14.761	NA	NA	15.062	14.527
A1L4C4	GUCY1A2	guanylate cyclase 1 soluble subunit alpha 2	Homo sapiens	NA	NA	NA	NA	13.653	NA	NA	11.311	NA	NA	14.789	15.162	14.623	14.77	14.614
Q86X24	HORMAD1	HORMA domain containing 1	Homo sapiens	16.426	16.058	15.72	15.941	15.966	16.104	15.976	16.774	16.392	16.111	15.642	16.459	16.428	16.561	16.061
A8K6V3	SF3B3	splicing factor 3b subunit 3	Homo sapiens	NA	14.018	NA	NA	14.482	NA	14.164	14.57	NA	NA	NA	NA	14.145	14.705	14.377
Q0VG99	MESP2	mesoderm posterior bHLH transcription factor 2	Homo sapiens	13.193	NA	13.424	NA	13.244	NA	NA	NA	NA	13.511	NA	13.529	12.959	NA	NA
B2RC37	CD207	CD207 molecule	Homo sapiens	14.509	NA	14.313	14.219	14.683	NA	14.541	15.601	NA	14.511	NA	14.894	14.775	NA	NA
Q06190	PPP2R3A	protein phosphatase 2 regulatory subunit B''alpha	Homo sapiens	NA	14.275	NA	NA	NA	NA	NA	14.303	NA	13.944	14.327	14.142	14.679	14.151	NA
P59990	KRTAP12-1	keratin associated protein 12-1	Homo sapiens	NA	15.113	15.132	14.715	15.158	15.027	14.829	15.096	14.627	NA	15.249	15.354	15.135	15.561	NA
B1AK66	SNIP1	Smad nuclear interacting protein 1	Homo sapiens	NA	15.667	15.228	15.345	15.82	15.079	NA	16.249	15.308	15.271	15.774	16.059	15.466	15.509	15.538
Q86SN8	GPR151	G protein-coupled receptor 151	Homo sapiens	14.956	14.227	14.77	NA	14.422	14.703	14.3	14.987	14.384	14.163	14.698	15	14.73	14.81	NA
B4DX61	CDC25C	cell division cycle 25C	Homo sapiens	15.791	16.137	NA	15.826	15.965	15.995	15.617	16.703	15.74	16.05	NA	16.09	15.848	16.326	15.872
B2R503	UBE2B	ubiquitin conjugating enzyme E2 B	Homo sapiens	NA	16.951	16.605	16.398	17.305	16.555	16.654	17.172	16.014	15.674	16.528	17.305	16.807	16.57	NA
O43555	GNRH2	gonadotropin releasing hormone 2	Homo sapiens	15.501	16.113	15.672	15.384	15.878	15.781	15.752	15.78	14.776	15.25	15.766	16.112	15.948	15.651	15.173
A0A126GVM3	OR4A15	olfactory receptor family 4 subfamily A member 15	Homo sapiens	18.411	18.597	18.046	18.052	18.515	18.188	18.018	18.583	17.633	17.71	18.333	18.49	18.072	18.216	17.719
A8K2Z9	PTPRE	protein tyrosine phosphatase receptor type E	Homo sapiens	17.984	17.735	17.486	17.538	17.695	NA	17.311	17.758	17.239	17.213	17.157	18.047	18.017	17.639	17.228
P40259	CD79B	CD79b molecule	Homo sapiens	19.478	19.768	19.92	19.208	19.825	19.636	19.112	20.217	19.099	NA	19.139	20.714	19.138	19.574	19.566
A2VCL0	H4C12	H4 clustered histone 12	Homo sapiens	16.041	16.071	16.385	15.79	15.967	15.962	14.952	16.802	16.176	15.375	15.972	15.793	15.904	16.206	15.872
A0A140GX60	GP1BB	glycoprotein Ib platelet subunit beta	Homo sapiens	15.228	15.791	14.873	15.302	14.605	15.265	15.248	15.474	NA	15.212	NA	15.583	14.996	15.768	15.142
B9EH70	SHISA2	shisa family member 2	Homo sapiens	15.379	15.541	15.348	15.086	15.506	15.077	NA	15.521	15.598	14.809	15.141	15.536	15.05	15.846	15.692
P01178	OXT	oxytocin/neurophysin I prepropeptide	Homo sapiens	20.664	20.229	19.899	19.73	20.317	18.338	17.922	18.776	18.141	17.859	20.096	20.276	19.945	20.585	19.859
Q5SY52	ARHGAP30	Rho GTPase activating protein 30	Homo sapiens	19.305	18.127	18.549	18.736	18.651	19.04	18.697	19	18.86	18.253	18.644	18.682	18.407	19.183	18.648
B2RXL0	RAD21L1	RAD21 cohesin complex component like 1	Homo sapiens	16.86	17.126	16.706	NA	16.445	NA	16.988	17.157	16.465	16.944	16.66	16.877	NA	16.775	17.533
A8KAF3	SNX7	sorting nexin 7	Homo sapiens	NA	12.853	NA	NA	NA	13	NA	13.628	NA	NA	NA	13.007	NA	13.25	NA
A0A3B3ISP1	ANKS1A	ankyrin repeat and sterile alpha motif domain containing 1A	Homo sapiens	19.596	19.015	19.632	19.71	19.432	19.34	19.695	19.886	19.516	18.856	19.556	19.441	19.354	19.072	18.892
A0A087X111	GAGE13	G antigen 13	Homo sapiens	NA	NA	12.954	NA	NA	12.953	NA	13.728	12.596	NA	13.03	13.386	NA	NA	13.066
E9PQC8	ILDR2	immunoglobulin like domain containing receptor 2	Homo sapiens	16.662	16.41	16.337	16.241	15.773	16.163	16.406	16.735	16.341	16	16.561	16.491	16.068	16.193	16.295
B2R4V2	RPL36A-HNRNPH2	RPL36A-HNRNPH2 readthrough	Homo sapiens	19.436	19.554	19.256	19.011	19.749	21.649	22.273	22.163	21.807	21.405	19.436	19.572	19.116	19.986	19.256
Q9H4L7	SMARCAD1	SNF2 related chromatin remodeling ATPase with DExD box 1	Homo sapiens	17.813	17.195	17.457	16.903	17.595	18.209	17.567	18.095	17.988	16.701	17.71	18.256	17.729	17.969	17.361
Q5QNY5	PEX19	peroxisomal biogenesis factor 19	Homo sapiens	NA	15.558	15.142	14.892	15.581	15.527	15.406	NA	NA	15.115	15.418	15.492	NA	15.433	14.766
F5H3Y3	LAMTOR1	late endosomal/lysosomal adaptor, MAPK and MTOR activator 1	Homo sapiens	NA	13.987	NA	NA	NA	NA	13.937	14.606	NA	NA	NA	14.465	NA	NA	14.17
A0AVF2	AANAT	aralkylamine N-acetyltransferase	Homo sapiens	NA	NA	NA	13.091	13.434	NA	NA	14.058	13.233	NA	NA	NA	NA	13.566	NA
F5GX09	FAM76B	family with sequence similarity 76 member B	Homo sapiens	NA	NA	12.969	NA	NA	13.27	NA	13.717	NA	NA	12.995	NA	13.106	13.061	NA
B4DGV5	PKNOX1	PBX/knotted 1 homeobox 1	Homo sapiens	NA	NA	NA	12.988	NA	13.429	12.7	14.013	NA	NA	NA	13.187	NA	13.477	NA
Q53HU0	CCT8	chaperonin containing TCP1 subunit 8	Homo sapiens	NA	NA	17.191	17.252	17.383	17.188	16.892	17.794	16.944	17.152	16.92	17.097	17.498	17.13	16.856
B7Z9F3	MTX2	metaxin 2	Homo sapiens	17.006	17.195	17.106	16.133	16.931	16.125	16.772	17.441	16.33	16.347	17.077	17.096	16.98	17.755	16.787
A0A0C4DFR8	UXT	ubiquitously expressed prefoldin like chaperone	Homo sapiens	NA	NA	NA	NA	NA	NA	NA	NA	NA	NA	11.986	NA	NA	NA	NA
Q5T8D5	MASTL	microtubule associated serine/threonine kinase like	Homo sapiens	14.18	NA	NA	13.688	14.278	14.122	14.263	14.637	13.97	13.807	14.372	NA	14.579	NA	14.054
B7ZM99	MTHFD1L	methylenetetrahydrofolate dehydrogenase (NADP+ dependent) 1 like	Homo sapiens	NA	NA	12.176	NA	NA	NA	NA	NA	NA	NA	NA	NA	NA	NA	12.544
B3KVB9	ZSCAN29	zinc finger and SCAN domain containing 29	Homo sapiens	NA	14.249	NA	NA	13.303	NA	NA	13.052	12.966	NA	NA	NA	13.393	12.936	12.941
Q8WUX2	CHAC2	ChaC glutathione specific gamma-glutamylcyclotransferase 2	Homo sapiens	16.247	15.257	16.631	15.649	NA	15.295	14.923	15.769	14.93	14.706	NA	15.108	NA	15.164	NA
Q2TB16	RIPK4	receptor interacting serine/threonine kinase 4	Homo sapiens	15.463	NA	15.131	15.28	16.039	15.63	NA	NA	15.073	14.443	NA	17.491	NA	17.21	17.572
B0QYU3	ESX1	ESX homeobox 1	Homo sapiens	NA	15.029	14.119	NA	14.733	14.49	NA	14.579	14.816	14.409	NA	14.844	14.874	15.041	NA
A0A7I2V6B0	NOMO1	NODAL modulator 1	Homo sapiens	15.013	14.858	14.574	14.355	14.917	14.943	14.743	15.342	13.972	NA	14.705	14.585	14.993	NA	NA
A7E1W7	SIGLEC15	sialic acid binding Ig like lectin 15	Homo sapiens	10.945	NA	NA	NA	NA	NA	NA	NA	NA	NA	NA	NA	NA	NA	NA
B2RC12	GPR39	G protein-coupled receptor 39	Homo sapiens	NA	15.976	16.316	16.168	15.998	16.858	NA	17.277	16.313	15.816	15.835	16.536	16.518	16.59	16.575
B7Z786	CYP39A1	cytochrome P450 family 39 subfamily A member 1	Homo sapiens	NA	14.47	NA	13.511	13.964	NA	NA	14.818	NA	NA	13.81	14.58	14.083	NA	13.726
Q4G0F4	POLRMT	RNA polymerase mitochondrial	Homo sapiens	15.723	15.811	15.598	15.529	15.86	16.047	15.807	16.057	15.442	NA	15.88	16.145	15.935	15.674	16.076
A0A024RAC5	RCC2	regulator of chromosome condensation 2	Homo sapiens	17.633	17.39	17.726	17.273	17.418	18.238	17.421	18.07	17.624	17.572	18.075	17.921	17.626	18.469	17.897
B4DUL9	NFU1	NFU1 iron-sulfur cluster scaffold	Homo sapiens	16.333	16.375	NA	16.199	16.183	16.461	NA	16.693	16.158	16.475	16.707	16.539	15.962	16.333	15.817
Q69YU5	UQCC6	ubiquinol-cytochrome c reductase complex assembly factor 6	Homo sapiens	15.826	NA	15.256	14.985	NA	NA	NA	15.794	15.908	15.486	15.456	15.455	15.289	15.962	15.095
C0HLV8	MLDHR	mitochondrial lactate dehydrogenase regulator	Homo sapiens	16.602	16.607	16.595	16.211	16.562	NA	16.592	17.506	16.512	NA	16.023	17.017	16.717	16.261	16.008
Q6UY01	LRRC31	leucine rich repeat containing 31	Homo sapiens	21.335	20.003	20.715	20.251	20.698	21.016	21.304	21.11	20	19.867	21.007	21.107	20.898	NA	20.643
A6NI87	CBY3	chibby family member 3	Homo sapiens	16.625	17.023	16.36	16.733	16.611	16.378	16.876	17.26	15.704	16.348	16.78	NA	16.854	16.725	15.874
B4DIG0	CDC25B	cell division cycle 25B	Homo sapiens	16.638	17.043	17.25	16.606	16.952	17.098	16.437	17.477	NA	17.001	16.829	17.655	17.056	17.272	16.915
A0AAG2TI18	USP17L26	ubiquitin specific peptidase 17 like family member 26	Homo sapiens	15.843	14.936	15.692	14.371	15.291	NA	15.338	15.312	15.313	14.518	15.31	15.362	15.395	14.755	14.996
Q75KY0	TFEC	transcription factor EC	Homo sapiens	NA	13.277	NA	NA	13.276	NA	12.279	NA	NA	NA	NA	12.781	NA	NA	NA
O00523	FCGR2C	Fc gamma receptor IIc (gene/pseudogene)	Homo sapiens	13.727	14.197	NA	13.563	14.779	NA	NA	NA	NA	NA	NA	14.401	NA	NA	NA
A0A7R8C382	IFNA5	interferon alpha 5	Homo sapiens	NA	NA	15.234	14.805	15.162	15.016	14.557	15.073	15.419	NA	14.906	15.671	15.25	14.947	15.096
B2RB29	ACBD3	acyl-CoA binding domain containing 3	Homo sapiens	NA	NA	NA	NA	13.241	14.583	NA	14.052	NA	NA	14.263	14.169	13.716	13.867	NA
O00124	UBXN8	UBX domain protein 8	Homo sapiens	NA	12.863	13.373	NA	NA	NA	NA	NA	NA	13.175	NA	NA	NA	NA	NA
A0A0B4J1T3	RPAIN	RPA interacting protein	Homo sapiens	15.279	NA	15.098	15.05	15.705	15.27	NA	15.488	14.929	14.888	14.672	NA	NA	15.836	14.833
P10600	TGFB3	transforming growth factor beta 3	Homo sapiens	15.267	15.802	15.736	15.969	16.148	15.793	15.195	15.983	15.846	15.655	NA	15.303	15.266	15.872	14.982
O43306	ADCY6	adenylate cyclase 6	Homo sapiens	20.589	20.313	20.39	20.361	20.256	20.906	20.689	20.786	20.829	19.999	20.484	20.712	20.837	NA	20.701
B3KTD4	DIPK2A	divergent protein kinase domain 2A	Homo sapiens	16.336	16.256	16.265	15.969	16.185	15.832	15.415	16.667	NA	15.729	NA	NA	NA	NA	NA
A0A140VJM1	CRPPA	CDP-L-ribitol pyrophosphorylase A	Homo sapiens	17.985	17.578	17.982	17.268	17.415	17.292	18.007	18.36	17.057	17.336	17.883	17.681	17.833	17.609	17.558
A6NHP0	SHISAL1	shisa like 1	Homo sapiens	20.078	20.24	20.318	19.468	20.984	20.624	20.455	20.793	20.694	20.146	20.584	20.549	20.361	20.271	20.395
Q30KP8	DEFB136	defensin beta 136	Homo sapiens	17.722	17.286	17.739	17.036	17.08	17.38	17.428	18.145	17.605	17.246	17.184	17.76	NA	18.354	17.419
Q9H215	MAGEF1	MAGE family member F1	Homo sapiens	15.739	15.914	14.958	15.982	15.531	15.702	15.896	16.158	15.982	15.691	15.193	15.975	15.784	16.19	NA
A8MRS0	SYNE4	spectrin repeat containing nuclear envelope family member 4	Homo sapiens	NA	13.512	NA	13.595	NA	NA	NA	13.605	NA	13.125	14.109	NA	NA	NA	13.36
A1L4P5	JMY	junction mediating and regulatory protein, p53 cofactor	Homo sapiens	NA	NA	NA	NA	NA	NA	NA	NA	NA	NA	NA	13.282	NA	13.163	NA
A0A1B0GTN1	PPP4R3C	protein phosphatase 4 regulatory subunit 3C	Homo sapiens	NA	14.564	14.471	NA	15.045	14.623	14.648	16.001	14.712	14.607	14.616	15.186	15.517	15.326	14.179
Q5JVG2	ZNF484	zinc finger protein 484	Homo sapiens	NA	12.864	NA	NA	12.616	NA	NA	NA	NA	12.436	NA	NA	NA	13.248	NA
A0A0J9YW05	NPIPA8	nuclear pore complex interacting protein family member A8	Homo sapiens	16.162	16.054	NA	NA	16.379	16.504	16.394	16.737	16.053	15.63	16.058	16.106	16.323	NA	NA
A6NGE7	URAD	ureidoimidazoline (2-oxo-4-hydroxy-4-carboxy-5-) decarboxylase	Homo sapiens	18.426	17.931	18.334	NA	NA	18.174	17.944	18.98	17.496	17.78	17.707	18.228	17.979	18.275	18.138
G5E9B8	ZNF180	zinc finger protein 180	Homo sapiens	14.451	14.673	NA	NA	14.517	NA	NA	14.583	14.662	NA	NA	14.857	14.407	14.803	14.294
B2RE76	CHMP2B	charged multivesicular body protein 2B	Homo sapiens	13.391	NA	13.718	NA	13.062	NA	NA	13.989	NA	12.706	13.435	13.339	NA	NA	NA
B4DZ75	LOC128966590	uncharacterized LOC128966590	Homo sapiens	18.692	17.096	17.978	16.961	17.756	17.895	18.028	18.591	18.074	17.113	18.149	17.95	17.458	17.504	17.957
A0A0C4DGG1	PACSIN3	protein kinase C and casein kinase substrate in neurons 3	Homo sapiens	18.717	18.272	18.725	18.098	18.122	18.188	18.729	18.575	18.593	18.791	18.619	18.863	18.123	18.785	18.52
A8K4W0	RPS3A	ribosomal protein S3A	Homo sapiens	15.118	15.725	NA	15.911	NA	16.023	15.701	15.848	15.726	15.681	15.576	15.497	16.098	15.585	15.192
Q05AG8	ZNF497	zinc finger protein 497	Homo sapiens	NA	16.371	16.753	15.936	16.521	16.472	16.248	16.651	NA	16.135	16.577	16.332	16.635	16.978	NA
Q17S07	SLC2A13	solute carrier family 2 member 13	Homo sapiens	15.22	NA	14.702	NA	14.819	NA	NA	NA	NA	NA	14.748	15.004	NA	15.269	14.825
Q8NEG4	FAM83F	family with sequence similarity 83 member F	Homo sapiens	17.055	16.798	16.592	16.505	16.758	16.894	16.509	17.511	16.582	16.282	17.118	16.942	17.137	16.833	16.159
A0A126GVG1	OR4S2	olfactory receptor family 4 subfamily S member 2	Homo sapiens	15.411	15.465	15.225	14.823	15.437	15.395	15.388	16.442	15.35	NA	NA	15.639	NA	NA	15.025
A0A994J3W0	NAP1L4	nucleosome assembly protein 1 like 4	Homo sapiens	15.85	16.186	16.165	15.678	15.588	16.649	16.429	16.424	15.931	16.512	15.992	NA	16.509	16.632	16.044
Q96CY4	NTRK3	neurotrophic receptor tyrosine kinase 3	Homo sapiens	NA	NA	NA	13.236	NA	NA	13.511	NA	13.388	13.411	NA	NA	13.363	NA	NA
A0A3B3IRM5	GSTM5	glutathione S-transferase mu 5	Homo sapiens	15.599	15.495	NA	15.596	NA	NA	15.079	16.528	15.51	15.854	15.792	15.859	16.019	15.737	15.589
Q9H6K4	OPA3	outer mitochondrial membrane lipid metabolism regulator OPA3	Homo sapiens	NA	15.385	15.67	15.218	16.019	15.709	15.77	15.819	15.475	15.669	16.128	16.173	15.53	15.957	15.728
B1AL14	LZTS2	leucine zipper tumor suppressor 2	Homo sapiens	17.652	17.044	17.084	16.8	17.364	16.707	16.756	17.629	NA	16.831	16.809	17.144	16.932	17.514	17.169
A0A7P0T820	ZBTB47	zinc finger and BTB domain containing 47	Homo sapiens	NA	14.438	14.278	14.264	14.374	NA	NA	NA	NA	NA	NA	15.542	15.627	15.273	15.629
P43146	DCC	DCC netrin 1 receptor	Homo sapiens	NA	NA	12.129	NA	NA	NA	NA	NA	NA	NA	11.809	11.91	NA	NA	11.503
B7Z831	GPRC5B	G protein-coupled receptor class C group 5 member B	Homo sapiens	19.012	18.571	18.789	18.242	18.159	18.736	18.578	19.285	18.218	18.131	18.552	NA	19.346	18.308	17.893
B1AM47	LATS2	large tumor suppressor kinase 2	Homo sapiens	18.8	NA	18.457	17.943	18.125	18.398	NA	18.704	18.178	18.815	18.471	18.568	18.852	18.729	18.889
A0PJ95	USP1	ubiquitin specific peptidase 1	Homo sapiens	18.706	18.477	18.581	18.126	18.809	18.452	18.642	18.406	18.442	18.322	18.374	18.872	18.713	18.481	18.355
A0A384NYS3	DDX25	DEAD-box helicase 25	Homo sapiens	15.33	15.723	NA	14.749	NA	15.72	15.17	15.653	14.94	14.602	15.201	15.591	15.192	15.158	14.895
P05423	POLR3D	RNA polymerase III subunit D	Homo sapiens	15.941	15.71	15.902	15.495	15.974	16.494	15.578	NA	15.746	15.78	15.236	16.345	15.532	16.338	16.172
A8K5D9	ANLN	anillin, actin binding protein	Homo sapiens	15.624	15.27	15.193	15.055	15.892	15.403	15.147	15.99	15.483	NA	15.358	NA	15.735	16.016	15.931
A3KBM1	LPCAT2	lysophosphatidylcholine acyltransferase 2	Homo sapiens	15.878	15.195	NA	15.531	15.773	15.47	15.572	NA	15.566	14.925	15.661	15.652	15.45	15.673	15.747
Q53TL3	FSIP2	fibrous sheath interacting protein 2	Homo sapiens	15.481	16.049	16.211	15.492	NA	NA	NA	14.284	NA	NA	16.634	16.632	16.535	16.476	16.059
D6W4Y6	RNF144A	ring finger protein 144A	Homo sapiens	16.269	15.806	15.752	15.349	16.093	16.276	16.236	16.042	16.066	15.925	15.747	16.689	15.965	15.854	16.242
B2R4C5	LYZ	lysozyme	Homo sapiens	16.829	16.73	NA	16.357	16.559	17.18	16.504	17.522	16.663	16.158	17.025	16.786	17.049	16.743	16.079
O60329	NCKAP1	NCK associated protein 1	Homo sapiens	16.911	17.017	17.071	16.973	17.294	17.062	17.29	17.408	16.88	17.057	17.139	17.455	17.049	17.326	17.374
Q96PT4	LOC124908437	putative double homeobox protein 3	Homo sapiens	15.736	15.768	NA	NA	NA	16.406	15.618	16.62	NA	15.998	16.904	16.96	16.978	16.601	16.294
B3KMQ9	PARM1	prostate androgen-regulated mucin-like protein 1	Homo sapiens	17.274	17.668	16.697	17.297	18.01	16.751	17.353	17.959	NA	17.142	19.872	20.595	19.972	19.73	20.118
Q9H6J7	CSTPP1	centriolar satellite-associated tubulin polyglutamylase complex regulator 1	Homo sapiens	13.95	13.941	NA	13.842	NA	14.243	14.195	NA	14.045	13.282	14.534	14.677	NA	NA	13.986
A8KAL3	ARHGAP6	Rho GTPase activating protein 6	Homo sapiens	NA	14.899	14.714	14.935	14.6	NA	14.237	NA	14.201	NA	14.495	14.936	NA	NA	14.003
B2RMV8	UTS2R	urotensin 2 receptor	Homo sapiens	17.63	17.042	17.108	17.29	17.072	16.329	16.809	NA	16.633	16.483	17.719	17.331	17.386	17.297	NA
O15263	DEFB4B	defensin beta 4B	Homo sapiens	15.576	15.6	15.84	15.723	15.988	15.507	15.49	NA	16.067	NA	16.11	16.226	NA	16.074	14.996
C9JJE7	MUC20	mucin 20, cell surface associated	Homo sapiens	14.54	14.252	14.562	14.924	NA	14.681	14.335	15.44	15.2	NA	14.476	14.868	15.192	14.409	NA
A0A7I2RW32	FGFR3	fibroblast growth factor receptor 3	Homo sapiens	13.549	14.12	13.988	NA	NA	NA	13.358	14.488	13.627	NA	NA	14.438	13.724	NA	13.851
D6RAJ6	FBXO4	F-box protein 4	Homo sapiens	15.564	NA	15.505	15.16	15.485	14.122	NA	NA	NA	14.217	16.747	17.381	16.773	17.371	16.808
Q32MK0	MYLK3	myosin light chain kinase 3	Homo sapiens	NA	NA	NA	NA	NA	NA	12.363	NA	NA	NA	11.849	NA	NA	NA	NA
A0A0S2Z4F1	EFEMP1	EGF containing fibulin extracellular matrix protein 1	Homo sapiens	NA	17.394	17.062	16.616	17.506	17.42	17.542	17.705	17.241	17.345	16.969	17.165	17.93	17.521	17.049
O43468	GSTA3	glutathione S-transferase alpha 3	Homo sapiens	17.644	17.627	17.131	17.039	17.151	17.168	16.686	18.398	17.217	17.244	16.856	17.198	17.504	17.513	17.164
A0A2R4SEG2	GJB2	gap junction protein beta 2	Homo sapiens	NA	NA	15.839	15.299	15.54	15.837	NA	16.557	16.345	15.915	15.925	16.151	16.268	15.752	15.035
O14646	CHD1	chromodomain helicase DNA binding protein 1	Homo sapiens	NA	NA	NA	NA	12.997	12.961	NA	12.941	12.84	NA	NA	NA	12.63	NA	NA
E1P503	HTR1E	5-hydroxytryptamine receptor 1E	Homo sapiens	14.071	14.002	NA	13.603	13.698	NA	NA	14.714	13.617	NA	NA	14.391	13.726	NA	13.779
P13472	TMSB10	thymosin beta 10	Homo sapiens	15.28	15.053	15.457	14.414	14.973	14.77	14.619	15.303	14.428	NA	14.877	14.612	14.877	NA	14.454
Q08AT0	SGCZ	sarcoglycan zeta	Homo sapiens	17.609	17.655	17.968	17.794	17.862	NA	14.629	15.13	14.646	NA	17.341	17.801	NA	17.659	17.595
Q9BV57	ADI1	acireductone dioxygenase 1	Homo sapiens	16.581	16.707	16.777	16.449	16.369	16.496	16.449	16.808	16.538	16.107	15.596	NA	16.48	16.797	15.978
O43523	FOXO1	forkhead box O1	Homo sapiens	19.133	18.23	18.924	18.474	19.377	19.366	18.381	18.834	19.002	18.272	18.924	19.116	18.638	18.383	19.179
A8KAD5	OSBPL5	oxysterol binding protein like 5	Homo sapiens	17.776	17.739	17.325	16.937	17.615	17.761	17.448	17.963	17.052	17.341	17.342	17.658	NA	17.334	17.101
F6WQW2	RANBP1	RAN binding protein 1	Homo sapiens	14.711	14.572	14.318	14.364	NA	14.372	14.551	14.719	13.733	13.829	14.305	NA	14.34	NA	NA
F5H1U9	MPDZ	multiple PDZ domain crumbs cell polarity complex component	Homo sapiens	NA	NA	14.138	14.234	13.728	NA	13.977	15.108	NA	14.157	NA	14.487	NA	14.751	NA
A8K5E7	RTL10	retrotransposon Gag like 10	Homo sapiens	16.198	16.677	16.775	15.501	16.337	16.185	15.942	17.325	15.236	NA	15.955	16.521	16.512	16.436	16.305
A8K9B9	EHD4	EH domain containing 4	Homo sapiens	NA	15.8	15.256	15.219	15.451	15.806	15.448	16.218	15.37	15.286	15.591	NA	15.558	15.503	15.769
Q540R4	LOC124905627	testis-specific Y-encoded protein 4-like	Homo sapiens	15.059	15.467	NA	14.505	15.235	NA	15.713	15.943	15.162	15.52	12.56	NA	NA	13.842	NA
B2RDZ2	RFK	riboflavin kinase	Homo sapiens	NA	NA	13.627	NA	13.856	14.492	NA	NA	NA	NA	NA	NA	13.465	14.021	13.747
Q53RD9	FBLN7	fibulin 7	Homo sapiens	16.374	16.11	16.007	15.474	16.502	15.986	15.902	16.531	15.805	15.849	16.108	16.139	NA	16.088	15.851
Q6GSC1	EXTL1	exostosin like glycosyltransferase 1	Homo sapiens	16.406	15.611	15.549	15.459	15.432	15.717	15.607	16.343	15.132	NA	NA	NA	15.344	15.581	14.924
A6NDN2	FAM3C	FAM3 metabolism regulating signaling molecule C	Homo sapiens	13.937	13.821	13.764	13.536	NA	NA	NA	14	13.13	NA	NA	14.162	NA	NA	13.518
Q8IWZ3	ANKHD1	ankyrin repeat and KH domain containing 1	Homo sapiens	16.392	16.282	16.458	15.962	16.778	16.684	16.435	17.112	16.509	16.747	16.521	16.582	16.556	16.956	16.177
A8MSH6	BHLHA9	basic helix-loop-helix family member a9	Homo sapiens	17.093	17.201	17.228	16.163	17.181	17.097	16.898	17.126	16.589	16.706	15.969	16.893	16.597	16.996	NA
A8K8N6	ZBTB6	zinc finger and BTB domain containing 6	Homo sapiens	NA	16.055	15.954	15.983	15.989	NA	15.999	16.368	15.852	15.398	NA	16.466	16.322	15.914	15.62
Q5UBZ2	SH2D2A	SH2 domain containing 2A	Homo sapiens	15.873	15.774	15.611	15.937	15.717	15.861	15.902	16.51	15.787	16.174	15.991	16.213	15.837	NA	15.924
Q53SW3	DPYSL5	dihydropyrimidinase like 5	Homo sapiens	12.542	NA	NA	NA	NA	12.526	NA	NA	NA	NA	NA	12.836	NA	NA	NA
A0A499FJN1	MKNK1	MAPK interacting serine/threonine kinase 1	Homo sapiens	21.055	20.402	20.532	20.111	20.35	20.573	20.333	20.687	19.867	20.201	20.133	20.796	21.155	20.492	20.433
Q8IX30	SCUBE3	signal peptide, CUB domain and EGF like domain containing 3	Homo sapiens	16.557	16.947	NA	16.2	16.276	16.64	16.35	17.282	16.387	16.174	16.318	16.719	16.639	16.358	15.754
A8K9Q6	DUOXA1	dual oxidase maturation factor 1	Homo sapiens	16.169	16.221	NA	16.5	16.231	16.922	16.077	16.778	16.311	15.851	16.51	16.463	16.589	16.324	16.138
B3KX75	CHL1	cell adhesion molecule L1 like	Homo sapiens	16.417	16.742	15.931	15.54	15.676	16.038	16.285	16.657	16.144	15.689	15.942	16.299	15.935	16.381	16.037
A8K9L8	TMOD2	tropomodulin 2	Homo sapiens	16.328	16.096	NA	NA	15.858	15.869	15.824	16.496	15.378	15.567	15.598	15.884	15.906	15.526	15.75
A0A024R5Z7	ANXA2	annexin A2	Homo sapiens	18.437	18.387	18.546	18.048	17.932	18.291	18.976	18.796	18.507	18.739	18.686	19.274	18.957	18.682	18.505
D3DVH2	ACTR1B	actin related protein 1B	Homo sapiens	17.104	16.889	16.816	16.377	17.612	16.425	16.275	17.231	16.992	NA	16.97	17.568	16.262	16.8	16.728
B2RBU1	SF3A2	splicing factor 3a subunit 2	Homo sapiens	NA	NA	12.689	NA	12.989	12.799	NA	NA	NA	NA	12.842	NA	NA	NA	NA
A8KA68	MBTPS2	membrane bound transcription factor peptidase, site 2	Homo sapiens	16.798	16.612	16.481	16.06	16.605	17.155	16.326	17.177	16.776	16.293	16.394	16.73	16.741	16.474	15.955
A6H8X4	INO80	INO80 complex ATPase subunit	Homo sapiens	NA	NA	14.028	NA	14.45	14.401	14.289	NA	NA	13.799	14.281	14.343	14.366	NA	NA
A4GUK4	TARDBP	TAR DNA binding protein	Homo sapiens	16.5	17.013	16.528	16.756	15.998	16.379	16.257	17.185	17.02	16.509	16.905	16.779	16.523	16.632	16.434
A0A994J7A5	ZBTB11	zinc finger and BTB domain containing 11	Homo sapiens	NA	NA	14.559	NA	NA	NA	13.953	14.74	14.562	14.276	14.426	NA	13.838	14.877	NA
A6NC12	KLK10	kallikrein related peptidase 10	Homo sapiens	18.108	18.047	17.498	18.144	17.837	17.442	17.452	17.807	17.341	17.087	18.014	18.007	18.051	18.604	18.095
B2R4G7	NUTF2	nuclear transport factor 2	Homo sapiens	NA	15.331	15.235	NA	14.847	15.355	14.456	NA	14.851	14.999	14.286	15.353	15.133	15.23	15.005
O00634	NTN3	netrin 3	Homo sapiens	NA	NA	NA	NA	NA	NA	NA	NA	NA	NA	NA	NA	13.187	13.054	NA
Q8IXV7	KLHDC8B	kelch domain containing 8B	Homo sapiens	14.603	14.527	NA	14.433	NA	NA	NA	NA	NA	NA	14.203	NA	14.552	14.594	14.457
A6NG19	DIAPH2	diaphanous related formin 2	Homo sapiens	15.811	16.209	NA	15.535	15.732	14.84	NA	15.704	14.533	14.183	16.017	16.601	15.84	16.04	16.387
P47929	LGALS7	galectin 7	Homo sapiens	13.558	13.871	NA	NA	13.936	14.595	NA	14.615	13.794	13.611	NA	NA	13.445	NA	13.56
Q5JT79	RAB39B	RAB39B, member RAS oncogene family	Homo sapiens	19.037	18.77	18.428	18.662	18.642	19.087	18.702	19.125	18.335	18.514	19.318	19.002	18.813	18.96	18.762
Q9UK12	ZNF222	zinc finger protein 222	Homo sapiens	15.942	16.029	15.55	14.807	15.618	16.125	15.209	16.017	15.591	15.399	15.839	16.123	NA	16.016	15.179
B2RTU5	RESF1	retroelement silencing factor 1	Homo sapiens	16.087	15.765	16.256	15.465	16.373	16.438	NA	15.861	16.044	15.495	15.902	16.378	16.398	16.68	16.052
C9J7S5	ALG3	ALG3 alpha-1,3- mannosyltransferase	Homo sapiens	17.587	17.233	17.119	17.045	17.375	17.608	16.87	18.166	NA	17.117	17.419	17.567	17.693	NA	17.361
A6NG31	PLAAT4	phospholipase A and acyltransferase 4	Homo sapiens	16.987	17.376	16.903	17.001	17.256	17.159	17.148	17.925	16.904	17.096	17.295	17.915	17.123	17.726	16.629
A0AAG2UVR5	NUTM1	NUT midline carcinoma family member 1	Homo sapiens	16.482	16.483	NA	NA	16.711	16.757	16.284	17.518	16.237	16.755	16.532	16.673	16.649	16.367	15.961
B2RDZ0	CD27	CD27 molecule	Homo sapiens	16.07	15.441	15.699	15.833	15.625	16.127	16.282	17.082	15.181	NA	15.655	16.663	16.196	16.34	15.383
B4E205	SEC24A	SEC24 homolog A, COPII coat complex component	Homo sapiens	14.544	NA	14.637	14.137	14.804	16.461	16.519	17.178	16.692	16.028	16.247	16.614	16.032	16.386	16.06
B4DUQ9	MCM3	minichromosome maintenance complex component 3	Homo sapiens	16.263	16.224	15.941	16.065	15.824	16.685	15.947	16.394	16.082	NA	16.589	16.254	16.474	16.583	16.317
Q5TGZ0	MICOS10	mitochondrial contact site and cristae organizing system subunit 10	Homo sapiens	NA	14.055	13.89	NA	NA	NA	NA	14.495	NA	13.777	NA	14.763	14.291	NA	13.631
A4FU49	SH3D21	SH3 domain containing 21	Homo sapiens	NA	13.997	14.086	14.151	NA	14.419	NA	NA	14.219	NA	NA	14.642	14.217	13.728	13.978
Q540R4	TSPY1	testis specific protein Y-linked 1	Homo sapiens	14.967	NA	14.831	14.426	15.043	14.921	14.787	15.517	14.564	14.57	14.654	NA	14.745	15.238	14.952
B3KQD0	AKAP3	A-kinase anchoring protein 3	Homo sapiens	13.857	13.516	NA	NA	13.775	NA	13.945	13.343	NA	13.524	NA	13.683	NA	NA	NA
I3L4P5	ZNF66	zinc finger protein 66	Homo sapiens	17.598	NA	17.384	16.864	17.987	15.168	15.522	16.226	15.322	15.269	17.366	17.323	17.491	17.578	16.76
B2RDG8	CEP55	centrosomal protein 55	Homo sapiens	17.638	17.349	17.324	17.438	18.02	17.82	17.586	17.602	17.344	17.219	18.013	18.03	17.596	17.81	17.571
Q6ZSJ8	C1orf122	chromosome 1 open reading frame 122	Homo sapiens	NA	NA	NA	NA	13.634	NA	NA	NA	NA	NA	NA	NA	NA	13.444	NA
Q9H8Y1	VRTN	vertebrae development associated	Homo sapiens	16.151	15.985	16.276	15.605	16.069	16.123	16.111	16.851	15.628	15.718	16.157	15.917	15.813	16.686	15.773
J3QRA1	CX3CL1	C-X3-C motif chemokine ligand 1	Homo sapiens	15.265	15.574	15.979	14.598	15.134	15.662	15.391	15.179	14.982	14.809	15.668	NA	15.74	15.395	NA
A2RU68	SAMD9	sterile alpha motif domain containing 9	Homo sapiens	NA	16.38	16.248	16.119	16.558	NA	15.803	16.979	16.511	15.582	15.909	16.636	16.667	16.232	15.817
A6NK34	LOC128966630	putative exonuclease GOR	Homo sapiens	14.762	14.7	NA	NA	14.946	NA	NA	15.34	14.597	NA	14.64	14.568	14.794	14.839	14.643
Q96DJ9	LOC124903173	uncharacterized LOC124903173	Homo sapiens	14.632	NA	13.893	14.485	14.323	NA	13.93	14.746	14.349	NA	NA	NA	14.483	NA	14.068
A0AAG2UXC4	LOC124906760	putative protein FAM90A13P	Homo sapiens	17.32	17.191	16.943	16.705	16.96	17.874	16.647	17.653	17.386	16.907	16.573	16.957	17.209	17.334	17.313
B5MDQ0	ERCC6L	ERCC excision repair 6 like, spindle assembly checkpoint helicase	Homo sapiens	17.061	17.312	17.238	16.262	17.087	16.94	17.607	17.794	16.469	16.733	16.991	17.018	16.728	17.16	16.293
Q9H0A0	NAT10	N-acetyltransferase 10	Homo sapiens	NA	NA	NA	NA	NA	NA	NA	NA	NA	NA	NA	NA	11.955	NA	NA
B4DKI4	RNF223	ring finger protein 223	Homo sapiens	15.898	15.851	16.055	NA	15.755	15.908	15.613	16.001	15.785	NA	15.588	16.306	16.395	16.067	NA
B3KMH0	SNX4	sorting nexin 4	Homo sapiens	15.082	14.471	NA	13.719	NA	15.006	14.673	NA	NA	15.033	14.295	14.878	14.453	14.496	14.426
Q9Y462	ZNF711	zinc finger protein 711	Homo sapiens	16.817	16.936	16.624	16.76	16.673	16.997	16.406	16.887	NA	16.556	13.447	NA	NA	14.308	NA
B4DEG3	CCDC159	coiled-coil domain containing 159	Homo sapiens	NA	NA	NA	10.596	NA	NA	NA	NA	NA	NA	NA	NA	NA	NA	NA
Q1L4F0	PKD2L1	polycystin 2 like 1, transient receptor potential cation channel	Homo sapiens	14.675	NA	14.669	NA	13.938	14.777	13.715	14.893	NA	NA	14.371	14.952	14.476	14.658	NA
A4D1H7	PON2	paraoxonase 2	Homo sapiens	17.873	16.98	17.917	17.08	18.089	18.416	17.658	18.171	17.671	17.826	17.523	17.518	17.634	18.345	17.254
A5PLQ4	APOL1	apolipoprotein L1	Homo sapiens	NA	15.279	15.313	14.847	15.405	15.296	15.128	16.219	14.925	15.442	15.222	15.964	15.99	16.075	15.156
P07498	CSN3	casein kappa	Homo sapiens	14.822	14.478	NA	NA	14.635	14.662	14.04	NA	NA	14.304	NA	14.97	15.225	14.644	NA
A0A8Q3WLL7	GINS1	GINS complex subunit 1	Homo sapiens	13.154	NA	NA	NA	NA	NA	NA	13.654	NA	NA	NA	NA	NA	NA	13.153
Q494T8	ZNF614	zinc finger protein 614	Homo sapiens	14.746	14.892	15.063	14.708	14.692	14.538	15.101	15.728	15.052	14.764	NA	NA	15.257	14.902	14.354
O75650	SPIN2A	spindlin family member 2A	Homo sapiens	17.078	16.99	17.213	17.114	16.909	16.996	16.953	17.47	16.838	16.899	17.365	17.393	NA	NA	16.574
Q8NCA9	ZNF784	zinc finger protein 784	Homo sapiens	14.443	NA	NA	14.002	NA	14.252	14.419	14.66	NA	13.688	14.37	NA	14.382	14.405	14.155
B2RP32	SPDYC	speedy/RINGO cell cycle regulator family member C	Homo sapiens	18.343	17.123	17.402	17.234	18.01	15.655	15.062	NA	15.171	14.896	NA	18.434	17.675	17.882	17.071
Q659A1	ICE2	interactor of little elongation complex ELL subunit 2	Homo sapiens	14.093	14.176	14.29	NA	13.892	12.417	NA	NA	NA	NA	16.115	16.804	16.382	16.352	16.012
Q5T467	TINAG	tubulointerstitial nephritis antigen	Homo sapiens	16.687	16.612	16.455	16.526	16.52	16.563	16.148	16.183	16.253	16.13	15.847	16.527	15.817	16.528	15.612
P02533	KRT14	keratin 14	Homo sapiens	16.482	16.96	16.24	16.781	16.635	16.912	NA	17.434	16.267	16.273	16.735	17.043	16.741	16.824	NA
A6NDP7	MYADML2	myeloid associated differentiation marker like 2	Homo sapiens	16.483	16.903	16.781	16.344	16.938	18.863	19.155	19.073	NA	18.694	17.116	16.884	16.99	16.94	17.008
B7ZGY0	DDX11L13	DEAD/H-box helicase 11 like 13	Homo sapiens	17.5	16.764	16.729	15.371	16.121	17.086	16.503	16.897	16.382	16.488	16.642	16.913	16.742	16.392	16.775
A0A024R694	ACTN1	actinin alpha 1	Homo sapiens	15.747	NA	14.647	14.292	15.011	NA	14.676	15.458	14.631	14.555	14.68	15.255	14.705	15.513	NA
B7Z3W2	ZMYND11	zinc finger MYND-type containing 11	Homo sapiens	15.411	15.086	15.001	14.989	15.546	15.028	NA	15.132	NA	14.985	15.287	15.288	15.104	15.425	15.17
J3QT87	CRBN	cereblon	Homo sapiens	13.995	13.593	13.936	NA	NA	16.159	NA	NA	15.936	16.31	14.367	NA	14.104	NA	14.129
B9EGD7	DDN	dendrin	Homo sapiens	19.978	19.856	NA	18.826	19.093	NA	19.213	19.033	18.531	18.718	19.185	19.455	20.262	20.725	NA
A0A126GVI1	OR5D13	olfactory receptor family 5 subfamily D member 13	Homo sapiens	17.484	16.698	NA	16.998	17.401	17.829	17.518	18.35	17.316	17.496	16.951	17.679	17.589	17.526	17.478
A0A804HJA3	GARIN1A	golgi associated RAB2 interactor 1A	Homo sapiens	14.819	14.912	14.645	14.98	15.052	15.586	14.856	15.057	14.4	NA	14.764	NA	14.576	15.542	NA
A0A2R8Y212	CHD4	chromodomain helicase DNA binding protein 4	Homo sapiens	NA	13.936	14.22	NA	14.347	14.72	NA	14.494	NA	13.299	NA	13.65	NA	NA	NA
A1L0U7	TSHZ3	teashirt zinc finger homeobox 3	Homo sapiens	19.185	NA	19.371	18.677	19.547	19.838	19.489	20.27	19.022	19.358	19.251	19.487	19.597	19.915	19.247
A6NGG8	PCARE	photoreceptor cilium actin regulator	Homo sapiens	14.394	NA	14.537	NA	14.421	NA	14.561	14.771	NA	14.114	14.002	14.553	14.182	14.172	13.981
A0AAQ5BH63	MYL3	myosin light chain 3	Homo sapiens	18.198	18.136	17.739	17.515	18.492	18.145	18.052	18.178	18.196	18.158	17.691	18.246	18.136	NA	17.639
Q96MP8	KCTD7	potassium channel tetramerization domain containing 7	Homo sapiens	14.112	NA	13.938	NA	NA	NA	NA	14.643	NA	13.708	NA	NA	14.172	14.338	13.831
P15515	HTN1	histatin 1	Homo sapiens	14.811	15.126	NA	14.125	15.174	14.573	14.294	15.615	14.59	14.725	14.941	NA	15.142	15.149	15.025
Q6Q8B3	CD200R1L	CD200 receptor 1 like	Homo sapiens	13.842	NA	NA	NA	13.413	13.719	13.922	14.19	13.996	NA	NA	NA	13.754	NA	NA
P51826	AFF3	ALF transcription elongation factor 3	Homo sapiens	17.395	16.661	16.722	16.578	16.961	17.448	16.821	17.171	16.759	16.667	17.176	17.176	16.898	17.273	17.056
A2A2I6	RSPO4	R-spondin 4	Homo sapiens	16.63	17.023	16.875	16.997	16.9	16.463	16.762	17.82	17.283	16.131	17.012	17.035	16.987	16.783	16.596
B7Z7U6	IQGAP2	IQ motif containing GTPase activating protein 2	Homo sapiens	21.514	21.779	21.043	20.797	21.149	20.624	20.816	21.884	20.906	20.831	20.765	21.109	21.807	20.816	21.155
A8K9F6	ZMAT5	zinc finger matrin-type 5	Homo sapiens	NA	12.811	NA	NA	12.959	13.177	NA	NA	13.06	NA	NA	13.505	NA	12.766	NA
Q7RTU6	GGN	gametogenetin	Homo sapiens	20.169	19.745	19.978	19.301	20.534	20.186	19.36	20.111	19.709	20.106	20	20.101	19.966	20.302	19.237
P0CV98	LOC128966595	testis-specific Y-encoded protein 3	Homo sapiens	16.486	16.661	16.838	15.994	16.737	16.237	16.41	16.931	16.796	16.133	16.748	16.544	17.296	16.701	16.788
A0A0I9N852	HLA-DQB1	major histocompatibility complex, class II, DQ beta 1	Homo sapiens	15.951	15.401	14.993	NA	NA	15.67	15.06	16.29	15.496	15.083	15.214	15.921	15.501	14.909	14.868
J3KQ06	TMEM45A	transmembrane protein 45A	Homo sapiens	15.365	15.115	NA	14.97	14.803	15.649	15.067	15.348	14.954	NA	14.919	15.988	NA	14.926	15.877
K7EJ20	GPX4	glutathione peroxidase 4	Homo sapiens	15.631	15.33	15.523	NA	14.747	NA	14.738	15.643	15.39	15.274	15.903	15.412	15.525	15.389	14.676
Q5T9G4	ARMC12	armadillo repeat containing 12	Homo sapiens	17.637	17.646	17.98	17.427	NA	NA	17.501	17.819	17.49	17.075	17.819	17.817	17.79	17.936	17.628
A0A1U9X7Y6	LY6G5C	lymphocyte antigen 6 family member G5C	Homo sapiens	16.952	16.891	17.223	16.538	NA	16.641	NA	17.483	16.917	16.876	NA	17.371	16.71	17.299	17.114
A8K2S4	MARK2	microtubule affinity regulating kinase 2	Homo sapiens	NA	NA	NA	NA	NA	NA	13.208	NA	12.998	NA	NA	NA	13.564	NA	13.269
B7Z1N4	VPS33B	VPS33B late endosome and lysosome associated	Homo sapiens	14.996	15.458	15.383	15.005	15.532	17.2	16.69	NA	16.957	16.688	15.326	15.346	15.186	15.379	NA
A0A8V8TNI3	NCSTN	nicastrin	Homo sapiens	15.769	14.954	15.24	15.328	15.567	15.404	15.345	15.966	15.361	14.91	15.423	15.883	15.45	15.628	15.521
A0A087X256	WASHC4	WASH complex subunit 4	Homo sapiens	15.998	NA	15.595	15.214	15.583	15.762	15.977	15.595	15.054	NA	15.321	16.237	NA	16.013	15.45
A8K9E1	HBS1L	HBS1 like translational GTPase	Homo sapiens	19.609	19.403	18.931	19.19	19.942	19.371	18.877	20.047	18.75	19.261	18.789	20.299	19.498	19.798	19.395
B4DHG8	KIF3A	kinesin family member 3A	Homo sapiens	14.749	14.148	14.824	13.954	NA	NA	NA	NA	NA	14.168	14.131	14.899	14.359	14.301	NA
A4D1Z9	CHST12	carbohydrate sulfotransferase 12	Homo sapiens	13.812	NA	NA	NA	NA	13.996	13.424	NA	NA	13.538	NA	14.672	13.863	NA	NA
Q5T8A7	PPP1R26	protein phosphatase 1 regulatory subunit 26	Homo sapiens	15.354	14.515	14.026	NA	14.578	13.714	13.027	14.14	13.326	NA	15.452	14.855	15.069	15.434	14.48
D3DV51	S100A3	S100 calcium binding protein A3	Homo sapiens	17.212	17.653	17.349	17.387	17.502	17.84	17.382	17.885	17.933	NA	17.91	18.024	17.411	17.605	17.432
B2RXF5	ZBTB42	zinc finger and BTB domain containing 42	Homo sapiens	16.126	NA	16.147	15.425	15.666	NA	NA	14.356	13.742	13.56	16.056	16.216	NA	16.409	16.483
A0A059RPU0	MT-ND1	NADH dehydrogenase subunit 1	Homo sapiens	14.898	14.43	14.947	NA	14.672	15.12	14.957	NA	NA	14.283	14.477	14.774	NA	14.615	NA
O75084	FZD7	frizzled class receptor 7	Homo sapiens	14.747	14.823	14.763	14.92	14.328	14.795	NA	NA	NA	14.539	14.689	15.629	15.195	14.817	14.843
B3KQD6	LRP3	LDL receptor related protein 3	Homo sapiens	19.352	NA	19.114	18.541	19.615	19.196	19.039	19.424	19.178	19.089	18.491	18.413	18.43	18.729	18.285
E7ER26	PRDM15	PR/SET domain 15	Homo sapiens	18.797	18.306	18.442	18.421	18.163	18.825	18.039	19.151	18.304	18.194	18.363	18.733	18.378	18.818	18.479
A0A0G2JRG2	STH	saitohin	Homo sapiens	16.593	16.22	16.144	15.714	16.671	17.044	16.554	16.79	16.3	16.471	15.934	17.235	16.401	16.801	NA
Q6UQ24	PLET1	placenta expressed transcript 1	Homo sapiens	17.978	17.334	NA	NA	17.53	17.409	17.252	18.035	18.092	17.116	18.137	19.545	18.226	17.762	18.021
A6NEF6	GH1	growth hormone 1	Homo sapiens	16.978	16.822	16.333	16.402	16.268	16.626	16.971	17.266	16.639	16.861	16.801	17.183	17.027	16.864	16.58
O15218	GPR182	G protein-coupled receptor 182	Homo sapiens	16.626	16.031	17.053	15.996	16.258	16.746	17.02	17.194	17.006	16.733	16.683	17.197	NA	16.823	15.925
A0A075B7C5	CCL5	C-C motif chemokine ligand 5	Homo sapiens	NA	15.937	15.629	NA	15.728	15.855	15.728	16.306	NA	16.015	15.987	16.574	16.056	16.122	NA
B2R9E8	PLEK	pleckstrin	Homo sapiens	15.751	16.151	15.6	NA	15.621	15.528	15.774	16.183	NA	15.957	15.774	NA	15.172	15.613	15.478
B4E256	WDR6	WD repeat domain 6	Homo sapiens	17.202	17.299	17.157	16.944	17.101	17.262	17.365	17.206	17.08	16.79	17.298	17.664	17.198	17.028	16.723
A0A804HJB7	TACO1	translational activator of cytochrome c oxidase I	Homo sapiens	16.817	15.665	16.393	15.817	16.185	NA	18.069	17.768	17.838	17.723	14.616	NA	14.957	NA	14.344
Q8N988	ZNF557	zinc finger protein 557	Homo sapiens	NA	12.572	NA	NA	NA	12.834	NA	NA	NA	12.219	NA	NA	12.186	NA	NA
A0A0S2Z493	NEUROD1	neuronal differentiation 1	Homo sapiens	18.354	17.946	18.466	17.824	18.518	17.531	18.04	18.986	18.159	17.247	18.184	17.916	17.906	18.719	18.164
O14524	NEMP1	nuclear envelope integral membrane protein 1	Homo sapiens	NA	NA	12.893	12.926	13.49	13.514	NA	NA	12.885	NA	NA	NA	NA	NA	13.141
B2RMW4	PRXL2C	peroxiredoxin like 2C	Homo sapiens	14.269	14.34	NA	13.946	14.404	14.768	NA	14.594	14.105	13.847	13.692	14.302	NA	14.108	14.415
Q6ZN54	DEF8	differentially expressed in FDCP 8 homolog	Homo sapiens	17.507	17.689	17.561	17.054	17.81	18.036	17.192	17.699	17.502	NA	17.397	17.525	17.598	17.953	17.661
A8MTT2	ANAPC11	anaphase promoting complex subunit 11	Homo sapiens	NA	18.12	17.719	17.207	17.731	17.847	16.98	18.601	17.35	17.231	17.807	17.864	17.773	17.761	17.474
A0A1W2PPH5	TAF11L13	TATA-box binding protein associated factor 11 like 13	Homo sapiens	16.581	NA	15.991	15.927	NA	16.975	16.469	16.672	16.516	16.819	16.154	16.002	16.939	15.881	16.894
A0A2X0SF83	ARHGAP21	Rho GTPase activating protein 21	Homo sapiens	18.094	17.521	17.345	17.921	17.95	17.673	17.757	18.267	16.957	17.343	18.275	NA	17.807	18.009	17.406
B7Z6B2	ARHGEF3	Rho guanine nucleotide exchange factor 3	Homo sapiens	15.859	15.425	NA	15.179	15.937	15.641	15.316	15.906	15.131	15.391	15.504	15.914	15.155	15.219	15.084
A6NM28	ZFP92	ZFP92 zinc finger protein	Homo sapiens	17.051	16.498	16.364	16.273	16.718	16.867	16.604	17.382	16.4	16.632	16.477	17.064	16.6	16.745	16.772
A8K7U0	CHMP6	charged multivesicular body protein 6	Homo sapiens	NA	NA	NA	NA	NA	13.586	NA	14.487	14.161	NA	14.246	NA	NA	NA	13.529
A0A654IBS8	GJB4	gap junction protein beta 4	Homo sapiens	14.927	14.682	14.496	14.596	15.046	NA	NA	15.119	14.215	14.805	17.587	17.643	16.447	16.833	16.341
B1AJR9	PTPRT	protein tyrosine phosphatase receptor type T	Homo sapiens	15.26	NA	15.688	15.804	15.328	NA	15.922	15.685	15.076	NA	15.795	15.755	NA	15.592	15.334
A4D192	HOXA6	homeobox A6	Homo sapiens	14.782	NA	NA	13.913	14.752	15.472	14.444	NA	14.976	14.429	NA	NA	15.502	15.177	14.924
A4FU32	GGT7	gamma-glutamyltransferase 7	Homo sapiens	14.095	NA	13.638	13.507	13.899	13.932	NA	13.893	NA	14.026	13.927	14.052	NA	14.35	13.778
O00669	GRIN2A	glutamate ionotropic receptor NMDA type subunit 2A	Homo sapiens	15.213	15.667	15.642	14.65	15.561	14.916	NA	15.887	15.674	15.182	14.986	15.47	15.461	15.297	15.373
Q9BRR9	ARHGAP9	Rho GTPase activating protein 9	Homo sapiens	NA	NA	NA	NA	NA	NA	NA	11.733	NA	NA	NA	NA	NA	NA	11.918
A0A0A7E7X3	ERAP1	endoplasmic reticulum aminopeptidase 1	Homo sapiens	NA	NA	14.235	NA	NA	NA	NA	14.617	NA	NA	14.118	14.556	13.873	NA	13.168
B2RCJ9	ABTB1	ankyrin repeat and BTB domain containing 1	Homo sapiens	13.954	13.345	NA	NA	13.328	NA	13.875	NA	13.432	NA	13.337	13.515	NA	NA	NA
E1P5H0	MYT1	myelin transcription factor 1	Homo sapiens	NA	15.637	15.471	NA	15.561	NA	15.335	15.865	15.446	15.438	15.762	15.956	16.006	15.895	15.361
Q9HBU9	POPDC2	popeye domain cAMP effector 2	Homo sapiens	NA	14.48	14.561	NA	NA	14.167	NA	15.497	14.874	14.176	NA	15.13	NA	NA	14.882
B2RDF4	BHMT2	betaine--homocysteine S-methyltransferase 2	Homo sapiens	15.527	15.317	15.727	15.509	15.614	15.181	15.146	15.831	15.202	14.962	15.284	NA	15.35	15.505	NA
Q6NZ63	STEAP1B	STEAP family member 1B	Homo sapiens	16.895	16.838	16.573	16.284	16.458	17.141	16.59	17.408	16.432	16.445	16.652	17.025	16.577	17.392	16.777
Q8N4B5	PRR18	proline rich 18	Homo sapiens	NA	14.793	15.398	NA	15.137	NA	NA	NA	NA	NA	NA	NA	NA	12.183	NA
A4D158	NPY	neuropeptide Y	Homo sapiens	NA	15.088	15.172	15.595	NA	15.783	NA	15.75	15.148	NA	15.05	15.877	NA	NA	15.171
Q8TCI5	CIMAP3	ciliary microtubule associated protein 3	Homo sapiens	18.053	18.398	17.534	17.962	17.523	19.063	19.081	19.403	18.576	19.042	17.785	18.605	18.101	18.305	17.844
B2R5X9	IFIT5	interferon induced protein with tetratricopeptide repeats 5	Homo sapiens	16.808	16.213	16.799	16.644	16.966	14.991	14.993	15.008	14.142	14.947	18.837	18.11	17.991	18.736	18.234
A6NJK6	ANAPC13	anaphase promoting complex subunit 13	Homo sapiens	16.511	16.326	16.867	16.574	17.077	17.183	16.665	17.154	16.35	16.777	16.842	17.542	16.84	16.465	16.191
A0A384MDM4	FBN1	fibrillin 1	Homo sapiens	NA	19.314	19.68	19.149	19.961	NA	19.827	20.017	19.481	19.468	19.878	19.72	19.776	20.064	19.724
Q7RTV0	PHF5A	PHD finger protein 5A	Homo sapiens	14.605	14.22	NA	13.863	14.833	14.788	13.706	14.63	NA	14.149	14.493	NA	NA	14.499	14.939
B3KVK3	FOXD4L1	forkhead box D4 like 1	Homo sapiens	14.616	14.197	NA	13.473	13.818	14.27	NA	14.406	NA	13.35	NA	13.688	NA	13.943	13.847
A0A3B3IS06	TCOF1	treacle ribosome biogenesis factor 1	Homo sapiens	14.314	13.676	14.21	NA	13.825	16.084	15.571	15.824	NA	NA	16.952	16.904	16.747	17.106	16.207
B3KNV8	GALNT18	polypeptide N-acetylgalactosaminyltransferase 18	Homo sapiens	NA	15.062	15.367	14.92	NA	NA	14.869	15.413	NA	14.52	14.739	15.212	NA	15.421	14.666
A0A097PIJ9	CRYBA1	crystallin beta A1	Homo sapiens	18.946	19.565	19.18	18.334	19.004	18.996	18.361	19.187	18.702	18.927	18.916	18.82	18.972	19.467	19.128
A0AAG2UWD2	CT47A7	cancer/testis antigen family 47 member A7	Homo sapiens	17.92	17.093	17.6	17.08	17.22	17.191	17.705	17.793	17.375	17.061	17.922	17.715	17.126	17.657	17.434
E9PB61	ALYREF	Aly/REF export factor	Homo sapiens	14.535	14.165	14.306	NA	14.869	NA	NA	15.059	14.442	13.994	NA	NA	14.765	14.822	NA
A0AAG2TI18	LOC128966617	ubiquitin carboxyl-terminal hydrolase 17-like protein 22	Homo sapiens	16.614	16.234	16.725	NA	16.276	NA	16.116	16.905	15.995	16.344	NA	16.647	16.224	16.164	15.857
A6NP61	ZAR1L	zygote arrest 1 like	Homo sapiens	15.093	14.889	NA	NA	14.818	NA	NA	15.504	NA	14.754	15.388	15.279	14.5	14.923	15.071
Q59G45	CELF3	CUGBP Elav-like family member 3	Homo sapiens	17.286	NA	17.608	NA	17.45	17.593	17.369	17.62	17.345	17.074	17.764	17.853	17.145	17.555	16.87
Q1W6G4	LUC7L	LUC7 like	Homo sapiens	NA	NA	NA	NA	NA	NA	NA	13.36	NA	NA	NA	NA	NA	NA	NA
B4DG20	LRRC37A3	leucine rich repeat containing 37 member A3	Homo sapiens	15.909	15.503	15.067	15.194	14.696	15.064	15.647	15.829	15.275	15.018	14.569	16.089	NA	15.436	15.371
B4DWR3	VBP1	VHL binding protein 1	Homo sapiens	NA	NA	NA	NA	NA	NA	NA	NA	11.786	NA	NA	NA	NA	NA	NA
A0A0C4DFM2	ZNF574	zinc finger protein 574	Homo sapiens	NA	NA	NA	NA	NA	NA	NA	13.068	NA	NA	12.736	NA	12.704	NA	NA
A0A7P0T9G6	TUBG1	tubulin gamma 1	Homo sapiens	NA	NA	NA	NA	NA	15.046	NA	15.654	NA	NA	16.05	15.99	15.318	15.549	15.309
A8K3W1	ERCC8	ERCC excision repair 8, CSA ubiquitin ligase complex subunit	Homo sapiens	NA	15.469	15.582	15	16.021	15.397	15.41	15.933	15.314	NA	15.404	NA	15.518	15.85	15.658
Q0II16	TGM5	transglutaminase 5	Homo sapiens	15.284	14.846	14.904	NA	15.446	15.141	NA	15.756	14.631	15.159	NA	NA	15.674	15.558	NA
P31947	SFN	stratifin	Homo sapiens	13.562	NA	13.679	NA	NA	13.66	13.468	NA	13.271	13.7	NA	NA	NA	NA	13.41
B3KUD4	RNASEH1	ribonuclease H1	Homo sapiens	18.203	18.134	18.03	17.257	18.163	18.365	17.354	18.574	17.52	17.489	18.086	18.053	NA	NA	17.527
B4DJL3	MED18	mediator complex subunit 18	Homo sapiens	11.933	NA	NA	NA	NA	NA	NA	11.507	NA	NA	NA	NA	NA	NA	NA
A8K0W1	PCDH11Y	protocadherin 11 Y-linked	Homo sapiens	14.075	NA	NA	NA	NA	14.598	14.318	14.138	14.146	NA	14.807	NA	NA	14.748	NA
Q53GL5	IDH2	isocitrate dehydrogenase (NADP(+)) 2	Homo sapiens	17.166	16.668	16.675	16.454	17.173	16.952	16.444	17.104	17.073	17.344	16.96	17.251	17.139	17.085	16.887
Q6ZVT9	LRRC43	leucine rich repeat containing 43	Homo sapiens	20.352	20.123	20.26	20.225	20.653	20.387	20.206	21.005	20.293	19.999	18.278	17.715	18.101	18.188	17.66
Q8TB52	FBXO30	F-box protein 30	Homo sapiens	15.535	15.566	15.788	15.29	14.895	15.622	14.843	NA	15.339	15.353	17.634	18.355	18.099	18.081	17.932
Q6ZMT9	DTHD1	death domain containing 1	Homo sapiens	12.208	NA	NA	NA	NA	NA	12.765	NA	NA	NA	NA	NA	NA	11.921	NA
E7EQN8	TXK	TXK tyrosine kinase	Homo sapiens	NA	12.82	NA	NA	13.003	13.25	NA	13.35	NA	NA	NA	NA	NA	NA	NA
A0A590UJR5	DLG1	discs large MAGUK scaffold protein 1	Homo sapiens	16.879	16.716	16.471	16.044	16.589	16.466	16.024	17.002	16.034	16.063	16.978	17.063	16.331	16.757	16.288
A0A0S2Z3H3	SLC25A4	solute carrier family 25 member 4	Homo sapiens	17.273	16.603	17.244	16.49	17.156	16.924	17.134	17.188	16.906	16.644	17.302	16.907	17.677	17.013	16.834
O75394	MRPL33	mitochondrial ribosomal protein L33	Homo sapiens	13.533	13.807	NA	NA	13.765	NA	13.647	NA	NA	13.378	NA	NA	NA	14.491	13.681
A9Z1W6	SCAMP3	secretory carrier membrane protein 3	Homo sapiens	NA	NA	NA	NA	NA	13.849	NA	13.99	NA	13.373	NA	NA	13.08	13.715	13.55
B4DY16	RANGAP1	Ran GTPase activating protein 1	Homo sapiens	16.032	15.304	15.72	14.92	15.866	16.058	15.258	16.292	NA	15.191	15.663	16.039	15.251	16.086	NA
A2RUK3	CLEC6A	C-type lectin domain containing 6A	Homo sapiens	NA	15.07	14.979	NA	15.363	14.885	14.966	15.345	15.117	15.431	15.599	15.627	15.323	15.258	NA
A0MNP1	WDR53	WD repeat domain 53	Homo sapiens	16.794	NA	16.876	15.748	NA	16.463	16.802	17.239	16.146	16.61	16.647	17.158	17.195	17.228	15.719
F8VS00	TMEM117	transmembrane protein 117	Homo sapiens	15.91	15.466	15.185	14.86	NA	15.066	NA	15.504	NA	15.283	15.071	15.596	15.197	NA	NA
A6NGN4	PRAMEF25	PRAME family member 25	Homo sapiens	15.117	NA	14.361	14.674	14.544	NA	NA	14.88	15.246	NA	14.814	15.172	14.63	14.482	13.839
P61570	LOC124902738	endogenous retrovirus group K member 25 Env polyprotein	Homo sapiens	14.339	NA	14.5	14.013	NA	NA	14.421	NA	13.843	NA	14.473	NA	14.586	14.865	NA
O60486	PLXNC1	plexin C1	Homo sapiens	NA	16.47	16.621	15.681	16.172	16.853	15.679	17.012	16.002	16.123	NA	17.129	16.552	17.092	16.074
B2RPA3	KRTAP10-12	keratin associated protein 10-12	Homo sapiens	16.285	15.991	16.162	16.328	16.998	16.523	15.707	16.339	15.836	16.433	NA	16.237	16.666	17.015	16.421
B2RAQ6	KCNK5	potassium two pore domain channel subfamily K member 5	Homo sapiens	NA	NA	NA	13.555	13.868	14.431	13.508	14.031	13.89	NA	14.181	NA	NA	NA	14.073
A6H8W6	SIPA1L1	signal induced proliferation associated 1 like 1	Homo sapiens	NA	NA	NA	NA	12.675	NA	NA	NA	NA	NA	NA	NA	NA	NA	NA
E7ENB3	MPI	mannose phosphate isomerase	Homo sapiens	17.177	17.147	16.973	16.644	17.267	17.037	NA	17.225	16.412	16.816	17.405	17.479	17.184	16.82	17.006
Q9UQ10	DHDH	dihydrodiol dehydrogenase	Homo sapiens	NA	NA	NA	12.732	NA	NA	13.288	NA	NA	NA	NA	13.248	NA	13.232	12.661
Q9H867	VCPKMT	valosin containing protein lysine methyltransferase	Homo sapiens	16.524	16.356	16.532	16.001	16.104	16.176	16.083	17.113	16.178	NA	16.142	16.258	16.144	16.498	NA
Q13515	BFSP2	beaded filament structural protein 2	Homo sapiens	17.66	17.588	16.821	16.547	17.462	17.399	17.28	18.336	17.319	17.669	17.433	18.144	17.491	17.54	NA
Q9BY44	EIF2A	eukaryotic translation initiation factor 2A	Homo sapiens	13.772	14.141	13.578	13.817	13.781	NA	NA	14.331	13.751	13.98	NA	13.641	NA	NA	NA
B9EH95	ARVCF	ARVCF delta catenin family member	Homo sapiens	16.342	15.997	15.874	15.655	15.93	NA	16.003	16.567	16.128	15.436	16.409	15.846	16.026	15.875	15.55
A0A384MR21	DEFB104B	defensin beta 104B	Homo sapiens	15.154	14.765	15.195	14.723	14.781	NA	14.38	14.922	NA	NA	14.489	NA	15.501	NA	15.068
A0A590UJ96	LOC122526780	uncharacterized LOC122526780	Homo sapiens	16.233	16.794	16.354	16.253	17.043	16.519	NA	17.472	16.553	17.007	16.723	17.136	16.787	17.047	16.373
Q13157	PCBP1	poly(rC) binding protein 1	Homo sapiens	11.6	NA	NA	NA	NA	NA	NA	NA	NA	NA	NA	NA	NA	NA	NA
A0A8H2NLG1	KIR2DS3	killer cell immunoglobulin like receptor, two Ig domains and short cytoplasmic tail 3	Homo sapiens	NA	NA	NA	NA	NA	NA	NA	NA	11.043	NA	11.58	NA	NA	NA	11.824
Q9NP94	SLC39A2	solute carrier family 39 member 2	Homo sapiens	19.036	NA	18.39	18.803	19.017	19.335	18.807	18.89	18.611	19.002	18.847	19.16	19.256	19.425	19.477
H0YJ97	TRIP11	thyroid hormone receptor interactor 11	Homo sapiens	15.745	15.385	15.565	NA	15.839	NA	15.208	NA	15.694	15.285	15.849	15.125	16.14	15.83	14.998
P56385	ATP5ME	ATP synthase membrane subunit e	Homo sapiens	15.121	15.722	15.428	15.19	16.046	15.751	15.377	16.142	15.42	15.098	15.744	16.222	15.768	15.873	15.595
A2RRP5	SIRPB1	signal regulatory protein beta 1	Homo sapiens	NA	NA	14.265	NA	14.124	13.954	14.161	15.476	NA	NA	NA	NA	NA	NA	NA
F1DAM3	GPR27	G protein-coupled receptor 27	Homo sapiens	13.064	NA	NA	NA	NA	NA	NA	NA	NA	13.197	NA	13.31	13.223	13.253	NA
B4DWZ4	FEN1	flap structure-specific endonuclease 1	Homo sapiens	14.956	15.01	15.034	14.769	14.836	NA	14.348	15.191	15.289	14.315	14.735	15.197	15.011	NA	15.037
A6NGJ4	MRPL10	mitochondrial ribosomal protein L10	Homo sapiens	NA	13.845	13.606	NA	NA	NA	NA	NA	13.446	NA	NA	NA	14.344	13.527	13.442
Q15084	PDIA6	protein disulfide isomerase family A member 6	Homo sapiens	17.786	17.546	17.695	17.376	17.4	17.746	17.98	18.438	17.137	17.711	17.492	18.022	17.65	18.326	17.427
A8K4Z4	RPLP0	ribosomal protein lateral stalk subunit P0	Homo sapiens	15.24	15.825	15.534	14.662	15.625	14.812	15.366	16.163	NA	NA	15.576	15.579	15.769	15.956	15.201
K3W4U1	FCER2	Fc epsilon receptor II	Homo sapiens	NA	NA	NA	NA	NA	NA	NA	NA	NA	NA	NA	12.834	12.407	NA	NA
A8K552	CYB561D2	cytochrome b561 family member D2	Homo sapiens	18.491	18.603	18.475	NA	18.703	18.964	18.374	19.067	NA	18.032	18.162	18.54	18.416	19.299	18.506
A8K7H3	RPS15A	ribosomal protein S15a	Homo sapiens	18.763	18.606	18.78	18.897	18.412	18.756	19.142	18.812	18.555	18.375	18.84	19.275	19.186	18.795	18.956
Q86VF2	IGFN1	immunoglobulin like and fibronectin type III domain containing 1	Homo sapiens	19.272	19.139	18.798	NA	19.598	19.208	19.614	19.509	19.276	18.943	19.119	19.688	19.257	19.497	19.008
A4D272	LMTK2	lemur tyrosine kinase 2	Homo sapiens	16.518	16.935	16.814	16.587	17.221	17.366	16.983	16.835	16.009	16.179	16.141	17.057	16.677	17.055	16.742
A0A126GVD5	OR5A2	olfactory receptor family 5 subfamily A member 2	Homo sapiens	15.915	15.451	15.232	14.782	NA	NA	15.288	16.205	15.713	15.468	13.69	13.66	NA	13.793	13.517
Q6IPT2	GARIN5A	golgi associated RAB2 interactor 5A	Homo sapiens	18.923	18.026	18.004	NA	17.848	18.423	18.167	19.149	18.148	18.754	18.114	18.577	18.432	18.692	18.172
C9JT30	SIGLEC8	sialic acid binding Ig like lectin 8	Homo sapiens	17.405	16.855	16.733	16.758	16.71	16.62	17.03	NA	NA	17.143	16.965	17.073	16.835	17.598	16.69
A8K1Z4	LIFR	LIF receptor subunit alpha	Homo sapiens	NA	16.576	17.398	16.589	16.918	17.04	16.946	17.35	17.086	16.27	16.913	16.977	NA	16.26	17.317
B7Z4S0	SERPINE1	serpin family E member 1	Homo sapiens	17.07	17.308	17.297	16.451	16.572	17.629	17.39	17.468	NA	17.763	17.43	17.471	17.275	17.436	NA
Q3MI95	LOC128966636	forkhead box protein D4-like 4	Homo sapiens	16.092	16.552	16.836	NA	16.448	16.346	16.045	16.901	16.28	15.98	16.245	17.074	16.277	16.128	16.187
A0A223PQH6	HCFC1	host cell factor C1	Homo sapiens	14.207	13.845	NA	NA	14.064	14.898	NA	15.127	NA	NA	17.05	17.037	16.35	16.763	16.309
A8K2K8	LPCAT4	lysophosphatidylcholine acyltransferase 4	Homo sapiens	15.403	NA	14.493	15.057	14.413	15.298	14.908	16.113	14.988	15.512	14.895	15.52	NA	14.607	14.993
A8K1Y9	GNAL	G protein subunit alpha L	Homo sapiens	15.291	NA	15.514	14.835	15.603	15.403	14.77	15.932	15.285	15.017	15.285	15.434	16.004	15.691	15.379
H3BQR2	NUBP2	NUBP iron-sulfur cluster assembly factor 2, cytosolic	Homo sapiens	15.587	15.191	15.133	NA	15.146	NA	15.201	15.449	NA	15.578	NA	15.843	15.255	NA	NA
A0A804HKB7	ABCC9	ATP binding cassette subfamily C member 9	Homo sapiens	15.367	15.45	15.248	14.904	15.361	NA	14.823	NA	NA	14.741	14.825	15.995	15.024	14.855	NA
Q8IW75	SERPINA12	serpin family A member 12	Homo sapiens	16.146	15.855	16.451	NA	16.367	15.967	15.447	16.501	16.464	16.174	16.516	17.087	16.449	16.579	16.554
Q5T4Z2	HUS1B	HUS1 checkpoint clamp component B	Homo sapiens	NA	13.873	14.379	13.451	13.753	NA	NA	NA	NA	13.617	NA	14.452	14.357	NA	NA
A0A1B0GTG1	IQANK1	IQ motif and ankyrin repeat containing 1	Homo sapiens	15.485	NA	15.316	14.927	14.806	15.072	14.54	NA	NA	14.672	NA	15.659	14.808	NA	15.383
A0A384MEK2	XRCC2	X-ray repair cross complementing 2	Homo sapiens	16.918	17.056	16.769	16.72	17.097	17.183	17.061	17.765	17.097	17.137	17.001	17.31	17.249	16.964	16.652
B4DLL2	TM2D3	TM2 domain containing 3	Homo sapiens	19.145	19.291	18.585	18.234	NA	18.485	18.423	18.921	18.798	18.536	18.339	19.114	19.232	18.916	18.354
Q9UJW3	DNMT3L	DNA methyltransferase 3 like	Homo sapiens	15.879	15.783	16.218	15.54	15.237	16.17	15.366	15.878	15.459	15.329	15.592	15.823	15.46	16.183	15.584
A8K6M4	VTI1B	vesicle transport through interaction with t-SNAREs 1B	Homo sapiens	NA	19.254	19.023	18.876	19.484	19.175	19.222	20	18.976	18.808	17.549	17.972	17.085	17.52	16.799
Q8N7P1	PLD5	phospholipase D family member 5	Homo sapiens	17.274	16.615	16.598	16.366	15.829	17.039	17.06	NA	15.896	16.025	16.741	16.892	17.281	16.751	16.487
O60834	CPB1	carboxypeptidase B1	Homo sapiens	17.937	17.779	17.738	17.305	NA	18.01	17.436	17.916	17.775	17.945	17.578	17.884	18.063	17.81	17.545
A0AVF6	GML	glycosylphosphatidylinositol anchored molecule like	Homo sapiens	16.766	15.743	16.808	15.808	16.302	16.733	16.155	17.096	16.322	16.407	16.358	NA	15.846	16.835	16.748
A8K9U6	ZC3HAV1	zinc finger CCCH-type containing, antiviral 1	Homo sapiens	18.817	18.355	18.479	17.975	18.936	18.809	18.752	19.09	18.767	18.37	18.397	18.512	18.577	18.929	18.784
Q15784	NEUROD2	neuronal differentiation 2	Homo sapiens	20.458	19.888	20.171	NA	20.684	20.143	20.077	20.295	20.169	19.979	20.644	20.323	20.335	20.389	19.957
A0A1C7CYX0	EXOC3L2	exocyst complex component 3 like 2	Homo sapiens	18.571	18.442	17.856	17.826	18.123	18.384	18.274	18.556	19.068	17.414	18.748	18.797	18.949	18.601	18.322
Q53Z13	GLTP	glycolipid transfer protein	Homo sapiens	16.041	15.65	15.561	15.095	15.035	15.68	16.152	15.999	15.775	15.336	15.806	16.157	15.684	15.804	15.272
A8KA33	LRCH1	leucine rich repeats and calponin homology domain containing 1	Homo sapiens	15.31	14.535	15.064	14.314	NA	15.218	14.771	15.541	14.35	NA	NA	15.368	15.164	15.121	14.938
O43766	LIAS	lipoic acid synthetase	Homo sapiens	16.748	17.321	16.811	16.841	16.78	16.854	16.469	16.897	16.669	16.605	17.453	17.17	16.742	17.236	16.898
A6PWN9	PHYHD1	phytanoyl-CoA dioxygenase domain containing 1	Homo sapiens	NA	NA	14.36	NA	NA	14.83	13.672	NA	14.599	13.49	13.826	14.628	13.862	NA	14.508
P13349	MYF5	myogenic factor 5	Homo sapiens	12.75	13.437	13.705	NA	NA	15.301	14.979	15.61	NA	14.715	NA	13.442	NA	NA	13.083
O75346	ZNF253	zinc finger protein 253	Homo sapiens	NA	NA	NA	13.523	NA	14.435	NA	NA	13.363	NA	NA	14.138	NA	NA	NA
P10244	MYBL2	MYB proto-oncogene like 2	Homo sapiens	NA	20.728	20.745	19.771	20.63	21.206	20.957	20.882	20.349	20.442	19.729	19.301	19.871	19.834	19.584
B3KN77	PDE8B	phosphodiesterase 8B	Homo sapiens	15.779	16.183	15.867	NA	15.683	16.228	15.52	16.282	NA	15.056	NA	15.266	15.48	15.666	15.734
B3KW34	YIPF5	Yip1 domain family member 5	Homo sapiens	NA	16.698	16.422	16.407	16.768	16.512	16.353	17.252	16.742	16.461	16.961	16.307	16.396	17.201	16.685
A0A494C0K8	IGSF1	immunoglobulin superfamily member 1	Homo sapiens	18.428	18.085	18.28	17.781	18.258	17.507	17.803	18.455	18.158	17.994	17.817	18.106	18.47	18.519	18.216
E9PDM9	DNAJA4	DnaJ heat shock protein family (Hsp40) member A4	Homo sapiens	18.83	19.567	NA	18.264	19.389	18.383	19.192	19	NA	19.46	19.136	19.075	19.08	19.701	19.019
A0SZU5	MSX1	msh homeobox 1	Homo sapiens	16.443	16.096	16.294	16.43	16.421	16.099	NA	17.547	NA	16.796	16.046	16.975	NA	16.351	16.496
Q96L96	ALPK3	alpha kinase 3	Homo sapiens	16.774	16.79	16.552	16.461	16.933	16.918	16.905	17.323	16.671	16.567	16.968	17.311	17.161	16.624	16.557
B4DJ02	SLC35F1	solute carrier family 35 member F1	Homo sapiens	15.532	NA	15.445	NA	15.539	15.319	14.8	15.77	15.474	14.946	15.681	16.052	15.354	15.114	15.27
Q96GV9	MACIR	macrophage immunometabolism regulator	Homo sapiens	11.844	NA	NA	NA	NA	NA	NA	NA	NA	NA	NA	NA	NA	NA	NA
D3DPI3	C2orf88	chromosome 2 open reading frame 88	Homo sapiens	18.439	NA	18.072	17.386	18.004	18.334	17.621	18.177	17.795	17.987	17.762	18.163	17.521	18.442	18.011
B2RD81	PRXL2A	peroxiredoxin like 2A	Homo sapiens	17.025	16.963	16.323	16.693	16.858	17.009	16.295	17.527	16.486	16.071	17.12	NA	16.712	16.829	17.07
B3KNH5	AP1M1	adaptor related protein complex 1 subunit mu 1	Homo sapiens	NA	NA	10.532	NA	NA	NA	NA	NA	NA	NA	NA	NA	NA	NA	NA
A0A096LPJ4	ISG15	ISG15 ubiquitin like modifier	Homo sapiens	14.569	NA	NA	13.514	NA	NA	NA	14.749	NA	13.712	14.286	NA	NA	13.898	NA
A0A0S2Z567	RBM14	RNA binding motif protein 14	Homo sapiens	NA	13.347	NA	13.124	14.03	NA	NA	NA	NA	NA	NA	NA	NA	NA	NA
A6NGH7	CCDC160	coiled-coil domain containing 160	Homo sapiens	17.145	17.568	16.73	17.092	17.66	17.176	16.938	17.246	17.247	17.499	17.726	17.266	17.886	17.953	17.098
A8K144	BCAN	brevican	Homo sapiens	18.59	19.11	18.475	18.643	19.276	18.838	18.834	19.211	18.105	18.496	18.755	19.648	18.914	18.947	18.297
B0QYK7	APOL2	apolipoprotein L2	Homo sapiens	21.201	21.067	21.089	20.802	NA	20.546	20.738	21.446	20.476	NA	20.644	21.286	21.36	21.137	21.153
A6NP76	LRATD1	LRAT domain containing 1	Homo sapiens	15.383	NA	15.424	15.082	15.33	16.365	16.192	16.799	NA	NA	NA	13.991	12.848	NA	NA
A0A0G2JP48	GOLGA8G	golgin A8 family member G	Homo sapiens	17.031	17.01	17.029	16.61	17.403	17.09	NA	17.65	17.067	16.853	16.86	17.142	16.879	17.025	16.935
A8MWV9	LOC107983987	small integral membrane protein 34B	Homo sapiens	17.586	17.396	NA	17.499	18.143	17.522	17.23	18.185	17.488	17.037	17.228	17.392	16.393	16.854	16.772
Q5VV69	HPS6	HPS6 biogenesis of lysosomal organelles complex 2 subunit 3	Homo sapiens	NA	NA	NA	NA	NA	NA	NA	NA	NA	11.912	NA	NA	NA	NA	NA
B2R4K9	APOO	apolipoprotein O	Homo sapiens	15.18	15.084	15.103	15.461	NA	15.099	15.578	16.297	NA	14.445	15.411	15.757	15.177	NA	15.157
B0QY73	TNRC6B	trinucleotide repeat containing adaptor 6B	Homo sapiens	18.539	18.277	17.244	17.821	18.72	17.902	17.874	18.344	NA	18.519	NA	18.477	18.436	17.768	17.582
A0A075B746	MRPS21	mitochondrial ribosomal protein S21	Homo sapiens	16.068	16.325	16.419	NA	16.177	NA	15.742	16.347	15.673	16.096	NA	16.261	16.15	16.716	15.751
A8MW58	UBFD1	ubiquitin family domain containing 1	Homo sapiens	14.832	14.735	14.911	14.66	NA	15.05	NA	NA	14.681	14.514	14.585	NA	14.809	14.642	14.858
A1L432	INSM2	INSM transcriptional repressor 2	Homo sapiens	16.599	16.388	15.442	15.853	16.309	16.449	15.926	16.841	15.596	16.01	NA	16.812	16.469	16.463	16.012
A0A494C0W0	PARN	poly(A)-specific ribonuclease	Homo sapiens	17.477	17.097	17.604	17.3	17.75	17.863	16.779	17.822	17.744	17.408	16.929	18.033	17.871	18.313	17.12
Q8N5W9	RFLNB	refilin B	Homo sapiens	17.064	17.697	16.105	16.264	17.239	16.626	16.543	17.502	16.81	16.65	16.968	17.469	16.851	17.163	16.919
A0AAG2TNR5	LOC128966604	putative protein FAM90A13P	Homo sapiens	15.563	15.371	14.771	15.494	14.89	15.651	15.355	16.203	14.722	15.322	16.394	16.789	16.471	16.253	16.144
X5DR91	COP1	COP1 E3 ubiquitin ligase	Homo sapiens	NA	12.798	NA	NA	NA	NA	NA	13.738	NA	NA	NA	13.383	NA	13.039	NA
Q6IA08	ASF1A	anti-silencing function 1A histone chaperone	Homo sapiens	15.407	NA	15.063	14.737	15.122	NA	NA	13.561	12.667	NA	16.841	17.177	17.497	17.564	17.083
E1P5U0	RAB5IF	RAB5 interacting factor	Homo sapiens	18.11	18.457	17.659	18.031	18.428	18.063	17.881	18.597	18.181	17.792	18.33	18.995	18.342	18.938	18.065
Q99963	SH3GL3	SH3 domain containing GRB2 like 3, endophilin A3	Homo sapiens	17.292	16.656	16.867	16.957	17.748	17.546	17.244	17.099	16.875	17.357	17.001	17.252	16.962	16.801	17.373
B4DUZ4	NKX2-3	NK2 homeobox 3	Homo sapiens	18.053	18.143	18.186	17.721	18.371	18.525	17.657	18.027	17.795	17.919	17.883	17.477	17.828	17.937	17.697
B2R7S3	TANK	TRAF family member associated NFKB activator	Homo sapiens	18.458	18.016	18.017	18.499	18.345	18.989	18.177	18.844	18.487	17.938	15.631	15.952	16.196	15.421	NA
P04155	TFF1	trefoil factor 1	Homo sapiens	NA	12.784	NA	NA	13.763	NA	NA	NA	12.816	NA	NA	NA	12.665	NA	NA
Q13398	ZNF211	zinc finger protein 211	Homo sapiens	15.548	16.009	16.242	15.149	16.257	15.604	16.027	16.591	15.557	15.854	15.381	15.906	15.967	15.267	15.726
A8K9V6	PCDHB13	protocadherin beta 13	Homo sapiens	15.574	15.563	16.168	15.713	16.121	15.973	NA	15.957	NA	15.774	15.952	16.381	15.474	16.565	16.494
B2R9W9	CFDP1	craniofacial development protein 1	Homo sapiens	17.142	18.004	18.232	17.296	17.587	17.516	17.59	18.492	17.017	17.25	17.631	17.554	17.887	18.236	NA
B2R4F3	ARHGDIB	Rho GDP dissociation inhibitor beta	Homo sapiens	18.599	19.103	18.338	18.642	18.896	18.837	18.75	19.308	18.975	19.261	19.283	19.421	19.088	19.219	18.622
B4DL05	SHQ1	SHQ1, H/ACA ribonucleoprotein assembly factor	Homo sapiens	17.856	18.282	18.05	17.286	18.264	18.033	17.988	18.168	17.791	17.76	17.994	18.564	18.011	18.152	17.804
Q5RL41	NKAPD1	NKAP domain containing 1	Homo sapiens	16.655	16.017	16.087	16.038	15.965	17.171	16.13	16.977	16.104	15.947	14.007	14.821	14.352	NA	NA
A0A1U9X7F2	C6orf47	chromosome 6 open reading frame 47	Homo sapiens	NA	16.022	16.093	15.719	16.452	NA	16.652	16.415	16.008	15.952	18.657	18.518	18.359	18.252	18.112
B2RWQ2	DGAT1	diacylglycerol O-acyltransferase 1	Homo sapiens	18.756	18.933	18.55	18.323	19.049	18.493	19.125	19.327	18.641	18.971	18.595	18.706	18.491	19.472	18.309
Q13333	DDX11	DEAD/H-box helicase 11	Homo sapiens	20.568	20.396	20.339	19.746	20.265	20.467	20.675	20.495	19.968	19.688	19.964	19.939	20.083	20.277	19.725
Q709C8	VPS13C	vacuolar protein sorting 13 homolog C	Homo sapiens	NA	13.722	NA	NA	NA	13.839	13.325	NA	NA	14.029	NA	NA	NA	14.197	NA
B4DF46	MAOA	monoamine oxidase A	Homo sapiens	17.02	17.153	17.151	16.819	17.694	17.456	17.578	18.163	16.595	16.971	17.166	17.64	17.669	17.101	16.975
B4DUQ0	APCDD1	APC down-regulated 1	Homo sapiens	17.94	17.45	17.645	17.659	17.255	NA	17.467	18.016	17.026	17.273	17.717	17.836	17.733	17.292	17.278
A0A0A0MRE5	ASAP1	ArfGAP with SH3 domain, ankyrin repeat and PH domain 1	Homo sapiens	18.019	17.775	18.244	16.879	18.057	17.718	17.656	18.38	17.41	17.487	17.785	17.708	17.539	18.093	17.7
Q3LI81	KRTAP27-1	keratin associated protein 27-1	Homo sapiens	12.927	NA	12.623	NA	NA	NA	11.977	NA	NA	NA	NA	12.33	13.159	12.77	NA
Q8N614	TMEM156	transmembrane protein 156	Homo sapiens	18.364	18.489	18.489	17.733	18.076	15.256	15.13	15.903	15.365	15.155	18.478	18.497	18.633	17.99	NA
A8K0Q3	PDYN	prodynorphin	Homo sapiens	16.466	16.122	16.022	15.902	NA	15.896	15.858	16.606	16.024	16.168	16.331	16.278	16.777	NA	15.823
A0A0A0MQR8	MARK3	microtubule affinity regulating kinase 3	Homo sapiens	14.776	14.435	14.896	15.001	NA	15.468	15.092	15.292	NA	14.564	14.734	15.637	15.606	15.356	NA
P23921	RRM1	ribonucleotide reductase catalytic subunit M1	Homo sapiens	14.653	14.216	14.563	13.704	13.648	NA	14.076	14.554	14.07	NA	14.661	14.766	14.083	14.612	NA
B2R952	MTERF1	mitochondrial transcription termination factor 1	Homo sapiens	13.579	NA	NA	NA	NA	NA	NA	13.759	13.076	13.302	14.724	15.574	NA	NA	14.638
E7ET89	DTX2	deltex E3 ubiquitin ligase 2	Homo sapiens	16.095	15.697	15.86	15.705	15.925	16.13	15.848	NA	16.069	15.198	15.395	15.729	NA	16.388	15.457
Q96JT0	PLEK2	pleckstrin 2	Homo sapiens	16.785	16.789	16.848	17.05	16.51	16.714	16.687	17.204	NA	17.103	14.457	14.367	NA	14.147	13.544
Q96Q91	SLC4A9	solute carrier family 4 member 9	Homo sapiens	16.35	16.143	15.791	15.752	15.617	16.432	15.687	16.933	15.938	15.617	16.126	NA	15.824	NA	15.989
A8MWU4	SYNRG	synergin gamma	Homo sapiens	13.772	13.775	NA	13.54	NA	NA	13.217	14.282	13.438	14.19	14.561	NA	13.948	NA	NA
A0A2R8Y4K2	CRYL1	crystallin lambda 1	Homo sapiens	12.706	NA	NA	NA	NA	NA	NA	NA	NA	NA	NA	NA	NA	NA	NA
A2A436	CRIP3	cysteine rich protein 3	Homo sapiens	NA	NA	NA	12.211	NA	12.688	12.272	NA	NA	12.377	12.324	NA	NA	NA	NA
A0A0S2Z4K3	PROS1	protein S	Homo sapiens	16.454	16.648	16.355	16.413	16.726	16.756	16.181	17.335	16.371	16.652	17.01	17.301	16.879	17.084	16.298
B4DZ31	PARPBP	PARP1 binding protein	Homo sapiens	NA	14.901	NA	NA	15.132	13.795	NA	NA	13.365	NA	NA	14.672	14.5	15.199	14.864
B0QY51	CCDC134	coiled-coil domain containing 134	Homo sapiens	17.172	17.372	17.165	17.054	17.504	17.453	17.245	17.85	16.894	16.858	16.858	17.206	16.813	NA	17.204
B3KMJ3	SLC39A3	solute carrier family 39 member 3	Homo sapiens	NA	NA	NA	13.668	14.247	NA	NA	14.776	NA	14.168	NA	14.903	14.733	14.404	NA
P59536	TAS2R41	taste 2 receptor member 41	Homo sapiens	19.279	18.743	19.276	19.004	18.811	18.946	18.744	19.424	18.955	NA	19.524	19.535	19.196	19.122	18.503
H3BN61	DMRT1	doublesex and mab-3 related transcription factor 1	Homo sapiens	15.348	15.324	15.457	15.257	15.383	15.275	14.949	15.859	14.9	NA	15.106	15.34	15.763	15.034	15.197
A0A7I2PK71	CEP41	centrosomal protein 41	Homo sapiens	15.55	15.89	16.104	15.59	16.064	16.03	NA	NA	NA	15.419	15.89	16.215	16.168	16.336	15.92
A0A7P0T8B3	IFIT2	interferon induced protein with tetratricopeptide repeats 2	Homo sapiens	15.883	16.297	15.204	15.642	NA	15.894	NA	16.011	15.696	15.338	15.308	16.411	15.264	16.213	15.208
H0YCH9	MS4A18	membrane spanning 4-domains A18	Homo sapiens	15.452	NA	15.042	14.88	15.066	15.473	NA	16.032	15.408	14.955	NA	15.944	15.432	15.246	15.402
Q3MIM1	STON1-GTF2A1L	STON1-GTF2A1L readthrough	Homo sapiens	16.518	16.158	15.826	15.067	15.766	NA	15.912	16.34	16.091	15.899	15.047	15.253	NA	14.739	14.599
Q9BXK1	KLF16	KLF transcription factor 16	Homo sapiens	14.921	15.192	15.115	14.597	14.733	14.716	NA	15.301	14.461	NA	17.213	17.018	17.065	17.12	16.893
Q6IA30	SYNDIG1	synapse differentiation inducing 1	Homo sapiens	17.388	17.534	17.186	17.038	17.435	16.951	17.153	18.154	17.401	17.106	17.135	18.348	17.728	17.966	17.373
A4D0X0	IQUB	IQ motif and ubiquitin domain containing	Homo sapiens	17.434	16.494	16.969	16.268	16.947	17.134	16.839	17.582	16.199	16.731	17.347	16.842	16.553	16.897	16.594
P48304	REG1B	regenerating family member 1 beta	Homo sapiens	17.333	17.281	17.514	16.767	17.442	17.744	16.425	17.591	16.763	16.614	17.287	NA	16.974	17.358	17.606
B3KTN1	GGACT	gamma-glutamylamine cyclotransferase	Homo sapiens	13.529	NA	13.047	13.562	NA	13.469	NA	14.371	NA	NA	NA	13.711	13.442	NA	13.038
B2R6C7	ARL3	ARF like GTPase 3	Homo sapiens	17.54	17.48	17.572	17.005	18.034	17.924	17.323	17.861	18.334	17.489	17.549	17.585	17.584	17.677	17.397
A0A1X9RU27	FOXO6	forkhead box O6	Homo sapiens	NA	12.216	12.759	NA	NA	NA	NA	NA	NA	NA	13.31	NA	NA	NA	NA
B2R5P4	SEC23A	SEC23 homolog A, COPII coat complex component	Homo sapiens	14.959	14.664	15.106	14.451	15.498	NA	14.25	15.383	14.452	14.66	NA	14.295	NA	15.19	14.504
A0A0A0MR37	SPAG11A	sperm associated antigen 11A	Homo sapiens	19.36	18.847	18.806	19.159	18.889	18.896	19.12	19.136	19.035	19.144	NA	19.128	18.7	19.367	18.802
A6NDK0	TLL2	tolloid like 2	Homo sapiens	16.364	16.466	16.438	15.976	16.393	16.626	16.04	17.484	16.626	15.851	16.249	16.229	17.321	NA	16.194
A6MW40	PKDREJ	polycystin family receptor for egg jelly	Homo sapiens	NA	NA	NA	NA	12.6	NA	NA	NA	NA	12.388	12.247	NA	NA	13.082	11.996
A1KYQ8	NENF	neudesin neurotrophic factor	Homo sapiens	21.614	21.733	21.599	21.383	21.675	22.474	NA	22.614	21.471	21.973	22.157	22.572	22.381	22.484	21.76
Q5JW30	STAU1	staufen double-stranded RNA binding protein 1	Homo sapiens	16.425	16.652	16.066	16.657	16.101	16.496	17.389	16.414	16.825	16.626	16.659	16.638	NA	16.665	17.043
A0A126GVP7	OR4M1	olfactory receptor family 4 subfamily M member 1	Homo sapiens	15.784	15.568	16.3	NA	16.476	15.651	16.457	16.801	16.136	16.353	16.379	16.081	16.173	16.074	15.815
C9JA28	SSR3	signal sequence receptor subunit 3	Homo sapiens	NA	15.135	15.329	14.386	15.411	15.803	NA	15.51	15.211	15.164	15.011	15.16	15.722	15.81	NA
A0A024R8S5	P4HB	prolyl 4-hydroxylase subunit beta	Homo sapiens	18.238	17.698	18.223	17.543	17.999	17.779	NA	18.459	17.853	17.603	18.028	18.004	NA	18.126	17.435
Q9Y6Z7	COLEC10	collectin subfamily member 10	Homo sapiens	15.066	14.83	NA	13.906	14.319	14.576	NA	14.51	NA	NA	14.173	14.916	NA	14.678	14.343
B2R6I6	STC1	stanniocalcin 1	Homo sapiens	16.244	15.718	16.194	16.23	15.67	15.86	15.594	16.207	NA	15.601	15.435	15.928	15.57	15.814	15.82
Q8N3J3	HROB	homologous recombination factor with OB-fold	Homo sapiens	NA	NA	15.042	15.002	15.043	14.737	14.371	15.096	14.355	15.185	14.45	15.135	14.658	NA	NA
P78367	NKX3-2	NK3 homeobox 2	Homo sapiens	17.283	16.656	17.048	16.639	16.381	17.091	16.506	17.302	16.864	NA	17.414	17.517	17.308	17.427	17.212
A8K5L0	MMP14	matrix metallopeptidase 14	Homo sapiens	15.517	15.374	14.974	14.47	15.455	NA	15.215	15.884	15.336	NA	15.689	15.656	15.448	15.856	15.235
B2RN22	TMEM63C	transmembrane protein 63C	Homo sapiens	12.836	NA	NA	NA	NA	14.161	14.188	14.511	14.101	NA	NA	NA	10.77	NA	NA
O15303	GRM6	glutamate metabotropic receptor 6	Homo sapiens	15.439	15.15	15.528	14.526	NA	15.629	14.635	15.234	14.454	14.949	NA	15.308	NA	NA	15.266
B4DYJ2	PM20D2	peptidase M20 domain containing 2	Homo sapiens	17.279	16.472	16.528	16.089	16.567	16.857	16.248	16.657	16.001	NA	16.173	16.039	NA	16.213	16.64
A0A0S2Z5U9	CHST9	carbohydrate sulfotransferase 9	Homo sapiens	13.805	14.19	NA	13.647	NA	NA	NA	NA	NA	NA	13.805	NA	NA	13.846	13.102
H0YHW7	LRP10	LDL receptor related protein 10	Homo sapiens	16.483	15.713	16.57	16.015	16.56	15.934	16.376	17.33	16.239	NA	16.064	16.742	16.349	NA	16.574
A8MU56	ODF2L	outer dense fiber of sperm tails 2 like	Homo sapiens	17.948	18.181	17.561	17.28	17.426	17.524	NA	18.288	17.581	17.445	17.768	18.451	18.306	17.647	17.922
B4DS15	OPCML	opioid binding protein/cell adhesion molecule like	Homo sapiens	15.73	NA	15.774	15.649	16.171	16.454	16.037	16.044	16.207	15.593	15.981	16.374	16.172	16.689	16.301
A0A0J9YW05	NPIPA7	nuclear pore complex interacting protein family member A7	Homo sapiens	19.222	19.158	18.962	19.099	18.92	19.121	18.795	19.554	18.982	18.768	17.119	17.362	16.801	17.381	16.815
A0A384NKL6	ELSPBP1	epididymal sperm binding protein 1	Homo sapiens	18.272	18.628	18.099	17.732	18.485	17.785	17.718	18.466	17.87	17.953	NA	18.453	17.966	18.272	18.177
Q69YG0	TMEM42	transmembrane protein 42	Homo sapiens	18.655	19.101	18.491	18.576	18.481	18.694	18.714	19.265	18.645	19.017	19.037	19.408	19.28	19.193	18.904
A8K4P7	ADGRG2	adhesion G protein-coupled receptor G2	Homo sapiens	15.041	14.097	14.414	13.923	NA	NA	14.355	15.173	NA	NA	NA	NA	13.891	13.709	14.298
A0A090N8Z0	RP9	RP9 pre-mRNA splicing factor	Homo sapiens	15.153	NA	14.139	NA	14.449	15.158	14.137	NA	14.514	NA	14.378	14.605	NA	NA	NA
Q8IXU2	PAQR5	progestin and adipoQ receptor family member 5	Homo sapiens	16.619	NA	NA	15.806	16.727	16.595	16.472	17	16.633	16.36	16.988	16.539	16.363	16.237	16.662
B2R7D1	TGM4	transglutaminase 4	Homo sapiens	13.544	13.459	NA	13.447	13.347	13.331	NA	13.76	13.531	13.749	NA	NA	13.601	13.686	13.637
A8K7T7	KDELR3	KDEL endoplasmic reticulum protein retention receptor 3	Homo sapiens	14.322	14.353	NA	13.637	14.133	14.068	13.782	14.933	NA	NA	13.956	14.512	14.262	14.303	13.84
E9PCG0	ADH1C	alcohol dehydrogenase 1C (class I), gamma polypeptide	Homo sapiens	17.82	17.178	17.832	17.322	17.814	18.096	17.724	18.11	17.161	17.6	17.695	17.297	17.682	18.483	17.934
Q16832	DDR2	discoidin domain receptor tyrosine kinase 2	Homo sapiens	14.86	15.443	15.823	14.78	15.962	15.494	NA	15.341	NA	NA	15.584	15.505	15.262	15.612	14.759
B3KSG6	HSPB9	heat shock protein family B (small) member 9	Homo sapiens	16.768	16.541	16.92	16.817	17.238	16.466	16.707	17.487	16.615	16.285	16.439	17.017	NA	17.199	16.749
M0QXM2	OCEL1	occludin/ELL domain containing 1	Homo sapiens	16.042	15.355	15.241	14.833	NA	15.585	15.941	16.226	15.575	14.989	14.938	NA	15.346	15.501	15.405
B4DG71	PDE4B	phosphodiesterase 4B	Homo sapiens	13.207	NA	NA	NA	13.274	NA	13.76	14.034	13.41	14.253	NA	13.734	13.696	13.749	NA
O15173	PGRMC2	progesterone receptor membrane component 2	Homo sapiens	17.457	17.324	17.526	16.924	17.212	NA	16.949	17.94	17.286	17.403	17.037	18.134	17.917	17.643	17.49
B2RTU2	CHD9	chromodomain helicase DNA binding protein 9	Homo sapiens	14.386	NA	14.499	14.022	14.453	14.399	NA	14.642	14.073	NA	14.431	NA	14.431	14.443	13.674
B8JHY2	C20orf203	chromosome 20 open reading frame 203	Homo sapiens	18.641	18.692	18.635	18.001	18.749	18.858	18.543	19.173	18.965	18.061	18.863	18.783	18.513	18.641	18.714
A1L0X9	VSIR	V-set immunoregulatory receptor	Homo sapiens	16.9	16.076	NA	16.653	16.475	15.007	NA	15.131	14.529	NA	17.136	16.912	16.834	17.549	16.26
A0A1U9X802	MCCD1	mitochondrial coiled-coil domain 1	Homo sapiens	19.974	19.109	19.31	18.84	19.425	19.312	18.967	19.617	19.488	18.815	18.77	19.126	18.926	19.285	18.49
B3KQ95	FDFT1	farnesyl-diphosphate farnesyltransferase 1	Homo sapiens	NA	17.441	16.97	16.83	16.836	16.961	17.502	18.081	17.223	17.185	17.428	17.908	17.497	17.805	17.489
A0A087WXA3	SRRM3	serine/arginine repetitive matrix 3	Homo sapiens	NA	13.687	13.362	13.682	14.028	NA	NA	NA	13.714	NA	16.075	15.585	16.25	16.293	15.816
E9PKL9	GFUS	GDP-L-fucose synthase	Homo sapiens	16.332	16.499	16.393	16.142	16.825	NA	16.749	16.959	16.497	16.529	16.224	17.348	16.373	16.082	16.519
A8K6M8	COPG1	COPI coat complex subunit gamma 1	Homo sapiens	18.859	18.529	18.081	18.787	18.761	18.855	18.851	19.181	18.858	18.831	18.89	18.798	18.969	18.656	18.464
B2RA64	CAPN11	calpain 11	Homo sapiens	17.445	17.467	17.082	16.556	17.795	17.166	16.908	NA	16.879	16.944	17.251	17.632	17.441	17.251	16.93
B2R7H8	GLB1	galactosidase beta 1	Homo sapiens	14.966	14.52	14.697	NA	14.987	14.967	14.918	15.517	14.924	NA	NA	15.557	14.714	NA	NA
A5X8Z8	SLC24A5	solute carrier family 24 member 5	Homo sapiens	NA	NA	NA	NA	NA	NA	NA	NA	NA	NA	NA	12.907	NA	NA	NA
Q8IYL2	TRMT44	tRNA methyltransferase 44 homolog	Homo sapiens	NA	13.333	NA	NA	NA	13.111	NA	13.731	NA	NA	NA	NA	14.123	13.223	12.454
A0A7I2V2W7	PEX7	peroxisomal biogenesis factor 7	Homo sapiens	18.435	18.096	18.367	18.524	18.597	18.414	17.83	18.351	17.837	17.916	18.099	18.536	17.933	18.307	18.345
A0A0C4ZN11	KIR2DS4	killer cell immunoglobulin like receptor, two Ig domains and short cytoplasmic tail 4 (gene/pseudogene)	Homo sapiens	17.08	16.475	17.019	16.259	17.501	17.11	17.243	16.918	16.765	16.498	17	17.336	17.384	17.289	17.16
Q6UWQ7	IGFL2	IGF like family member 2	Homo sapiens	NA	14.222	NA	14.826	14.581	NA	13.432	NA	14.094	14.545	14.116	14.357	14.253	NA	NA
Q6ZQN7	SLCO4C1	solute carrier organic anion transporter family member 4C1	Homo sapiens	NA	NA	NA	NA	12.811	NA	NA	12.573	12.462	12.776	NA	NA	NA	NA	NA
H0Y9M8	NDUFS4	NADH:ubiquinone oxidoreductase subunit S4	Homo sapiens	17.281	16.843	16.565	16.937	16.735	17.185	17.719	17.606	17.168	16.945	17.136	17.488	17.064	16.888	17.01
O95073	FSBP	fibrinogen silencer binding protein	Homo sapiens	NA	12.527	NA	NA	NA	NA	NA	NA	NA	NA	15.672	15.396	NA	NA	15.292
Q53GT5	UBASH3B	ubiquitin associated and SH3 domain containing B	Homo sapiens	17.822	18.23	18.082	17.239	17.489	18.179	NA	18.248	17.839	17.738	18.253	18.004	18.531	18.443	17.809
B2RDS7	TTLL1	TTL family tubulin polyglutamylase complex subunit L1	Homo sapiens	NA	15.299	15.173	14.989	15.217	15.444	14.755	15.435	NA	NA	14.96	15.227	15.59	15.279	14.273
A0A0C4DGQ4	NLRP13	NLR family pyrin domain containing 13	Homo sapiens	NA	14.231	NA	14.269	14.214	14.283	14.394	14.974	13.931	14.523	NA	14.57	14.437	14.845	14.142
B0YJ77	PTER	phosphotriesterase related	Homo sapiens	15.535	15.307	15.383	14.684	15.928	15.988	15.56	16.221	16.027	NA	15.607	15.896	NA	15.595	15.796
A6NIN6	TRPA1	transient receptor potential cation channel subfamily A member 1	Homo sapiens	14.734	13.786	14.516	NA	NA	14.323	NA	NA	NA	14.145	14.128	NA	14.358	NA	NA
A0A8V8TQQ6	NR2F1	nuclear receptor subfamily 2 group F member 1	Homo sapiens	NA	NA	10.502	NA	10.12	10.191	NA	NA	NA	NA	NA	NA	NA	10.229	NA
B7Z4G6	TMEM185A	transmembrane protein 185A	Homo sapiens	16.768	16.491	16.619	16.639	16.251	19.877	19.537	20.05	19.707	19.32	16.266	17.422	16.415	17.25	16.721
A0A0K0Q2Z1	SERPINC1	serpin family C member 1	Homo sapiens	12.303	NA	NA	NA	NA	NA	NA	NA	NA	NA	NA	NA	NA	NA	NA
B2RBN7	BCAS3	BCAS3 microtubule associated cell migration factor	Homo sapiens	16.554	NA	15.741	15.633	16.124	16.455	16.011	16.366	15.589	15.812	16.238	16.132	16.499	16.243	15.785
A0A590UJW6	ZCCHC14	zinc finger CCHC-type containing 14	Homo sapiens	19.469	19.307	19.486	18.242	19.708	19.431	19.296	19.769	19.536	19.081	19.08	19.234	18.802	19.349	19.748
A0A499FI48	PDIA4	protein disulfide isomerase family A member 4	Homo sapiens	20.134	20.602	20.513	19.938	20.214	20.112	19.332	20.637	19.969	20.381	20.661	20.286	20.443	20.076	20.408
B4DJ58	RSL1D1	ribosomal L1 domain containing 1	Homo sapiens	17.68	16.64	17.073	16.43	17.309	NA	16.742	NA	16.831	17.07	17.104	17.212	17.589	NA	17.142
A0A384NL58	HNRNPA2B1	heterogeneous nuclear ribonucleoprotein A2/B1	Homo sapiens	17.994	17.904	17.524	17.569	17.807	17.893	18.174	18.251	17.793	17.667	NA	18.105	17.793	18.133	16.978
A2BHI5	LDLRAP1	low density lipoprotein receptor adaptor protein 1	Homo sapiens	NA	NA	NA	NA	NA	12.28	12.828	NA	12.173	11.603	NA	NA	NA	NA	NA
E9PKB1	CCDC15	coiled-coil domain containing 15	Homo sapiens	17.061	17.003	16.812	16.63	17.127	16.814	16.836	17.657	16.735	NA	16.923	17.289	16.834	17.198	16.857
C9IYG7	ART5	ADP-ribosyltransferase 5	Homo sapiens	15.249	NA	NA	NA	14.904	NA	NA	15.376	15.936	15.014	15.446	15.274	15.252	15.304	15.283
Q8IX07	ZFPM1	zinc finger protein, FOG family member 1	Homo sapiens	14.577	14.699	14.816	14.505	14.924	15.327	NA	15.375	15.049	14.448	NA	14.853	14.824	15.261	14.769
B4DLN7	CYP20A1	cytochrome P450 family 20 subfamily A member 1	Homo sapiens	16.039	15.965	15.986	15.719	16.553	16.347	NA	16.733	16.25	NA	16.242	16.746	16.047	16.347	16.355
C3U3A0	DUX4	double homeobox 4	Homo sapiens	17.518	17.275	17.65	17.348	18.063	16.959	17.969	17.97	17.448	17.899	17.977	18.08	17.849	17.941	17.55
B4DSM2	ZNF337	zinc finger protein 337	Homo sapiens	NA	14.929	15.111	NA	15.207	14.676	NA	15.24	NA	14.621	14.43	15.201	NA	NA	14.369
A7MD38	ZBTB39	zinc finger and BTB domain containing 39	Homo sapiens	15.528	14.656	14.753	NA	14.942	15.087	14.442	16.005	14.615	15.048	15.368	15.615	15.58	15.614	15.425
Q7Z3D5	CISD2	CDGSH iron sulfur domain 2	Homo sapiens	NA	NA	NA	NA	NA	13.788	13.86	14.447	NA	NA	NA	NA	13.985	NA	14.118
A0A0D9SEJ5	FAM120B	family with sequence similarity 120 member B	Homo sapiens	18.223	17.69	18.394	17.773	18.233	18.009	17.482	18.319	17.992	18.222	17.963	17.918	17.796	17.973	17.343
Q8TF63	DCANP1	dendritic cell associated nuclear protein 1	Homo sapiens	17.392	17.321	16.571	16.794	16.923	17.036	16.51	17.991	16.915	16.599	17.087	NA	NA	NA	NA
B2RNS9	XKR9	XK related 9	Homo sapiens	18.235	18.113	18.303	17.232	18.011	19.519	19.314	19.605	19.208	19.681	16.253	16.61	16.501	16.709	16.418
A8K0M0	DNAJC5	DnaJ heat shock protein family (Hsp40) member C5	Homo sapiens	20.297	20.269	NA	19.231	20.176	20.187	19.842	20.325	19.997	20.076	20.885	21.105	21.112	21.458	21.211
B6ZGU3	ESR1	estrogen receptor 1	Homo sapiens	17.462	17.41	17.693	17.006	17.49	17.514	17.531	17.67	17.105	17.273	17.44	17.942	17.997	17.506	17.335
Q99966	CITED1	Cbp/p300 interacting transactivator with Glu/Asp rich carboxy-terminal domain 1	Homo sapiens	19.574	20.007	19.606	19.035	19.755	19.866	19.484	19.771	18.962	19.406	18.825	19.858	18.947	19.096	19.434
A0A0C4DGX9	TTC8	tetratricopeptide repeat domain 8	Homo sapiens	13.501	NA	13.504	NA	NA	13.433	NA	NA	NA	NA	NA	NA	NA	NA	NA
B2RBH1	PLEKHA1	pleckstrin homology domain containing A1	Homo sapiens	16.559	17.043	16.75	16.541	17.019	16.873	NA	17.503	17.186	16.026	16.606	16.695	16.539	17.011	16.955
A8K2S9	SGMS2	sphingomyelin synthase 2	Homo sapiens	19.703	19.887	19.201	19.055	20.125	19.804	18.799	20.025	19.444	18.834	19.692	19.955	19.678	19.888	19.469
A0A0S2Z3I5	BTC	betacellulin	Homo sapiens	16.56	16.599	16.787	16.226	NA	16.356	16.58	16.976	16.653	NA	17.164	NA	16.648	NA	16.496
A0A3B3IRW4	SP4	Sp4 transcription factor	Homo sapiens	14.923	13.973	13.908	NA	13.881	14.733	NA	14.683	13.982	14.524	14.494	14.672	NA	14.804	NA
Q6P5V6	SNX5	sorting nexin 5	Homo sapiens	18.579	17.917	18.203	17.553	18.039	17.661	NA	18.08	17.564	17.418	17.528	18.115	18.65	18.241	17.275
A0A140VKE3	GSTM4	glutathione S-transferase mu 4	Homo sapiens	16.603	16.429	16.643	16.304	16.966	17.029	16.626	17.448	16.964	16.639	16.388	16.843	16.701	16.184	16.452
A0A994J846	SYPL1	synaptophysin like 1	Homo sapiens	16.588	16.49	16.009	16.511	16.78	16.815	16.477	17.263	16.137	NA	16.887	17.136	16.957	16.548	16.72
B2RAA8	ACBD6	acyl-CoA binding domain containing 6	Homo sapiens	15.349	15.476	15.548	NA	14.894	NA	NA	16.116	15.553	14.99	15.651	14.972	NA	15.563	NA
A0A126GW53	OR2G6	olfactory receptor family 2 subfamily G member 6	Homo sapiens	14.904	14.764	15.609	NA	NA	NA	NA	15.312	14.637	15.111	15.874	16.148	15.895	15.765	15.781
A8K8N3	SPAG5	sperm associated antigen 5	Homo sapiens	15.982	15.752	16.465	16.028	NA	16.387	15.575	16.805	15.42	16.436	16.016	16.487	NA	16.255	16.183
A0A0S2Z4X9	GFPT2	glutamine-fructose-6-phosphate transaminase 2	Homo sapiens	15.6	16.05	15.962	15.376	15.185	NA	15.928	16.112	15.65	15.154	15.723	NA	NA	NA	NA
P22307	SCP2	sterol carrier protein 2	Homo sapiens	15.307	15.102	15.513	14.877	14.728	NA	14.613	15.746	14.673	14.799	15.114	15.207	NA	15.138	14.621
A0A1W2PR85	SYNJ2	synaptojanin 2	Homo sapiens	14.72	14.297	NA	NA	NA	NA	NA	14.809	13.857	NA	14.506	NA	14.628	NA	14.676
Q5SQQ8	KCNK18	potassium two pore domain channel subfamily K member 18	Homo sapiens	18.566	18.158	18.098	17.807	18.355	17.975	18.209	18.958	17.931	18.339	18	18.412	18.531	18.186	NA
A8MXV6	CDRT15L2	CMT1A duplicated region transcript 15 like 2	Homo sapiens	NA	12.678	NA	NA	NA	NA	NA	NA	NA	NA	NA	12.656	NA	12.991	12.611
P0CV99	TSPY4	testis specific protein Y-linked 4	Homo sapiens	14.203	14.295	NA	13.743	14.227	NA	NA	13.762	NA	13.793	NA	NA	NA	12.766	NA
Q567P0	SLC35E4	solute carrier family 35 member E4	Homo sapiens	15.896	15.857	NA	15.819	15.776	NA	15.629	NA	15.844	15.997	16.089	NA	16.015	15.977	15.918
D3DQD3	PSD2	pleckstrin and Sec7 domain containing 2	Homo sapiens	15.745	14.508	NA	NA	15.109	15.028	15.108	15.451	NA	14.85	NA	15.733	15.201	14.971	14.729
Q53FZ9	FASTK	Fas activated serine/threonine kinase	Homo sapiens	16.131	16.238	15.475	16.174	15.265	15.794	15.865	NA	16.358	16.133	15.267	16.309	16.385	15.762	15.254
Q96SK2	TMEM209	transmembrane protein 209	Homo sapiens	NA	14.867	15.476	14.649	15.313	15.254	15.148	15.746	15.707	14.702	15.307	15.273	15.591	15.333	15.004
B4DT23	FAM98A	family with sequence similarity 98 member A	Homo sapiens	17.346	16.975	16.788	17.097	17.066	NA	16.493	17.731	16.681	16.522	17.035	16.859	16.834	16.733	16.977
Q07954	LRP1	LDL receptor related protein 1	Homo sapiens	17.991	17.61	17.492	NA	17.742	17.657	17.355	18.824	18.052	16.926	17.786	17.828	NA	17.722	17.69
A4FVC6	ABCA6	ATP binding cassette subfamily A member 6	Homo sapiens	NA	15.253	15.794	15.673	15.981	15.979	15.943	16.246	16.393	16.312	16.223	16.051	16.073	15.919	16.213
J3KQ70	INO80B	INO80 complex subunit B	Homo sapiens	16.036	15.532	NA	15.273	15.461	15.707	15.526	16.423	NA	15.157	15.616	NA	NA	15.924	NA
Q96HG1	SMIM10	small integral membrane protein 10	Homo sapiens	NA	14.852	NA	NA	14.315	NA	14.398	NA	14.692	13.911	14.44	NA	14.693	14.814	14.326
A0A0B4J1S0	OR1L1	olfactory receptor family 1 subfamily L member 1	Homo sapiens	14.649	14.604	14.775	13.273	NA	16.784	16.392	17.173	16.885	NA	NA	NA	NA	NA	NA
A2BDF6	H3C13	H3 clustered histone 13	Homo sapiens	14.233	14.232	13.373	NA	NA	NA	NA	NA	13.765	13.961	14.016	14.022	14.21	14.12	NA
B4DJ39	TOX4	TOX high mobility group box family member 4	Homo sapiens	15.916	16.314	15.538	16.272	NA	16.992	16.078	16.583	16.068	15.809	NA	15.903	16.415	16.001	NA
Q5TZ19	TAS1R2	taste 1 receptor member 2	Homo sapiens	18.984	19.398	19.788	18.811	19.297	18.88	19.306	19.532	19.691	19.236	21.449	21.462	21.83	21.202	21.223
Q8IY85	EFCAB13	EF-hand calcium binding domain 13	Homo sapiens	18.671	18.471	18.472	18.174	18.814	18.324	18.288	18.596	18.053	18.215	18.076	19.123	18.503	18.666	18.005
Q13950	RUNX2	RUNX family transcription factor 2	Homo sapiens	NA	NA	NA	13.582	13.068	NA	13.135	14.209	NA	13.283	13.501	NA	13.36	NA	NA
Q6ZUS5	CCDC121	coiled-coil domain containing 121	Homo sapiens	17.005	17.447	17.123	15.798	17.346	17.008	NA	17.631	16.58	16.589	17.455	17.034	17.186	17.471	NA
B2R725	FAM8A1	family with sequence similarity 8 member A1	Homo sapiens	15.28	15.252	15.083	14.828	14.803	14.86	15.114	NA	14.521	14.982	15.277	15.006	14.829	15.095	NA
P0C672	TSPAN19	tetraspanin 19	Homo sapiens	13.577	NA	13.716	NA	NA	NA	NA	NA	NA	NA	13.998	14.019	NA	NA	NA
B4DHI4	DAPK1	death associated protein kinase 1	Homo sapiens	14.748	14.385	15.017	14.401	15.013	15.227	15.044	14.983	14.525	NA	14.675	NA	NA	NA	14.956
A0A126GVP9	OR5AN1	olfactory receptor family 5 subfamily AN member 1	Homo sapiens	18.608	19.354	19.268	18.493	18.765	18.676	18.949	19.708	18.747	18.549	19.148	19.228	19.109	19.015	19.477
B2RAF2	FAM110A	family with sequence similarity 110 member A	Homo sapiens	NA	13.637	NA	12.829	NA	13.565	NA	NA	13.321	NA	13.835	14.246	13.92	NA	13.617
B7Z4J5	TMEM150C	transmembrane protein 150C	Homo sapiens	19.376	19.765	20.805	19.748	19.857	21.185	21.194	22.15	21.24	21.1	19.917	20.645	20.332	20.222	20.068
B4DKH1	NRG3	neuregulin 3	Homo sapiens	20.364	20.592	NA	20.114	20.246	20.917	20.204	20.897	20.305	20.191	19.288	20.732	20.208	20.424	20.516
Q8TB45	DEPTOR	DEP domain containing MTOR interacting protein	Homo sapiens	17.406	17.024	17.034	16.997	16.939	17.24	16.937	NA	17.023	17.592	17.223	17.268	NA	16.704	NA
O00145	INPP5D	inositol polyphosphate-5-phosphatase D	Homo sapiens	18.65	17.886	18.246	17.917	18.233	17.663	17.902	18.715	17.976	17.808	18.221	18.39	17.906	18.008	18.361
A8K6E5	CDC23	cell division cycle 23	Homo sapiens	NA	13.959	NA	13.594	14.166	13.83	13.537	NA	NA	13.554	14.028	NA	NA	15.007	13.772
Q9BYL1	SAMD10	sterile alpha motif domain containing 10	Homo sapiens	NA	NA	NA	NA	NA	NA	11.913	NA	NA	NA	NA	NA	NA	NA	NA
O95784	FCGBP	Fc gamma binding protein	Homo sapiens	14.59	14.743	14.458	NA	14.613	17.033	16.93	NA	17.019	16.32	NA	NA	NA	14.113	13.475
Q8N434	SVOPL	SVOP like	Homo sapiens	15.853	15.323	15.933	15.161	NA	15.597	NA	16.029	NA	15.301	15.49	16.051	15.868	15.987	15.736
B3KRH6	PIANP	PILR alpha associated neural protein	Homo sapiens	NA	NA	NA	NA	12.528	NA	NA	NA	NA	12.439	NA	NA	NA	NA	NA
B7Z564	PODNL1	podocan like 1	Homo sapiens	19.333	19.106	18.972	18.349	19.045	22.124	NA	NA	21.983	NA	19.098	19.371	19.126	19.024	19.053
B2R7L6	SYP	synaptophysin	Homo sapiens	NA	16.432	16.397	16.112	16.76	16.784	16.698	16.644	16.035	16.775	16.335	16.692	16.729	16.622	16.791
B5M450	SLC4A7	solute carrier family 4 member 7	Homo sapiens	NA	16.658	16.343	15.923	15.981	16.386	16.545	17.239	16.305	15.887	15.876	16.912	16.725	17.004	NA
B2RXK3	ULK3	unc-51 like kinase 3	Homo sapiens	NA	NA	NA	10.541	NA	NA	NA	NA	NA	NA	NA	11.445	NA	NA	NA
A6NMR8	SDK2	sidekick cell adhesion molecule 2	Homo sapiens	18.546	18.098	17.501	17.948	17.866	18.551	17.578	18.649	17.754	17.821	20.081	19.729	19.462	19.851	19.486
A0A2R8Y7R9	PPFIA1	PTPRF interacting protein alpha 1	Homo sapiens	NA	14.094	14.305	NA	14.474	14.901	13.503	14.743	NA	NA	NA	NA	NA	13.9	NA
A5PKV7	ANGPTL6	angiopoietin like 6	Homo sapiens	16.733	16.837	NA	16.641	17.015	17.251	17.022	17.083	16.639	NA	16.4	16.517	NA	16.848	16.562
A8KAJ8	ATOX1	antioxidant 1 copper chaperone	Homo sapiens	19.774	19.402	19.437	18.64	19.894	19.853	19.274	20.666	19.276	NA	19.392	19.31	19.781	19.837	19.151
A0A6M4C8G8	KDM5C	lysine demethylase 5C	Homo sapiens	14.887	15.25	14.617	15.309	15.494	15.118	15.12	NA	14.58	14.715	NA	NA	15.402	15.092	NA
Q5W090	CALHM3	calcium homeostasis modulator 3	Homo sapiens	NA	15.152	NA	15.153	15.755	15.324	15.454	NA	15.33	NA	NA	15.64	15.106	15.342	NA
C9JPF8	MAP6D1	MAP6 domain containing 1	Homo sapiens	16.331	16.136	16.203	NA	16.336	16.818	16.545	16.332	16.552	16.059	16.436	16.965	16.535	16.748	16.47
A8KA08	SLC16A14	solute carrier family 16 member 14	Homo sapiens	17.37	17.24	17.786	NA	17.188	17.634	17.198	17.373	17.006	17.334	17.064	17.016	NA	17.705	16.728
B3KXV6	ZSWIM2	zinc finger SWIM-type containing 2	Homo sapiens	17.09	16.959	16.845	16.833	17.63	16.858	16.505	17.64	16.175	16.761	NA	16.118	NA	NA	14.74
A0A024QZ64	ALDOC	aldolase, fructose-bisphosphate C	Homo sapiens	NA	13.655	13.545	12.737	13.176	NA	NA	13.373	NA	NA	13.292	13.541	NA	NA	NA
A2RRP1	NBAS	NBAS subunit of NRZ tethering complex	Homo sapiens	19.853	19.519	19.132	18.582	19.463	19.399	18.582	19.576	19.434	19.006	19.228	19.265	19.349	NA	19.34
Q9HB00	DSC1	desmocollin 1	Homo sapiens	16.273	NA	15.606	NA	16.297	14.163	14.041	15.264	13.89	14.242	16.662	16.991	16.258	16.616	16.467
A0A090N900	RHEB	Ras homolog, mTORC1 binding	Homo sapiens	16.685	NA	16.65	16.999	17.091	16.966	NA	NA	16.571	16.446	16.685	17.175	16.124	17.008	16.219
B2R9S3	DRD5	dopamine receptor D5	Homo sapiens	NA	13.707	13.588	NA	13.903	16.583	16.643	17.267	NA	16.211	NA	NA	NA	NA	NA
A0A140VK56	TALDO1	transaldolase 1	Homo sapiens	20.191	19.777	19.689	20.234	20.354	19.7	20.03	20.487	20.303	20.271	19.849	NA	20.149	20.812	19.84
A0AAG2UW83	TUBA3D	tubulin alpha 3d	Homo sapiens	19.242	18.835	19.872	19.777	19.477	19.694	19.263	19.511	19.167	18.862	19.568	19.995	19.193	19.24	19.29
A0A590UK20	ANKRD30B	ankyrin repeat domain 30B	Homo sapiens	16.274	16.253	16.466	15.908	16.342	16.778	16.531	16.361	15.746	16.275	16.239	16.973	16.77	NA	15.958
A0A023T787	RBM8A	RNA binding motif protein 8A	Homo sapiens	NA	13.907	14.258	14.423	14.387	NA	15.022	14.84	13.568	NA	14.372	14.513	14.008	14.66	14.603
A0A2R8Y4Z4	ABCC8	ATP binding cassette subfamily C member 8	Homo sapiens	17.276	17.211	17.028	16.731	17.276	17.369	17.258	18.11	16.918	17.228	17.234	17.396	17.256	17.751	16.961
A0A3B3IRL6	CCBE1	collagen and calcium binding EGF domains 1	Homo sapiens	16.226	15.572	NA	15.704	NA	17.997	18.098	18.363	18.088	17.952	15.909	NA	16.454	15.87	NA
Q5VVQ6	YOD1	YOD1 deubiquitinase	Homo sapiens	15.919	15.353	15.95	NA	15.875	15.962	15.786	15.694	15.216	15.097	16.22	15.541	16.033	NA	15.947
A0A384MR61	FBXO27	F-box protein 27	Homo sapiens	NA	14.552	15.102	14.39	14.892	14.914	NA	15.354	14.859	14.238	14.707	NA	NA	14.889	NA
B2RCU6	PAK3	p21 (RAC1) activated kinase 3	Homo sapiens	12.844	NA	12.539	NA	NA	NA	NA	NA	NA	NA	NA	NA	12.428	13.125	NA
B3KV83	SPHK2	sphingosine kinase 2	Homo sapiens	NA	NA	14.909	NA	14.332	16.096	16.257	16.468	15.717	15.536	13.835	NA	NA	14.322	14.645
Q9H813	PACC1	proton activated chloride channel 1	Homo sapiens	17.904	18.421	18.261	17.406	18.243	18.494	18.189	18.67	17.779	17.482	18.063	18.327	18.01	18.607	17.478
A0A1U9X8D6	PRRT1	proline rich transmembrane protein 1	Homo sapiens	17.63	17.886	18.52	NA	18.024	17.896	17.874	18.995	18.382	17.814	17.866	18.542	18.337	17.977	18.276
B3KUI7	DGLUCY	D-glutamate cyclase	Homo sapiens	13.413	14.034	NA	NA	NA	13.948	NA	NA	NA	NA	13.434	13.662	NA	13.921	13.791
Q6ZW59	NUDT8	nudix hydrolase 8	Homo sapiens	16.946	16.979	17.076	16.441	16.773	17.2	16.719	16.824	16.522	16.567	16.936	16.792	17.096	17.203	16.396
A0AAA9YHS1	CACNA1H	calcium voltage-gated channel subunit alpha1 H	Homo sapiens	17.754	17.86	17.246	17.018	17.701	18.01	17.428	18.219	17.042	17.029	17.617	17.611	17.621	17.411	NA
Q6ICJ8	DRICH1	aspartate rich 1	Homo sapiens	15.078	NA	14.655	NA	14.467	17.505	17.091	17.791	17.336	17.334	15.687	16.119	16.199	16.494	15.913
Q53FP3	NFS1	NFS1 cysteine desulfurase	Homo sapiens	15.813	15.386	15.508	14.792	15.292	15.999	NA	15.563	14.84	NA	15.39	15.621	15.56	15.297	15.256
B2RMP9	COL9A2	collagen type IX alpha 2 chain	Homo sapiens	17.14	17.436	17.919	17.136	17.006	17.092	17.489	18.454	16.903	17.469	17.707	17.492	17.461	17.374	16.803
C9JU95	RFC3	replication factor C subunit 3	Homo sapiens	18.52	18.434	18.138	18.093	18.017	17.917	18.393	19.249	17.828	17.574	18.536	18.516	18.291	18.027	17.895
A0A1B0GTR4	SPRR5	small proline rich protein 5	Homo sapiens	NA	NA	NA	NA	NA	NA	NA	NA	13.137	NA	NA	NA	NA	NA	12.713
J3KS22	DCXR	dicarbonyl and L-xylulose reductase	Homo sapiens	13.361	NA	NA	NA	NA	NA	13.436	NA	NA	NA	NA	NA	NA	13.314	NA
D3DTC6	SEMA5A	semaphorin 5A	Homo sapiens	15.42	15.273	16.124	15.726	15.055	15.565	NA	15.779	NA	NA	15.025	16.148	15.136	NA	15.211
Q68D78	CLEC7A	C-type lectin domain containing 7A	Homo sapiens	NA	13.893	13.615	NA	NA	13.876	NA	14.504	NA	12.968	NA	13.89	13.621	14.035	NA
Q92624	APPBP2	amyloid beta precursor protein binding protein 2	Homo sapiens	14.746	14.996	NA	NA	14.875	14.99	14.9	15.602	14.737	NA	NA	15.218	NA	15.438	14.552
A6NJZ6	IGSF3	immunoglobulin superfamily member 3	Homo sapiens	17.627	17.663	16.918	17.161	17.713	17.908	16.856	18.014	NA	18.172	17.074	18.041	17.564	18.173	17.27
G5E9A7	DMWD	DM1 locus, WD repeat containing	Homo sapiens	18.357	16.934	17.4	17.91	17.652	18.266	18.323	18.324	17.556	17.548	17.732	17.765	17.644	17.717	17.615
P63167	DYNLL1	dynein light chain LC8-type 1	Homo sapiens	15.613	15.36	15.175	15.617	15.61	16.099	15.37	16.602	15.231	15.521	NA	NA	NA	NA	13.382
C9J6A7	RPE	ribulose-5-phosphate-3-epimerase	Homo sapiens	NA	NA	NA	NA	NA	14.241	NA	NA	13.232	NA	NA	12.567	NA	13.599	NA
A0A8V8TL19	MEGF6	multiple EGF like domains 6	Homo sapiens	20.154	19.7	19.748	19.116	18.78	19.426	19.194	19.889	19.227	18.823	19.846	19.237	19.407	19.601	19.17
B4DNP1	PRSS36	serine protease 36	Homo sapiens	16.422	16.176	NA	15.528	16.512	16.178	16.286	16.261	15.756	16.252	15.959	15.98	16.176	16.526	15.772
Q8TBA5	CYSTM1	cysteine rich transmembrane module containing 1	Homo sapiens	NA	NA	NA	NA	NA	11.092	NA	NA	NA	NA	NA	NA	NA	NA	NA
A0A0A8K9B4	FAM3D	FAM3 metabolism regulating signaling molecule D	Homo sapiens	16.504	16.213	16.005	16.206	16.522	16.279	16.271	16.308	16.313	16.217	16.324	16.922	16.265	17.084	16.412
A0A0S2Z4C5	S100B	S100 calcium binding protein B	Homo sapiens	15.82	NA	15.697	15.914	16.189	16.155	16.127	16.436	15.907	15.538	15.971	16.56	15.93	16.412	15.699
P81172	HAMP	hepcidin antimicrobial peptide	Homo sapiens	NA	12.47	NA	NA	NA	NA	NA	NA	NA	NA	NA	NA	NA	12.809	NA
B7WPD3	ELOB	elongin B	Homo sapiens	16.29	15.259	NA	15.929	15.766	NA	15.35	16.238	16.12	16.271	16.32	NA	16.433	16.465	15.897
A0A126GW41	OR4F15	olfactory receptor family 4 subfamily F member 15	Homo sapiens	15.888	15.229	15.472	15.272	15.884	15.709	15.595	16.279	NA	15.322	15.555	15.907	16.29	NA	15.087
X6RAY8	MRPL4	mitochondrial ribosomal protein L4	Homo sapiens	15.075	14.918	16.283	15.222	14.964	NA	12.446	NA	12.005	12.394	15.229	15.694	15.047	15.359	15.18
A0A2Z5HTM8	TCF7L2	transcription factor 7 like 2	Homo sapiens	14.821	14.398	NA	13.951	14.54	14.918	14.011	15.318	14.744	NA	14.484	NA	NA	14.917	NA
B4DJN6	BCL7A	BAF chromatin remodeling complex subunit BCL7A	Homo sapiens	18.785	18.962	18.444	17.976	19.083	18.491	17.649	18.553	18.709	18.306	18.375	18.932	18.898	18.931	18.598
H0YL03	ARPIN	actin related protein 2/3 complex inhibitor	Homo sapiens	NA	NA	NA	11.143	NA	NA	NA	NA	NA	NA	NA	NA	12.064	NA	NA
A0A024RBG1	NUDT4B	nudix hydrolase 4B	Homo sapiens	18.303	18.559	18.094	18.118	18.233	18.235	18.334	17.905	17.743	17.96	18.624	18	17.847	18.321	18.368
Q5VYV0	FOXB2	forkhead box B2	Homo sapiens	NA	15.649	14.716	14.579	15.346	NA	12.883	14.235	NA	NA	17.435	17.568	17.862	17.588	17.443
B4DJG7	POC5	POC5 centriolar protein	Homo sapiens	NA	15.226	15.132	14.575	14.857	14.904	15.224	NA	14.578	NA	15.089	15.932	15.214	15.364	15.193
A8K2V8	ZNF280C	zinc finger protein 280C	Homo sapiens	NA	13.11	NA	NA	NA	NA	12.778	NA	NA	NA	NA	12.933	NA	NA	NA
B7Z639	TMTC2	transmembrane O-mannosyltransferase targeting cadherins 2	Homo sapiens	16.645	16.845	16.825	16.23	16.698	17.286	16.632	17.084	16.626	16.484	16.512	16.2	16.664	16.709	16.371
P0C629	OR10J4	olfactory receptor family 10 subfamily J member 4 (gene/pseudogene)	Homo sapiens	NA	14.806	14.487	13.952	NA	14.346	14.329	NA	NA	NA	NA	NA	NA	NA	NA
B2RCB8	PCDH12	protocadherin 12	Homo sapiens	15.825	15.667	15.647	14.885	16.029	15.852	15.808	15.796	NA	15.803	15.782	16.146	15.36	15.611	15.737
A0A7U3JVY0	FGF3	fibroblast growth factor 3	Homo sapiens	NA	15.751	16.217	15.297	15.801	16.335	16.168	17.032	16.068	16.081	16.448	15.827	16.141	NA	16.178
Q9NZC4	EHF	ETS homologous factor	Homo sapiens	13.052	11.819	NA	NA	NA	12.471	NA	NA	NA	NA	NA	NA	NA	NA	12.242
A0A7I2V2K3	CTSF	cathepsin F	Homo sapiens	15.271	NA	15.024	14.325	14.906	15.398	NA	NA	15.392	14.735	16.832	17.308	17.43	17.785	NA
B0YIX6	BCO2	beta-carotene oxygenase 2	Homo sapiens	15.441	15.944	15.899	15.622	15.291	15.443	15.436	15.873	15.175	14.951	15.938	15.227	15.725	15.653	15.405
P0C0P6	NPS	neuropeptide S	Homo sapiens	16.922	16.836	17.041	16.629	16.775	NA	16.573	17.264	16.604	NA	16.547	NA	16.883	17.469	16.945
O94866	EPM2AIP1	EPM2A interacting protein 1	Homo sapiens	18.105	17.815	18.268	17.583	18.324	17.882	18.024	18.806	17.727	18.404	17.873	18.405	18.131	18.343	17.847
O15539	RGS5	regulator of G protein signaling 5	Homo sapiens	16.658	17.073	16.565	NA	16.299	16.485	16.264	16.834	16.208	15.72	15.439	16.262	15.852	15.983	15.771
A6NF15	ULK4	unc-51 like kinase 4	Homo sapiens	NA	17.667	17.372	17.213	18.347	18.257	17.523	18.458	17.349	18.052	17.588	17.792	17.591	18.312	NA
B3KR75	RETREG3	reticulophagy regulator family member 3	Homo sapiens	18.512	17.832	18.262	NA	18.516	18.059	18.322	18.601	17.737	17.952	17.597	18.175	17.971	19.048	18.002
H7C241	CLDN34	claudin 34	Homo sapiens	19.316	18.69	19.383	19.33	19.085	19.375	18.857	19.783	18.672	19.312	18.908	19.33	19.843	19.593	19.569
A2BDE4	GABRR2	gamma-aminobutyric acid type A receptor subunit rho2	Homo sapiens	20.221	20.057	20.182	19.891	20.538	20.855	20.221	20.938	19.914	20.037	20.059	20.514	20.545	20.423	NA
F8VVS9	TGIF1	TGFB induced factor homeobox 1	Homo sapiens	17.952	17.638	17.577	17.77	17.826	17.973	17.668	18.43	17.403	17.585	17.649	NA	18.09	18.39	17.596
B4DZC9	SLK	STE20 like kinase	Homo sapiens	14.518	NA	14.471	NA	14.421	14.713	NA	NA	NA	14.267	14.166	15.112	14.346	14.947	14.63
A0A0G2JH29	OAZ3	ornithine decarboxylase antizyme 3	Homo sapiens	15.675	15.543	15.305	15.138	NA	15.577	15.344	15.75	NA	14.927	15.643	15.659	15.774	15.917	15.265
A0A0C4DFZ7	TPSD1	tryptase delta 1	Homo sapiens	NA	NA	14.184	NA	13.971	12.246	NA	NA	NA	NA	13.748	NA	13.469	NA	13.824
A8K0V3	TAFA1	TAFA chemokine like family member 1	Homo sapiens	16.654	16.588	16.767	16.758	17.192	17.282	17.162	18.051	17.13	17.131	17.034	17.659	17.207	17.637	17.24
B2RBC5	CDC40	cell division cycle 40	Homo sapiens	NA	17.212	17.053	17.158	17.625	17.228	17.572	17.364	16.746	16.808	14.573	15.086	15.229	15.268	NA
A0A8Q3WL55	FANCB	FA complementation group B	Homo sapiens	15.654	15.283	15.106	15.282	15.17	15.25	15.057	15.354	15.191	15.546	15.108	15.671	15	15.23	15.495
B4DWL5	ZSCAN32	zinc finger and SCAN domain containing 32	Homo sapiens	16.421	16.439	16.436	15.92	16.631	19.729	18.411	19.302	18.183	18.943	16.692	16.62	16.547	16.156	NA
Q5TEU7	WFDC13	WAP four-disulfide core domain 13	Homo sapiens	14.324	14.106	NA	NA	NA	NA	12.638	NA	NA	NA	NA	13.852	14.838	13.878	NA
A8K4K7	LINGO2	leucine rich repeat and Ig domain containing 2	Homo sapiens	19.524	19.394	18.883	18.472	18.997	16.576	15.837	16.861	16.487	NA	16.367	16.835	16.661	16.25	15.841
A8K8T7	ZNF473	zinc finger protein 473	Homo sapiens	NA	19.731	NA	18.186	18.893	17.947	18.194	18.592	18.211	18.016	21.833	22.551	22.202	22.764	22.012
A2A2D3	PAQR7	progestin and adipoQ receptor family member 7	Homo sapiens	16.579	15.742	15.739	15.631	16.127	16.017	15.656	16.623	15.891	NA	16.046	16.564	15.996	16.421	16.352
B7Z2W4	RIMS1	regulating synaptic membrane exocytosis 1	Homo sapiens	14.232	14.178	NA	13.82	NA	NA	13.123	13.852	13.141	13.489	NA	NA	NA	NA	NA
B7ZBZ3	RPTN	repetin	Homo sapiens	19.76	18.183	18.873	18.696	19.421	18.458	18.344	19.275	18.728	18.943	18.673	19.338	19.484	18.814	19.036
Q4G163	FBXO43	F-box protein 43	Homo sapiens	14.833	14.792	14.508	14.174	14.585	14.478	14.081	NA	14.316	14.421	NA	15.002	14.518	14.775	NA
O96025	KCNQ4	potassium voltage-gated channel subfamily Q member 4	Homo sapiens	16.978	16.643	16.512	16.147	16.616	16.7	16.74	16.758	16.715	16.396	16.887	NA	16.429	NA	16.999
B2RE47	FEM1C	fem-1 homolog C	Homo sapiens	NA	16.482	16.318	16.188	16.166	16.492	15.837	16.714	NA	16.265	NA	16.393	16.166	16.539	16.059
A0AAG2UVJ4	OR2T7	olfactory receptor family 2 subfamily T member 7 (gene/pseudogene)	Homo sapiens	14.501	14.254	NA	13.785	14.621	14.836	14.015	14.848	NA	13.859	NA	14.792	14.979	14.057	NA
H0YIL0	DEPDC4	DEP domain containing 4	Homo sapiens	18.133	18.259	17.673	17.632	18.138	17.803	17.221	17.965	17.383	17.92	18.063	17.778	17.887	18.159	17.906
B4DS24	DDX19A	DEAD-box helicase 19A	Homo sapiens	NA	13.182	13.587	13.075	13.971	15.57	NA	16.094	15.638	15.119	13.78	13.8	13.988	13.899	NA
B2RD93	SYDE1	synapse defective Rho GTPase homolog 1	Homo sapiens	18.538	17.967	17.636	17.803	18.093	17.296	17.661	18.687	17.742	17.528	17.886	18.543	17.987	18	17.716
A0A060A9S4	CEP192	centrosomal protein 192	Homo sapiens	16.561	NA	15.98	NA	17.335	19.381	18.825	19.826	18.73	18.757	NA	15.027	NA	14.989	13.949
Q9H4B7	TUBB1	tubulin beta 1 class VI	Homo sapiens	13.949	14.356	NA	NA	NA	14.325	NA	14.137	NA	NA	14.442	14.415	14.593	14.158	NA
A0A126GVI9	OR52E2	olfactory receptor family 52 subfamily E member 2	Homo sapiens	15.171	14.63	14.364	14.442	14.296	14.181	14.091	14.8	13.958	14.376	14.13	NA	14.467	14.871	NA
A4FTV9	H2AC15	H2A clustered histone 15	Homo sapiens	NA	18.072	17.322	NA	18.398	NA	18.124	18.443	17.749	17.599	18.675	17.964	17.738	17.488	17.612
B5MD61	KRT74	keratin 74	Homo sapiens	16.847	16.789	17.422	16.875	16.665	17.045	16.829	17.401	NA	16.86	16.526	17.491	17.038	16.743	17.061
Q96PN2	LXN	latexin	Homo sapiens	15.967	15.085	14.548	15.045	NA	14.581	14.195	15.452	NA	NA	NA	NA	NA	NA	12.733
B2RAU6	PIGQ	phosphatidylinositol glycan anchor biosynthesis class Q	Homo sapiens	16.511	15.759	15.661	NA	15.639	15.177	15.903	16.075	15.627	15.42	15.937	16.148	15.395	16.061	15.783
A8K7K5	KLRK1	killer cell lectin like receptor K1	Homo sapiens	14.992	14.548	14.35	14.395	14.867	14.716	14.645	15.192	NA	NA	NA	NA	14.6	14.485	NA
B4DKF6	STXBP5L	syntaxin binding protein 5L	Homo sapiens	17.49	16.657	17.228	17.178	16.827	16.984	NA	17.218	NA	16.756	17.391	17.736	17.175	17.173	17.31
F8W0V3	LACRT	lacritin	Homo sapiens	NA	15.523	NA	15.617	15.229	15.163	15.442	16.081	15.668	14.856	15.43	15.869	15.354	NA	NA
P51788	CLCN2	chloride voltage-gated channel 2	Homo sapiens	14.966	NA	15.514	14.318	15.216	14.808	14.855	NA	14.891	14.734	15.407	15.057	14.924	15.099	14.872
A0A7U3JVZ2	FGF1	fibroblast growth factor 1	Homo sapiens	14.414	14.448	14.312	14.101	14.236	14.857	14.443	14.993	NA	14.62	13.904	NA	NA	14.317	NA
B2R5E2	BRK1	BRICK1 subunit of SCAR/WAVE actin nucleating complex	Homo sapiens	19.001	19.06	18.932	18.589	18.535	18.687	18.387	19.437	18.866	18.505	19.049	18.889	18.466	19.216	18.23
Q8IZ33	C19orf47	chromosome 19 open reading frame 47	Homo sapiens	17.448	17.389	17.511	17.137	17.57	17.557	17.021	17.981	17.102	17.687	17.148	17.503	17.459	17.392	17.212
A8KAF0	CCR6	C-C motif chemokine receptor 6	Homo sapiens	17.835	18.058	17.959	18.002	17.594	18.683	17.842	18.436	17.77	17.753	17.749	18.32	18.185	17.85	18.02
A6NEZ0	LMF2	lipase maturation factor 2	Homo sapiens	19.568	19.96	19.612	19.4	19.423	20.099	19.646	20.017	19.601	18.832	19.202	19.329	19.901	19.672	18.968
A0A8I5KV41	RHOBTB2	Rho related BTB domain containing 2	Homo sapiens	NA	NA	13.91	13.23	NA	NA	13.864	14.045	13.813	13.377	NA	NA	NA	NA	13.228
B4DG32	SH2D3C	SH2 domain containing 3C	Homo sapiens	20.718	20.784	20.668	20.17	20.299	19.951	20.095	20.963	19.874	19.964	20.175	20	20.87	20.315	20.468
A0A0J9YX86	GOLGA8O	golgin A8 family member O	Homo sapiens	NA	NA	NA	NA	12.858	NA	NA	NA	11.97	NA	NA	12.763	12.098	NA	NA
A0AAG2TI18	USP17L12	ubiquitin specific peptidase 17 like family member 12	Homo sapiens	18.848	18.635	18.432	18.444	18.893	18.362	18.572	19.234	18.477	18.353	18.195	19.03	18.303	18.662	18.29
B7ZKN8	PLPP1	phospholipid phosphatase 1	Homo sapiens	16.617	16.208	15.893	NA	16.297	16.704	16.742	16.448	16.547	NA	16.626	16.869	16.527	16.815	15.957
B2R6D7	CSNK2A3	casein kinase 2 alpha 3	Homo sapiens	13.02	12.891	NA	NA	NA	NA	NA	NA	12.65	NA	NA	NA	NA	12.528	NA
D3DSE6	CFAP298	cilia and flagella associated protein 298	Homo sapiens	16.864	17.31	16.828	16.809	17.193	17.504	16.838	17.554	16.563	16.739	16.279	16.517	17.372	16.808	16.893
Q1AE95	TMEM183A	transmembrane protein 183A	Homo sapiens	19.025	18.82	19.386	17.828	NA	21.251	21.951	22.103	21.853	21.261	20.744	21.602	21.05	21.774	20.907
A0A4Y5UGE4	CD4	CD4 molecule	Homo sapiens	16.988	17.187	16.46	16.187	16.607	17.314	16.198	17.517	16.2	16.66	16.859	17.347	16.855	16.757	16.647
A0A024RDT8	ENOX1	ecto-NOX disulfide-thiol exchanger 1	Homo sapiens	14.208	13.849	13.921	13.512	14.36	13.417	NA	13.726	12.911	NA	14.056	NA	NA	NA	NA
A0A250SI41	NMS	neuromedin S	Homo sapiens	16.096	15.507	15.97	15.274	16.002	15.975	15.554	17.087	15.984	15.779	16.123	16.095	16.027	15.694	16.163
A8MQC9	CLCA4	chloride channel accessory 4	Homo sapiens	15.757	15.289	15.185	NA	15.795	NA	15.315	16.393	15.441	15.871	15.703	15.69	15.805	NA	15.383
A0A087WZP2	DACH1	dachshund family transcription factor 1	Homo sapiens	NA	14.8	15.096	14.276	14.688	15.039	14.065	14.479	14.42	14.79	NA	NA	NA	NA	12.001
A0A3B3ISZ0	AGK	acylglycerol kinase	Homo sapiens	20.497	19.882	19.559	18.97	19.669	19.811	20.151	20.148	19.536	20.09	20.005	20.006	20.013	20.453	19.811
A0A0G2JN09	LOC128966732	putative killer cell immunoglobulin-like receptor like protein KIR3DP1	Homo sapiens	16.006	15.327	16.249	15.864	15.496	15.996	15.543	16.414	NA	15.277	15.897	15.52	15.713	16.054	15.47
A6NHV7	CGREF1	cell growth regulator with EF-hand domain 1	Homo sapiens	NA	14.056	14.092	13.544	14.453	14.552	13.743	NA	NA	NA	13.549	14.03	NA	14.196	NA
E9PM61	RBM4	RNA binding motif protein 4	Homo sapiens	17.236	17.387	16.976	16.623	17.325	17.02	16.957	17.005	16.938	16.924	17.205	17.423	17.094	17.071	17.053
A0A126GVD4	OR5AS1	olfactory receptor family 5 subfamily AS member 1	Homo sapiens	14.404	NA	15.356	14.411	14.277	NA	14.819	NA	NA	NA	17.258	17.504	17.22	17.539	17.182
Q8NGG1	OR8J2	olfactory receptor family 8 subfamily J member 2 (gene/pseudogene)	Homo sapiens	15.652	16.112	15.723	15.997	15.84	17.491	17.451	18.185	17.117	17.71	16.001	17.039	15.717	NA	NA
A0A0A0MSX2	C10orf90	chromosome 10 open reading frame 90	Homo sapiens	15.638	15.853	15.793	NA	NA	16.12	15.346	16.232	15.629	15.781	15.774	15.421	15.861	15.703	15.403
O96006	ZBED1	zinc finger BED-type containing 1	Homo sapiens	16.786	NA	16.845	16.502	16.349	14.614	14.196	NA	14.756	14.562	16.977	16.814	17.024	17.362	17.081
A7E2E1	SMARCA4	SWI/SNF related BAF chromatin remodeling complex subunit ATPase 4	Homo sapiens	15.862	15.377	NA	15.422	16.204	16.173	NA	17.173	15.278	15.724	15.782	15.829	NA	15.865	15.927
O14842	FFAR1	free fatty acid receptor 1	Homo sapiens	15.873	NA	15.76	15.796	16.163	16.289	16.351	16.169	15.988	15.619	16.085	16.505	NA	15.681	15.577
Q2VHY3	CROCC	ciliary rootlet coiled-coil, rootletin	Homo sapiens	15.49	15.48	15.428	NA	15.695	NA	15.227	15.697	NA	14.847	15.471	15.439	15.44	15.234	15.343
E2RVJ0	SLC4A1	solute carrier family 4 member 1 (Diego blood group)	Homo sapiens	16.467	16.335	16.053	15.798	16.659	16.427	NA	NA	16.601	16.309	16.697	NA	16.655	16.578	16.13
B4DUE0	TTC38	tetratricopeptide repeat domain 38	Homo sapiens	19.25	19.347	18.918	18.724	19.246	19.445	18.768	19.568	18.563	18.428	18.852	19.44	19.304	19.399	18.583
Q7L591	DOK3	docking protein 3	Homo sapiens	17.588	17.634	17.518	16.751	16.914	17.738	17.119	17.172	17.304	17.37	17.459	17.934	17.855	17.54	17.13
A0A6M8YDW1	RIOX2	ribosomal oxygenase 2	Homo sapiens	17.62	16.849	17.627	17.196	17.896	17.564	17.465	17.843	16.693	17.119	17.083	18.078	17.698	17.744	NA
A0A2R8YD71	SLC11A2	solute carrier family 11 member 2	Homo sapiens	18.983	18.552	18.706	18.709	18.349	18.243	18.327	18.861	18.605	17.851	18.949	19.369	18.492	18.827	NA
A0A3B3IRX3	MED13L	mediator complex subunit 13L	Homo sapiens	15.477	15.516	14.767	14.427	14.262	14.858	14.991	15.765	14.891	NA	NA	15.255	NA	15.113	14.591
A8K117	SLITRK2	SLIT and NTRK like family member 2	Homo sapiens	15.302	14.732	15.182	14.67	14.62	15.332	NA	15.038	14.698	14.747	14.901	14.755	NA	14.95	NA
A8K678	INSL4	insulin like 4	Homo sapiens	13.992	14.187	NA	14.154	13.798	NA	14.408	14.708	NA	NA	13.692	14.712	13.933	14.545	15.026
A0A0S2Z4I4	TPM3	tropomyosin 3	Homo sapiens	18.856	NA	19.337	18.72	19.019	19.289	19.062	19.541	18.863	18.918	18.934	19.632	19.243	19.424	18.886
B7Z768	NDUFA8	NADH:ubiquinone oxidoreductase subunit A8	Homo sapiens	NA	12.149	NA	NA	NA	NA	NA	12.789	12.359	NA	NA	NA	NA	NA	12.988
B0AZL7	IGFALS	insulin like growth factor binding protein acid labile subunit	Homo sapiens	18.685	18.819	18.562	17.954	18.273	18.717	NA	19.178	17.882	18.009	17.774	18.668	18.628	18.86	18.624
O15098	DCHS1	dachsous cadherin-related 1	Homo sapiens	20.749	20.381	20.279	20.219	21.197	20.476	20.586	21.784	20.896	20.202	20.646	20.466	21.114	20.689	21.185
Q549M8	RTRAF	RNA transcription, translation and transport factor	Homo sapiens	18.553	18.297	17.918	18.009	18.582	18.608	18.284	18.678	18.682	17.983	18.802	18.041	18.988	18.496	17.943
A8K4H7	PPAT	phosphoribosyl pyrophosphate amidotransferase	Homo sapiens	NA	NA	NA	10.66	NA	NA	NA	NA	NA	NA	NA	NA	NA	NA	NA
B4DM76	DCUN1D1	defective in cullin neddylation 1 domain containing 1	Homo sapiens	17.222	16.696	NA	16.816	17.42	16.802	NA	17.578	17.307	16.764	17.409	17.613	17.591	17.244	16.754
B2RCI8	PIGN	phosphatidylinositol glycan anchor biosynthesis class N	Homo sapiens	NA	13.12	NA	NA	NA	NA	13.008	13.111	NA	NA	13.131	NA	NA	NA	13.258
Q8IUD0	RPL39L	ribosomal protein L39 like	Homo sapiens	17.196	17.208	16.847	NA	16.709	16.651	NA	17.529	16.556	16.998	16.886	NA	NA	17.72	16.582
O75323	NIPSNAP2	nipsnap homolog 2	Homo sapiens	18.165	18.052	18.259	17.988	18.729	16.098	NA	16.794	16.315	16.221	18.877	19.267	18.189	18.703	18.499
A0PK90	H2AB1	H2A.B variant histone 1	Homo sapiens	18.707	18.179	18.006	18.47	18.233	18.661	18.444	18.983	17.76	17.932	18.219	18.438	18.605	18.706	18.592
F8W8I6	TIA1	TIA1 cytotoxic granule associated RNA binding protein	Homo sapiens	NA	14.18	14.438	NA	NA	NA	NA	NA	NA	NA	14.126	14.568	14.064	14.79	14.062
A6NKP2	SDR42E2	short chain dehydrogenase/reductase family 42E, member 2	Homo sapiens	18.097	17.139	17.761	17.546	18.358	17.774	17.411	17.884	17.511	17.715	17.859	17.33	17.965	18.25	17.461
Q96T67	ATAD3A	ATPase family AAA domain containing 3A	Homo sapiens	NA	NA	NA	NA	NA	NA	NA	NA	NA	NA	NA	NA	11.046	NA	NA
A8K8X6	CCDC146	coiled-coil domain containing 146	Homo sapiens	17.847	17.068	17.403	17.129	17.204	17.618	17.195	17.796	17.407	16.926	17.109	17.013	17.824	17.25	16.936
Q13308	PTK7	protein tyrosine kinase 7 (inactive)	Homo sapiens	14.269	13.362	NA	13.216	13.814	11.767	NA	NA	NA	NA	16.366	16.614	16.403	16.302	15.78
Q15836	VAMP3	vesicle associated membrane protein 3	Homo sapiens	15.738	16.215	16.522	16.598	16.309	16.062	16.221	16.897	15.685	16.193	15.901	16.488	NA	16.015	16.009
C9JHM3	ZNF737	zinc finger protein 737	Homo sapiens	15.933	15.57	16.066	NA	15.653	17.312	16.705	17.271	16.607	16.803	15.024	15.673	NA	15.599	15.317
A0A2R8Y4W2	EPS8	EGFR pathway substrate 8, signaling adaptor	Homo sapiens	15.017	15.353	14.924	NA	NA	14.984	15.709	15.155	14.92	14.815	NA	15.319	NA	15.211	14.823
A2IAS9	FHIT	fragile histidine triad diadenosine triphosphatase	Homo sapiens	16.721	16.356	16.447	15.793	16.777	15.972	16.356	17.431	16.636	16.199	16.829	16.789	15.946	17.159	16.471
Q8N998	CCDC89	coiled-coil domain containing 89	Homo sapiens	18.195	NA	18.783	18.311	19.142	18.601	18.338	18.85	18.189	18.173	18.586	18.645	18.571	18.603	17.988
Q495U2	SYT10	synaptotagmin 10	Homo sapiens	NA	12.754	NA	NA	13.25	NA	NA	14.1	NA	NA	NA	NA	NA	13.122	NA
A8ASI8	BID	BH3 interacting domain death agonist	Homo sapiens	NA	NA	13.896	NA	NA	NA	13.793	14.194	13.922	NA	NA	NA	NA	14.055	NA
A0A0F7RPU2	CGB1	chorionic gonadotropin subunit beta 1	Homo sapiens	NA	13.882	14.536	13.765	14.265	14.335	NA	NA	NA	14.014	NA	14.596	14.446	14.396	13.65
P03950	ANG	angiogenin	Homo sapiens	NA	16.514	16.23	15.991	16.263	17.193	16.367	17.235	15.856	15.949	16.159	16.572	16.773	15.982	16.362
A0A087WZX2	NDUFB6	NADH:ubiquinone oxidoreductase subunit B6	Homo sapiens	NA	NA	NA	NA	NA	13.1	NA	NA	NA	NA	13.152	13.335	NA	NA	NA
B2R9Y6	SKA1	spindle and kinetochore associated complex subunit 1	Homo sapiens	15.687	15.316	15.118	14.865	15.933	15.206	NA	15.82	NA	14.578	NA	15.441	15.221	15.17	NA
G3V145	SDR16C5	short chain dehydrogenase/reductase family 16C member 5	Homo sapiens	16.373	16.114	16.434	15.672	15.714	16.213	16.491	NA	16.67	16.499	16.398	16.687	16.27	17.119	15.979
P0DKB6	MPC1L	mitochondrial pyruvate carrier 1 like	Homo sapiens	17.054	17.652	NA	16.502	17.455	17.526	16.859	17.655	16.653	17.008	17.399	16.897	17.186	17.404	17.219
A0A1W2PQ69	ZNF888	zinc finger protein 888	Homo sapiens	16.537	16.409	17.294	16.22	16.259	16.366	16.406	16.95	16.589	16.107	16.908	17.079	16.34	16.823	16.083
A2VCR2	SNRPF	small nuclear ribonucleoprotein polypeptide F	Homo sapiens	18.723	18.956	19.12	18.98	19.6	19.289	19.409	19.98	18.643	18.596	18.511	19.036	19.099	19.181	19.086
A0A8I5KR27	RGS7	regulator of G protein signaling 7	Homo sapiens	14.672	NA	14.714	14.034	14.649	NA	NA	15.125	14.331	14.277	14.474	NA	NA	NA	14.579
A0A1U9X938	NOTCH4	notch receptor 4	Homo sapiens	NA	NA	NA	12.827	NA	NA	NA	NA	13.282	NA	NA	14.079	12.779	NA	NA
B7WP03	C14orf93	chromosome 14 open reading frame 93	Homo sapiens	NA	14.035	13.457	13.506	NA	NA	13.737	NA	NA	13.052	NA	13.835	NA	NA	NA
G3V0Z7	FBXO41	F-box protein 41	Homo sapiens	13.741	NA	NA	13.794	13.68	NA	NA	NA	14.091	NA	NA	NA	NA	NA	NA
F6STJ3	POMZP3	POM121 and ZP3 fusion	Homo sapiens	15.559	15.947	15.585	NA	15.641	16.018	16.371	15.847	15.701	15.488	15.754	16.153	NA	15.584	15.537
Q6P5Q7	CCDC73	coiled-coil domain containing 73	Homo sapiens	17.387	17.72	17.187	16.862	16.749	16.513	16.699	NA	17.325	16.627	17.113	17.371	NA	17.632	17.555
A0A0F7RPW6	DDTL	D-dopachrome tautomerase like	Homo sapiens	16.177	15.712	15.959	NA	15.57	16.364	15.94	15.799	16.01	15.698	16.331	16.188	NA	15.778	16.549
Q9BXS1	IDI2	isopentenyl-diphosphate delta isomerase 2	Homo sapiens	NA	13.275	13.387	NA	NA	13.761	NA	NA	13.212	NA	NA	13.534	13.683	NA	13.523
A0A0S2Z451	PCK2	phosphoenolpyruvate carboxykinase 2, mitochondrial	Homo sapiens	20.021	19.895	19.987	NA	20.127	19.703	19.91	20.137	19.232	19.528	20.283	19.616	19.995	20.368	19.481
A6NHC4	ZFP91	ZFP91 zinc finger protein, atypical E3 ubiquitin ligase	Homo sapiens	16.233	16.483	16.209	15.746	16.762	16.539	15.484	16.589	16.643	15.851	16.586	16.853	16.439	16.359	16.178
D3DNG9	AGTR1	angiotensin II receptor type 1	Homo sapiens	NA	NA	NA	NA	NA	NA	NA	14.428	14.651	14.308	15.049	14.665	15.919	NA	14.237
A6NI41	NRDC	nardilysin convertase	Homo sapiens	16.868	16.531	16.767	16.536	16.615	NA	NA	NA	14.492	NA	17.051	17.105	17.005	17.655	16.539
A0A090N8Z4	GIMAP1	GTPase, IMAP family member 1	Homo sapiens	NA	14.018	NA	14.036	14.178	13.493	NA	14.926	14.065	13.553	NA	NA	14.666	14.447	13.781
B7Z5G5	GALNT11	polypeptide N-acetylgalactosaminyltransferase 11	Homo sapiens	15.561	15.812	15.555	NA	NA	14.963	NA	14.908	14.443	14.135	15.709	NA	15.737	15.954	NA
A8K0W4	PARS2	prolyl-tRNA synthetase 2, mitochondrial	Homo sapiens	NA	16.083	16.179	15.622	16.696	15.969	15.394	16.19	15.418	16.168	15.375	15.969	NA	15.502	NA
B3KUM9	SPMIP5	sperm microtubule inner protein 5	Homo sapiens	16.973	16.244	16.094	16.431	17.039	16.721	16.624	16.57	16.361	16.49	16.494	16.575	NA	16.482	NA
A6NHP3	SPDYE2B	speedy/RINGO cell cycle regulator family member E2B	Homo sapiens	16.153	16.064	16.52	16.121	16.528	16.552	16.228	17.228	15.667	16.51	17.379	16.276	16.038	16.381	NA
B3KPK9	CIAO3	cytosolic iron-sulfur assembly component 3	Homo sapiens	15.359	14.821	NA	14.919	15.129	NA	14.769	15.616	14.768	NA	16.634	17.427	16.561	17.143	NA
B3KWE3	TMBIM6	transmembrane BAX inhibitor motif containing 6	Homo sapiens	21.076	20.915	21.098	20.524	20.892	21.208	20.174	21.395	20.389	20.617	NA	20.89	20.403	20.835	19.848
A0A994J6K3	HEG1	heart development protein with EGF like domains 1	Homo sapiens	NA	16.507	16.019	16.198	15.494	15.987	16.318	16.145	15.418	NA	NA	16.434	16.312	16.36	15.769
A8K6G2	RECQL	RecQ like helicase	Homo sapiens	NA	NA	NA	NA	NA	12.434	NA	NA	NA	NA	NA	NA	12.629	12.848	NA
A2A2W8	KANK1	KN motif and ankyrin repeat domains 1	Homo sapiens	19.952	19.45	19.23	19.255	19.408	19.722	19.237	19.307	18.778	18.955	19.375	19.188	NA	19.298	19.254
B7ZGX9	LOC124906932	putative ATP-dependent RNA helicase DDX12	Homo sapiens	18.414	18.197	18.224	18.169	17.609	15.408	NA	15.415	NA	NA	18.656	18.697	17.887	18.679	17.752
Q8N239	KLHL34	kelch like family member 34	Homo sapiens	16.559	17.28	NA	16.552	16.669	16.612	16.444	17.158	16.758	16.377	16.836	16.807	16.81	16.458	16.678
Q6PJQ5	FOXR2	forkhead box R2	Homo sapiens	17.641	16.92	16.734	16.862	17.107	16.953	17.334	17.129	NA	17.061	16.984	17.305	17.43	NA	16.912
A8K4X0	ATP5F1B	ATP synthase F1 subunit beta	Homo sapiens	NA	15.014	14.575	15.061	15.042	14.763	14.531	NA	15.604	NA	NA	NA	NA	NA	13.509
B3KRS2	NAT16	N-acetyltransferase 16 (putative)	Homo sapiens	15.818	16.13	15.708	15.672	15.985	16.066	NA	15.962	NA	NA	15.494	15.629	16.092	16.359	NA
A8KAQ5	SNRNP70	small nuclear ribonucleoprotein U1 subunit 70	Homo sapiens	15.947	15.451	15.468	NA	15.201	15.425	14.806	15.647	15.356	15.271	15.328	15.383	15.462	16.23	14.761
A0AAA9X2X8	COG5	component of oligomeric golgi complex 5	Homo sapiens	NA	13.729	NA	NA	NA	13.98	13.311	14.628	14.013	NA	NA	NA	13.735	NA	13.807
A0A140VJQ5	OGDH	oxoglutarate dehydrogenase	Homo sapiens	16.729	16.077	16.251	15.758	15.862	16.341	16.566	16.449	16.065	15.966	16.834	15.752	16.767	16.543	NA
B2R7B2	CCNG1	cyclin G1	Homo sapiens	NA	NA	15.172	NA	NA	15.29	15.098	NA	14.928	14.804	15.465	15.311	15.09	15.096	14.531
B3KMA0	KLHL20	kelch like family member 20	Homo sapiens	14.166	13.995	NA	NA	14.928	14.209	14.475	14.868	14.452	NA	13.844	14.62	14.855	NA	14.264
B4DQZ9	ZNF582	zinc finger protein 582	Homo sapiens	14.123	NA	NA	NA	14.058	NA	14.557	13.649	NA	13.068	14.559	NA	NA	14.192	NA
A6NJI9	LRRC72	leucine rich repeat containing 72	Homo sapiens	18.061	18.269	18.424	17.763	18.15	20.96	20.49	21.071	20.762	20.481	NA	17.922	17.308	18.422	17.723
A0A087WTF0	PTPDC1	protein tyrosine phosphatase domain containing 1	Homo sapiens	14.682	14.851	NA	14.531	NA	17.227	16.725	17.682	17.303	16.962	15.201	14.768	15.059	15.263	15.226
Q6NSI3	FAM53A	family with sequence similarity 53 member A	Homo sapiens	16.986	17.108	16.718	16.603	16.707	16.824	17.631	17.426	17.251	16.615	17.958	18.335	17.285	17.896	17.959
B2RB73	PERP	p53 apoptosis effector related to PMP22	Homo sapiens	NA	NA	15.235	NA	15.028	14.56	14.97	14.692	NA	15.039	14.908	14.862	14.945	14.698	NA
A0PJX2	TLDC2	TBC/LysM-associated domain containing 2	Homo sapiens	16.39	16.557	16.582	15.665	NA	16.428	16.409	16.931	16.204	NA	15.687	16.925	16.325	16.3	16.141
A0A172Q3A8	FOLR1	folate receptor alpha	Homo sapiens	17.218	17.714	17.932	NA	17.863	17.601	17.7	17.969	17.391	17.994	17.491	17.939	17.419	18.043	17.2
A0A0F7RQE8	FSHB	follicle stimulating hormone subunit beta	Homo sapiens	20.005	19.958	19.943	19.783	19.697	19.912	20.217	20.081	19.558	20.283	20.384	19.744	19.898	20.738	19.994
Q86TJ5	ZNF554	zinc finger protein 554	Homo sapiens	15.75	NA	NA	14.756	NA	NA	NA	14.024	NA	13.565	NA	17.715	17.487	17.851	16.929
Q96SK3	ZNF607	zinc finger protein 607	Homo sapiens	14.939	14.443	14.724	14.625	14.23	14.151	14.95	NA	14.494	13.72	14.405	14.961	NA	15.295	14.725
Q13322	GRB10	growth factor receptor bound protein 10	Homo sapiens	NA	NA	11.873	NA	NA	NA	NA	NA	NA	NA	NA	NA	NA	NA	NA
A6NM73	NUTM2B	NUT family member 2B	Homo sapiens	NA	15.232	14.877	15.332	NA	15.353	15.197	15.472	NA	NA	NA	15.438	15.622	15.6	15.147
A8K407	NLRP12	NLR family pyrin domain containing 12	Homo sapiens	NA	13.244	13.249	13.184	NA	NA	NA	13.759	13.961	NA	NA	NA	13.995	NA	13.027
A0A590UJF1	STRA8	stimulated by retinoic acid 8	Homo sapiens	NA	NA	13.519	NA	NA	13.432	NA	13.792	NA	13.236	13.107	NA	13.61	13.729	13.296
A4FU95	ACSM6	acyl-CoA synthetase medium chain family member 6	Homo sapiens	17.441	17.368	17.221	17.203	17.476	17.114	17.74	18.064	16.499	16.751	16.83	17.447	16.761	17.476	17.118
D3DNM4	B3GALNT1	beta-1,3-N-acetylgalactosaminyltransferase 1 (Globoside blood group)	Homo sapiens	19.459	NA	19.19	19.501	19.677	19.43	18.976	19.876	19.467	19.829	19.161	19.583	19.11	19.268	19.835
Q6ZNS9	LOC124900275	extensin-like	Homo sapiens	16.145	16.051	15.993	15.911	15.664	16.158	16.207	16.373	15.676	15.662	15.879	16.188	15.959	NA	15.732
A0A126GV63	OR10Z1	olfactory receptor family 10 subfamily Z member 1	Homo sapiens	18.063	18.049	17.455	18.227	18.607	18.271	18.514	18.694	18.162	NA	18.422	18.487	18.255	18.765	17.702
B2RDU8	C1orf56	chromosome 1 open reading frame 56	Homo sapiens	15.483	15.205	14.673	15.18	15.757	NA	15.086	15.372	15.383	NA	15.195	15.252	15.318	15.358	15.299
A6NEE1	PLEKHD1	pleckstrin homology and coiled-coil domain containing D1	Homo sapiens	16.756	16.896	NA	16.39	16.602	16.884	16.671	17.366	16.769	16.769	16.927	17.144	16.828	16.57	17.004
Q6FI77	RBM48	RNA binding motif protein 48	Homo sapiens	15.386	15.359	15.329	15.26	15.61	15.263	14.834	15.227	14.576	NA	16.842	16.577	16.282	17.039	16.75
B4E2C7	AREL1	apoptosis resistant E3 ubiquitin protein ligase 1	Homo sapiens	14.755	14.936	NA	14.454	15.064	14.864	14.43	NA	14.781	15.006	NA	NA	NA	15.336	15.238
Q8IZU9	KIRREL3	kirre like nephrin family adhesion molecule 3	Homo sapiens	19.708	20.377	19.861	19.581	19.54	20.651	20.188	20.451	19.509	19.561	20.35	20.442	19.752	20.071	19.507
B3KVV1	THBD	thrombomodulin	Homo sapiens	NA	NA	NA	11.671	NA	NA	NA	NA	NA	NA	NA	NA	NA	NA	NA
B2R5I8	RAB32	RAB32, member RAS oncogene family	Homo sapiens	15.084	14.947	14.89	14.75	15.235	14.89	15.017	16.124	NA	NA	15.133	16.151	15.154	15.21	15.144
Q9UBV2	SEL1L	SEL1L adaptor subunit of SYVN1 ubiquitin ligase	Homo sapiens	15.696	15.261	15.18	15.1	16.449	15.27	15.006	15.447	14.391	14.264	15.378	15.169	15.6	15.867	15.377
A4FU30	ZNF404	zinc finger protein 404	Homo sapiens	17.288	16.27	NA	16.098	16.476	16.057	16.221	17.278	15.18	16.053	16.201	16.059	16.661	16.997	NA
A8K4A5	NPR3	natriuretic peptide receptor 3	Homo sapiens	15.108	14.669	14.627	14.806	15.386	14.339	13.854	15.458	14.194	14.489	NA	14.534	15.227	14.689	14.96
Q17RS7	GEN1	GEN1 Holliday junction 5' flap endonuclease	Homo sapiens	14.605	14.11	14.337	NA	NA	NA	14.621	NA	NA	14.396	14.548	14.169	14.526	14.688	NA
Q96T73	TMPRSS2	transmembrane serine protease 2	Homo sapiens	NA	NA	NA	NA	NA	NA	NA	NA	NA	NA	NA	11.772	NA	NA	NA
D3DVB7	SMG5	SMG5 nonsense mediated mRNA decay factor	Homo sapiens	17.441	17.373	17.41	NA	17.855	17.5	17.471	17.788	17.341	17.508	17.478	17.327	NA	17.75	17.754
A8K8Q7	SLC14A2	solute carrier family 14 member 2	Homo sapiens	NA	14.827	14.65	14.087	NA	14.429	14.835	15.133	NA	15.184	14.188	15.247	14.613	14.552	NA
K7EQ17	NOL4	nucleolar protein 4	Homo sapiens	NA	NA	NA	14.248	14.426	14.855	NA	NA	NA	14.293	14.801	14.662	14.76	14.264	NA
Q567R0	UQCRH	ubiquinol-cytochrome c reductase hinge protein	Homo sapiens	NA	13.699	13.753	13.085	NA	NA	13.783	14.663	NA	NA	13.209	NA	NA	NA	NA
B4DDK6	TIMM23B	translocase of inner mitochondrial membrane 23 homolog B	Homo sapiens	16.758	16.195	16.585	16.006	16.57	NA	16.469	16.677	15.349	16.112	16.371	16.935	16.526	NA	16.235
B7Z9C7	ZNF423	zinc finger protein 423	Homo sapiens	14.783	14.517	14.572	14.382	14.329	14.644	14.403	15.242	14.434	NA	NA	14.674	NA	14.799	NA
Q8N1Q1	CA13	carbonic anhydrase 13	Homo sapiens	NA	16.141	16.164	16.415	17.069	16.61	16.282	17.15	16.418	16.517	19.216	19.418	19.328	19.643	19.314
B4DJJ6	CHAT	choline O-acetyltransferase	Homo sapiens	NA	15.549	15.922	15.803	16.168	15.869	16.061	16.335	15.424	15.831	16.241	15.837	15.853	16.725	NA
A0A140VJD8	ADAM29	ADAM metallopeptidase domain 29	Homo sapiens	NA	14.02	13.7	NA	14.309	NA	NA	14.418	NA	13.723	13.948	NA	NA	13.6	13.026
A8K3S1	GNPDA1	glucosamine-6-phosphate deaminase 1	Homo sapiens	18.842	17.881	18.67	18.499	18.532	20.303	20.28	20.995	20.318	19.988	21.874	21.247	20.749	21.413	21.371
B2RC26	ZER1	zyg-11 related cell cycle regulator	Homo sapiens	16.265	15.76	15.813	15.658	15.384	NA	15.745	16.741	15.902	15.77	NA	15.59	15.608	15.778	15.17
H3BLU7	AKR7A2	aldo-keto reductase family 7 member A2	Homo sapiens	NA	NA	14.336	NA	NA	NA	14.286	15.209	14.404	14.691	14.189	14.958	15.113	14.502	NA
Q3B7J2	GFOD2	Gfo/Idh/MocA-like oxidoreductase domain containing 2	Homo sapiens	15.592	NA	NA	16.171	15.994	16.329	15.465	16.285	15.673	15.613	15.535	16.367	NA	16.218	15.688
Q96SI9	STRBP	spermatid perinuclear RNA binding protein	Homo sapiens	14.662	14.221	13.507	13.908	14.695	16.448	16.097	16.903	15.908	16.028	NA	NA	NA	NA	NA
E9PCN5	CNOT10	CCR4-NOT transcription complex subunit 10	Homo sapiens	15.906	15.509	NA	15.027	15.945	15.255	15.063	NA	NA	NA	NA	15.639	NA	15.572	15.783
A6NE34	SNUPN	snurportin 1	Homo sapiens	16.952	17.042	16.892	16.909	17.358	17.225	NA	NA	17.148	16.986	16.764	16.606	17.294	17.154	16.513
A6NK06	ACOD1	aconitate decarboxylase 1	Homo sapiens	NA	NA	NA	11.193	NA	NA	NA	NA	NA	NA	11.344	NA	NA	NA	NA
B2RBH3	IQCJ-SCHIP1	IQCJ-SCHIP1 readthrough	Homo sapiens	16.376	NA	15.976	15.611	15.277	15.404	15.816	16.371	15.484	15.774	15.572	15.948	15.521	15.751	16.023
A0A0G2JMD5	PRAMEF33	PRAME family member 33	Homo sapiens	15.027	15.135	15.318	15.071	15.115	NA	15.17	16.138	NA	14.486	14.786	15.64	NA	NA	14.951
A8KAG8	ADRB3	adrenoceptor beta 3	Homo sapiens	11.637	NA	NA	NA	NA	NA	NA	NA	NA	NA	NA	NA	NA	NA	NA
Q9UPY7	LOC124905743	low affinity immunoglobulin gamma Fc region receptor III-B	Homo sapiens	NA	14.394	NA	NA	NA	14.663	14.077	14.473	13.818	14.203	NA	14.28	14.411	14.458	14.4
Q14534	SQLE	squalene epoxidase	Homo sapiens	NA	NA	12.111	NA	NA	NA	NA	12.458	NA	12.578	NA	NA	NA	12.239	NA
Q96JN7	ALX4	ALX homeobox 4	Homo sapiens	NA	13.135	13.252	NA	14.088	NA	NA	NA	13.363	13.041	NA	13.939	13.299	NA	13.241
B4DKJ0	KRT4	keratin 4	Homo sapiens	19.706	19.619	20.297	20.39	20.609	20.02	19.493	20.04	20.17	20.003	20.082	20.154	19.974	20.151	19.018
Q9NSA0	SLC22A11	solute carrier family 22 member 11	Homo sapiens	17.514	18.084	17.445	17.839	17.987	17.651	17.541	18.228	17.699	17.711	17.247	18.001	18.141	18.439	17.08
A8K839	IL22RA1	interleukin 22 receptor subunit alpha 1	Homo sapiens	14.222	14.019	14.342	14.383	14.174	15.137	NA	14.941	14.356	14.019	14.422	NA	15.657	15.143	14.75
A0A075B759	PPIAL4E	peptidylprolyl isomerase A like 4E	Homo sapiens	15.801	15.4	15.638	15.546	15.934	18.964	17.825	19.12	18.444	18.068	15.542	15.642	NA	15.249	15.397
Q9NWY4	HPF1	histone PARylation factor 1	Homo sapiens	15.584	15.791	15.741	15.581	NA	15.919	15.336	15.992	NA	NA	NA	15.803	15.948	15.124	15.644
A0A3B3IT45	OR51C1	olfactory receptor family 51 subfamily C member 1	Homo sapiens	21.44	20.362	20.99	21.138	20.885	20.746	20.752	21.105	20.81	21.04	20.715	21.074	20.971	21.525	20.737
A4D221	UNCX	UNC homeobox	Homo sapiens	NA	16.579	NA	16.145	16.499	16.472	NA	16.604	16.474	16.15	16.518	16.311	16.355	16.779	16.103
Q7Z7D0	KCNB2	potassium voltage-gated channel subfamily B member 2	Homo sapiens	18.325	17.822	17.204	17.321	17.55	17.294	17.608	17.972	17.956	17.296	17.691	18.156	18.401	17.69	17.987
B7Z999	BFSP1	beaded filament structural protein 1	Homo sapiens	15.434	15.862	15.476	15.439	NA	15.544	15.743	16.245	15.823	15.457	16.345	16.721	16.153	15.624	15.769
A8K831	NPRL2	NPR2 like, GATOR1 complex subunit	Homo sapiens	NA	NA	NA	NA	NA	NA	NA	NA	11.735	NA	NA	NA	NA	12.657	NA
P52943	CRIP2	cysteine rich protein 2	Homo sapiens	18.243	17.852	17.891	18.335	18.327	18.42	17.554	19.078	17.91	17.913	18.139	18.094	18.238	18.667	18.626
A0A2R8Y6P7	RPS29	ribosomal protein S29	Homo sapiens	16.779	16.664	17.325	16.428	16.784	16.964	17.065	17.094	16.993	16.692	16.886	16.811	16.325	17.312	16.888
A6NNC1	LOC128966637	putative POM121-like protein 1-like	Homo sapiens	16.745	NA	16.329	15.348	15.334	15.749	15.601	NA	15.759	15.579	15.744	16.27	16.464	16.035	16.24
Q8N767	SECISBP2L	SECIS binding protein 2 like	Homo sapiens	16.208	15.555	15.967	15.941	15.989	15.444	15.991	16.049	15.525	NA	15.819	16.12	16.921	NA	16.17
A0A0S2Z478	CRH	corticotropin releasing hormone	Homo sapiens	16.346	16.595	16.519	15.784	16.4	16.661	16.68	16.742	16.171	16.307	16.503	16.593	16.3	16.481	16.73
Q6P4Q6	MTMR10	myotubularin related protein 10	Homo sapiens	NA	15.267	15.131	14.257	NA	15.041	15.263	15.839	15.237	NA	14.644	15.408	15.76	14.997	15.102
F2Z3B6	DERL3	derlin 3	Homo sapiens	NA	NA	12.917	NA	NA	NA	12.765	13.685	12.826	NA	13.198	NA	NA	13.234	NA
B2RMZ9	RPS6KB2	ribosomal protein S6 kinase B2	Homo sapiens	18.131	17.732	17.954	17.941	17.828	19.594	19.863	20.426	19.424	19.588	16.911	18.013	17.467	18.178	17.559
Q5R385	PLA2G2F	phospholipase A2 group IIF	Homo sapiens	19.415	19.332	NA	17.834	19.648	19.105	19.072	19.16	19.194	19.091	19.016	19.385	18.856	19.167	19.445
B7ZLS7	CXorf58	chromosome X open reading frame 58	Homo sapiens	14.968	14.787	14.376	14.562	NA	15.194	NA	15.333	14.711	14.391	NA	16.767	17.226	17.245	16.255
Q8NFZ4	NLGN2	neuroligin 2	Homo sapiens	15.979	15.529	15.082	16.188	15.542	15.446	15.724	16.085	15.662	15.481	16.051	15.585	15.898	15.838	15.567
B4DPV7	CARS1	cysteinyl-tRNA synthetase 1	Homo sapiens	16.325	16.677	16.77	16.3	16.627	18.841	19.206	19.235	19.304	19.27	16.345	16.618	16.18	16.762	15.712
Q5VYX0	RNLS	renalase, FAD dependent amine oxidase	Homo sapiens	15.616	15.203	16.44	15.169	NA	15.489	15.481	15.619	15.247	15.311	15.564	NA	15.7	15.506	15.551
B2RV02	FAM25A	family with sequence similarity 25 member A	Homo sapiens	14.678	14.421	14.396	NA	14.225	17.435	16.913	18.046	16.865	16.604	NA	NA	NA	NA	NA
A0A087WUD2	NEDD9	neural precursor cell expressed, developmentally down-regulated 9	Homo sapiens	23.852	23.598	23.773	23.471	23.492	23.997	23.766	24.419	23.511	23.461	23.845	24.527	24.257	24.477	23.703
A0A0A8K8N9	UQCC4	ubiquinol-cytochrome c reductase complex assembly factor 4	Homo sapiens	18.769	18.025	18.315	17.805	18.51	18.411	18.351	18.686	18.051	18.442	18.001	18.502	NA	18.55	18.347
A0A1B0GW95	IWS1	interacts with SUPT6H, CTD assembly factor 1	Homo sapiens	18.734	17.897	17.844	17.732	18.197	18.425	17.892	18.101	17.842	17.538	18.165	18.439	17.383	17.54	17.553
Q12864	CDH17	cadherin 17	Homo sapiens	16.952	16.791	16.661	16.847	16.776	17.074	17.124	18.19	NA	16.892	16.434	17.079	16.923	17.585	16.975
O60850	PRKACG	protein kinase cAMP-activated catalytic subunit gamma	Homo sapiens	16.668	16.937	NA	16.665	16.96	16.683	16.301	17.117	16.999	16.26	16.405	16.783	15.873	17.192	16.591
A0A1R3UDR5	KLK11	kallikrein related peptidase 11	Homo sapiens	14.803	NA	NA	NA	15.477	14.598	14.917	15.522	NA	15.414	15.559	15.262	15.367	15.27	15.224
A0A0J9YXF7	TAS2R20	taste 2 receptor member 20	Homo sapiens	15.473	15.248	15.246	15.001	15.483	15.877	15.42	16.027	15.486	15.583	15.099	NA	15.1	15.441	15.326
E0D851	GP1BA	glycoprotein Ib platelet subunit alpha	Homo sapiens	19.367	19.314	18.927	18.738	19.221	19.533	18.84	18.666	18.864	18.718	18.692	19.701	NA	19.364	19.488
A0A291FIZ5	NDUFS1	NADH:ubiquinone oxidoreductase core subunit S1	Homo sapiens	16.586	16.222	15.931	15.592	16.3	NA	15.806	16.344	16.175	NA	15.965	16.814	15.89	16.224	NA
A8KAB5	SCYL2	SCY1 like pseudokinase 2	Homo sapiens	NA	15.495	15.321	15.433	15.633	16.289	15.835	16.12	15.607	15.902	16.873	17.36	17.085	17.41	16.873
P51810	GPR143	G protein-coupled receptor 143	Homo sapiens	14	14.132	NA	13.912	13.95	14.002	14.093	NA	14.06	13.692	15.736	16.34	16.085	15.666	15.861
H3BRY8	MT1F	metallothionein 1F	Homo sapiens	16.496	16.153	16.396	16.002	NA	16.079	NA	NA	16.276	15.791	18.334	19.115	18.822	18.918	18.757
Q49UB4	CDCP1	CUB domain containing protein 1	Homo sapiens	NA	14.655	14.986	14.574	15.266	15.259	14.517	15.222	14.894	NA	NA	15.068	14.976	14.832	14.456
A0A2R8Y4D9	OR2I1	olfactory receptor family 2 subfamily I member 1 (gene/pseudogene)	Homo sapiens	14.193	NA	NA	13.707	NA	13.562	13.14	NA	NA	13.81	NA	13.854	13.578	NA	NA
B4DY29	DNAJC5G	DnaJ heat shock protein family (Hsp40) member C5 gamma	Homo sapiens	NA	16.509	17.324	15.922	16.207	16.955	16.299	16.802	16.112	16.588	16.53	17.633	16.773	16.679	16.331
A0A669KB56	STAT1	signal transducer and activator of transcription 1	Homo sapiens	13.285	NA	14.04	NA	NA	13.57	NA	NA	13.426	13.889	13.591	14.246	13.891	13.498	NA
B2R589	RNASE1	ribonuclease A family member 1, pancreatic	Homo sapiens	15.696	14.345	15.295	14.98	14.872	14.84	15.394	NA	15.16	14.767	15.203	15.116	15.206	15.845	15.241
A0A8I5KR70	HEATR3	HEAT repeat containing 3	Homo sapiens	19.071	19.161	18.717	18.366	18.993	18.938	18.708	19.182	18.186	18.903	19.241	18.991	19.429	18.84	18.706
A0A087WZ82	FXYD6-FXYD2	FXYD6-FXYD2 readthrough	Homo sapiens	16.858	16.799	17.366	16.292	16.153	17.008	16.727	17.327	NA	16.836	16.47	16.567	16.943	16.971	16.586
B3KSB7	PPM1J	protein phosphatase, Mg2+/Mn2+ dependent 1J	Homo sapiens	18.696	18.734	18.559	18.414	18.9	18.687	18.562	19.601	18.679	18.578	18.111	18.793	18.929	18.883	18.452
Q8WX77	IGFBPL1	insulin like growth factor binding protein like 1	Homo sapiens	16.047	15.708	16.673	NA	16.737	16.483	16.641	17.16	16.174	15.687	16.187	16.488	NA	16.571	16.353
Q969S3	ZNF622	zinc finger protein 622	Homo sapiens	15.04	NA	NA	14.45	15.41	14.686	NA	15.497	NA	14.797	NA	15.156	NA	15.098	14.255
B4DYF7	PIWIL3	piwi like RNA-mediated gene silencing 3	Homo sapiens	14.576	NA	NA	14.358	14.576	14.16	NA	14.625	NA	13.763	NA	NA	14.467	NA	14.718
Q3V5L5	MGAT5B	alpha-1,6-mannosylglycoprotein 6-beta-N-acetylglucosaminyltransferase B	Homo sapiens	16.619	16.576	16.609	16.716	16.498	16.446	16.328	17.051	16.112	NA	16.631	16.4	17.105	16.434	16.371
O14633	LCE2B	late cornified envelope 2B	Homo sapiens	NA	NA	NA	12.532	NA	NA	12.841	13.007	NA	13.206	13.28	NA	NA	NA	NA
O95948	ONECUT2	one cut homeobox 2	Homo sapiens	15.563	14.822	15.184	15.027	15.35	15.275	14.855	NA	NA	15.221	14.881	14.813	NA	15.733	NA
A0A286YF60	SCYGR3	small cysteine and glycine repeat containing 3	Homo sapiens	15.571	14.695	15.997	NA	15.421	15.798	15.451	15.457	NA	15.254	15.748	15.319	15.3	15.31	15.384
B4DEB6	ACADVL	acyl-CoA dehydrogenase very long chain	Homo sapiens	16.035	15.331	15.141	NA	15.971	15.448	15.454	16.182	NA	NA	15.162	NA	15.558	15.805	15.076
A0AAG2UXC4	LOC112268390	putative protein FAM90A12P	Homo sapiens	17.997	18.475	18.538	17.815	18.425	18.151	18.346	18.435	18.182	17.673	18.284	18.331	18.003	18.242	18.256
B0M0J9	FFAR2	free fatty acid receptor 2	Homo sapiens	NA	NA	NA	14.252	15.292	14.971	14.486	NA	NA	14.667	14.408	15.198	14.756	NA	NA
B2R4P4	RABIF	RAB interacting factor	Homo sapiens	14.319	NA	NA	NA	13.95	NA	13.713	14.316	NA	14.367	NA	14.623	NA	14.379	13.689
Q8NH08	OR10AC1	olfactory receptor family 10 subfamily AC member 1 (gene/pseudogene)	Homo sapiens	NA	14.375	NA	13.99	14.216	13.826	NA	NA	13.066	14.104	14.135	14.445	14.152	14.558	NA
Q5TCZ8	CUTC	cutC copper transporter	Homo sapiens	17.006	16.52	16.782	16.495	16.933	NA	16.879	17.887	17.013	15.81	16.651	18.11	17.265	16.863	16.859
A2RRM7	BBX	BBX high mobility group box domain containing	Homo sapiens	NA	NA	NA	NA	NA	12.268	12.058	NA	NA	NA	12.337	NA	NA	NA	NA
A6NHU9	SHANK2	SH3 and multiple ankyrin repeat domains 2	Homo sapiens	NA	NA	NA	NA	NA	NA	NA	13.272	NA	12.654	NA	NA	NA	NA	13.254
A0A0S2Z4G5	UCP3	uncoupling protein 3	Homo sapiens	17.025	16.928	16.24	16.108	17.089	17.059	16.174	17.041	16.224	16.227	16.613	17.146	16.593	16.72	16.272
A0A0K2GN21	BCKDHB	branched chain keto acid dehydrogenase E1 subunit beta	Homo sapiens	NA	NA	13.774	13.806	NA	NA	13.88	NA	14.198	13.416	13.436	14.341	14.079	14.284	13.765
A8MVW5	HEPACAM2	HEPACAM family member 2	Homo sapiens	16.263	16.296	16.143	NA	16.236	15.88	15.938	NA	15.605	15.365	15.599	16.426	NA	16.613	15.672
B7Z625	NELL2	neural EGFL like 2	Homo sapiens	15.663	15.783	15.318	15.05	15.774	16.122	14.899	15.693	15.229	15.532	15.633	15.942	15.59	NA	14.99
A0MNP2	SNRNP40	small nuclear ribonucleoprotein U5 subunit 40	Homo sapiens	17.575	17.57	16.764	17.077	17.813	17.557	NA	18.212	17.558	17.477	17.188	17.382	18.029	NA	17.683
Q15181	PPA1	inorganic pyrophosphatase 1	Homo sapiens	16.545	16.845	17.021	17.109	16.378	17.193	17.241	17.897	NA	16.598	17.281	17.724	16.566	17.363	17.01
A0A3B3IU54	ANGEL1	angel homolog 1	Homo sapiens	15.044	15.141	NA	14.633	15.765	14.814	14.284	15.078	14.094	NA	15.094	15.955	15.302	14.622	15.539
A4D212	INTS1	integrator complex subunit 1	Homo sapiens	14.537	14.664	15.089	NA	NA	15.053	15.035	NA	NA	14.475	14.374	15.447	NA	15.159	NA
Q6GU65	HHIPL2	HHIP like 2	Homo sapiens	15.044	14.633	14.925	15.002	14.519	15.279	NA	15.209	14.902	14.525	15.077	NA	NA	15.505	14.933
A8K330	WDR75	WD repeat domain 75	Homo sapiens	16.729	16.739	16.218	16.056	16.679	16.721	16.555	16.505	17.074	16.45	16.316	17.156	17.255	16.866	16.707
A0A0A0MRU4	ZNG1F	Zn regulated GTPase metalloprotein activator 1F	Homo sapiens	14.974	16.241	15.656	15.485	15.686	15.525	16.052	15.985	14.948	15.316	15.777	16.273	15.271	15.809	15.427
B2R7J2	ZP2	zona pellucida glycoprotein 2	Homo sapiens	19.564	19.446	19.426	18.401	19.442	19.373	19.095	19.525	19.005	18.486	18.335	19.455	19.216	19.049	NA
F1T0H7	ARHGDIG	Rho GDP dissociation inhibitor gamma	Homo sapiens	NA	13.004	NA	NA	12.889	NA	NA	13.737	NA	NA	13.024	13.139	NA	13.367	NA
Q8TBZ5	ZNF502	zinc finger protein 502	Homo sapiens	13.788	NA	13.441	13.494	NA	13.546	NA	NA	NA	NA	13.088	NA	NA	13.621	13.789
B2RCP2	ZBTB17	zinc finger and BTB domain containing 17	Homo sapiens	14.66	NA	NA	NA	14.41	NA	14.067	14.388	13.187	13.987	14.237	14.276	NA	NA	NA
A0A9E8LN18	SPINK13	serine peptidase inhibitor Kazal type 13	Homo sapiens	23.133	22.889	22.496	22.272	23.451	NA	25.969	25.884	25.353	25.888	23.165	NA	23.217	23.787	22.777
A6NLH1	XPOT	exportin for tRNA	Homo sapiens	NA	15.985	15.983	15.949	16.027	16.375	15.357	16.452	15.757	15.374	16.121	16.285	15.311	16.024	15.763
B3KMR5	RRP12	ribosomal RNA processing 12 homolog	Homo sapiens	17.036	16.587	16.669	16.893	16.376	NA	16.714	16.639	16.175	NA	16.573	NA	17.574	16.699	16.79
Q5MJ07	SPANXN5	SPANX family member N5	Homo sapiens	NA	14.147	NA	NA	14.161	13.891	NA	14.126	NA	13.407	NA	14.004	14.173	13.732	13.752
P53597	SUCLG1	succinate-CoA ligase GDP/ADP-forming subunit alpha	Homo sapiens	15.971	NA	NA	15.09	15.532	15.714	15.755	16.194	15.295	15.25	15.344	15.511	15.803	NA	15.429
B7Z4W6	PCYT2	phosphate cytidylyltransferase 2, ethanolamine	Homo sapiens	NA	18.443	18.335	17.693	NA	17.972	17.649	18.447	17.639	NA	17.422	18.206	18.263	18.603	17.756
O95969	SCGB1D2	secretoglobin family 1D member 2	Homo sapiens	NA	NA	NA	NA	12.115	NA	NA	NA	NA	NA	NA	12.238	NA	NA	NA
D4YW75	ZMIZ2	zinc finger MIZ-type containing 2	Homo sapiens	NA	14.938	14.602	NA	14.865	NA	15.19	NA	14.637	14.459	15.062	NA	15.02	15.506	15.057
B3KPJ2	ATP13A1	ATPase 13A1	Homo sapiens	13.58	13.529	13.3	NA	13.817	NA	NA	NA	NA	NA	13.923	13.845	12.938	NA	NA
B2R6D1	AASDHPPT	aminoadipate-semialdehyde dehydrogenase-phosphopantetheinyl transferase	Homo sapiens	17.009	16.98	16.301	NA	16.879	15.927	16.301	17.003	16.208	16.655	16.219	16.248	16.54	16.987	NA
A0A140VK21	HSFX2	heat shock transcription factor family, X-linked 2	Homo sapiens	17.475	17.186	17.41	17.676	NA	17.425	17.361	18.021	17.813	17.656	17.696	17.623	18.023	17.465	NA
Q9UFN0	NIPSNAP3A	nipsnap homolog 3A	Homo sapiens	14.632	14.326	14.072	13.89	13.87	13.756	14.273	15.194	14.301	NA	NA	14.669	NA	14.475	14.039
O15230	LAMA5	laminin subunit alpha 5	Homo sapiens	15.176	15.118	14.542	NA	15.255	15.373	14.742	15.578	14.978	14.33	NA	15.043	14.592	15.208	14.584
A0A2X0TVT1	ARHGAP36	Rho GTPase activating protein 36	Homo sapiens	NA	15.087	NA	14.7	15.431	NA	15.292	15.34	14.789	14.361	NA	15.023	14.681	14.673	15.011
Q6ZN32	ETV3L	ETS variant transcription factor 3 like	Homo sapiens	17.316	17.294	17.657	17.374	17.937	17.221	17.736	18.118	17.636	17.849	17.742	17.501	17.813	17.696	NA
A8K5Y3	TMCC1	transmembrane and coiled-coil domain family 1	Homo sapiens	15.361	14.691	14.82	14.302	14.811	14.907	14.829	15.213	14.913	14.555	NA	15.65	14.86	14.745	15.084
A0A0S2Z5M1	SEC63	SEC63 homolog, protein translocation regulator	Homo sapiens	18.58	18.641	18.625	18.593	NA	17.022	15.857	17.594	15.935	16.852	18.678	19.478	18.625	18.619	18.673
A0A0G2JNC5	EPHB6	EPH receptor B6	Homo sapiens	NA	15.05	15.313	14.629	NA	15.541	14.865	15.705	14.169	14.89	14.725	15.03	14.974	15.222	15.197
B0YJ17	GATA6	GATA binding protein 6	Homo sapiens	18.902	18.908	18.879	18.221	18.76	19.844	18.772	19.4	18.883	18.51	16.563	17.124	16.758	16.82	15.927
B3KWW5	LGALS9B	galectin 9B	Homo sapiens	16.102	16.305	15.786	16.024	NA	15.559	16.065	16.571	16.177	15.474	15.901	16.515	16.576	16.552	15.924
H0YI09	TMT1A	thiol methyltransferase 1A	Homo sapiens	NA	15.668	15.963	15.479	15.783	15.93	15.986	15.958	15.364	NA	NA	15.308	14.444	14.803	13.856
G5EA26	IGSF9B	immunoglobulin superfamily member 9B	Homo sapiens	15.951	15.187	14.996	15.415	15.734	15.693	14.988	16.563	14.823	15.388	15.36	15.188	15.24	15.572	15.438
F6RWC2	SDR39U1	short chain dehydrogenase/reductase family 39U member 1	Homo sapiens	15.896	15.354	15.702	NA	16.18	15.691	NA	15.647	NA	15.502	15.702	16	NA	15.765	15.665
A4LBB6	TCF15	transcription factor 15	Homo sapiens	17.151	17.438	17.163	17.262	17.681	17.737	17.218	18.598	17.024	17.259	17.528	16.95	17.378	17.833	17.3
A0A0A0MR02	VDAC2	voltage dependent anion channel 2	Homo sapiens	18.164	NA	17.654	17.754	17.557	19.448	19.343	19.673	19.471	18.774	17.839	18.306	17.529	17.58	17.843
Q14F51	ADAMTS7	ADAM metallopeptidase with thrombospondin type 1 motif 7	Homo sapiens	15.816	15.955	16.092	15.373	16.855	16.068	16.473	16.256	NA	16.407	16.061	16.241	15.892	15.98	15.593
A8K4B4	NUSAP1	nucleolar and spindle associated protein 1	Homo sapiens	16.765	15.637	16.189	16.403	16.293	NA	16.097	17.05	16.443	16.762	15.795	17.006	16.405	17.062	15.985
J3QR68	HP	haptoglobin	Homo sapiens	14.597	14.369	14.866	13.998	14.185	14.99	14.729	15.117	13.996	14.112	NA	15.086	NA	14.402	NA
B2RUZ3	CCL4L1	C-C motif chemokine ligand 4 like 1	Homo sapiens	16.249	NA	16.244	15.635	15.927	16.233	15.987	NA	15.256	15.958	15.824	15.866	15.336	16.174	15.495
B3KSI7	XPNPEP1	X-prolyl aminopeptidase 1	Homo sapiens	16.664	16.609	16.462	16.235	16.367	NA	16.877	17.139	16.062	16.863	17.087	17.025	16.535	17.203	16.585
A2IDC6	MRPL28	mitochondrial ribosomal protein L28	Homo sapiens	13.946	13.907	14.224	13.545	13.418	NA	12.7	NA	NA	NA	13.966	NA	NA	NA	NA
A6NLG2	KIF19	kinesin family member 19	Homo sapiens	16.412	NA	16.04	15.579	16.509	16.672	16.357	16.626	16.573	NA	16.716	16.348	16.698	16.28	16.706
A0A0C4DFY5	GPRC5C	G protein-coupled receptor class C group 5 member C	Homo sapiens	NA	15.155	NA	14.459	15.331	15.336	14.323	15.069	14.201	14.803	NA	14.877	14.9	NA	13.748
Q92963	RIT1	Ras like without CAAX 1	Homo sapiens	17.377	16.969	17.014	16.817	17.402	16.861	16.631	17.53	NA	17.426	18.203	18.146	17.994	17.613	17.883
P11474	ESRRA	estrogen related receptor alpha	Homo sapiens	15.25	15.204	14.092	13.834	NA	14.664	13.948	15.001	14.444	NA	NA	NA	NA	11.441	NA
A0A126GW38	OR6B3	olfactory receptor family 6 subfamily B member 3	Homo sapiens	16.54	16.983	16.048	16.365	16.603	16.332	16.445	16.865	16.268	16.43	16.456	16.503	17.099	NA	16.014
Q7Z513	RHOJ	ras homolog family member J	Homo sapiens	16.086	15.812	15.652	15.705	16.362	15.725	15.597	16.306	15.604	15.941	15.747	16.133	15.443	15.889	NA
B2RCV7	AP1AR	adaptor related protein complex 1 associated regulatory protein	Homo sapiens	17.454	16.505	16.709	17.327	17.096	17.348	16.846	16.799	17.126	16.424	17.038	17.047	16.603	NA	17.158
K4DI89	AAMDC	adipogenesis associated Mth938 domain containing	Homo sapiens	14.06	14.342	14.443	NA	NA	NA	14.005	14.999	14.269	13.919	14.151	NA	14.278	NA	NA
B1APV6	LMOD1	leiomodin 1	Homo sapiens	17.262	16.592	17.267	16.933	17.423	17.813	17.041	18.135	17.537	16.993	17.208	17.415	17.449	17.151	17.11
A8KAD0	BCL2L14	BCL2 like 14	Homo sapiens	14.607	NA	NA	14.178	14.842	14.718	NA	14.693	14.402	13.802	NA	NA	NA	14.182	14.442
B4DXD0	TSNAXIP1	translin associated factor X interacting protein 1	Homo sapiens	16.321	16.378	16.249	NA	16.021	16.39	15.782	16.842	16.022	NA	16.025	16.236	15.645	16.268	16.132
Q6AZ91	RAB6B	RAB6B, member RAS oncogene family	Homo sapiens	15.412	NA	15.863	14.978	16.284	15.747	16.189	16.156	15.188	15.318	15.488	NA	15.445	15.903	NA
A0A1V1FWL6	TSC2	TSC complex subunit 2	Homo sapiens	16.565	NA	16.102	16.03	16.601	16.486	16.773	16.462	16.058	16.323	16.53	17.029	16.497	NA	15.923
Q96IY1	NSL1	NSL1 component of MIS12 kinetochore complex	Homo sapiens	16.678	17.039	16.315	16.017	16.91	18.168	17.663	18.268	17.695	18.226	16.988	16.913	16.784	17.251	16.963
B3KQI0	DYRK1B	dual specificity tyrosine phosphorylation regulated kinase 1B	Homo sapiens	14.982	NA	14.317	NA	13.519	NA	NA	NA	NA	NA	NA	NA	NA	NA	NA
A8K6S8	ZBTB1	zinc finger and BTB domain containing 1	Homo sapiens	15.568	15.649	15.68	15.017	16.072	16.144	15.754	16.751	15.552	16.098	16.185	NA	16.212	16.549	15.94
A6NE52	WDR97	WD repeat domain 97	Homo sapiens	NA	NA	NA	NA	NA	NA	NA	12.798	NA	NA	NA	12.57	NA	NA	NA
P27449	ATP6V0C	ATPase H+ transporting V0 subunit c	Homo sapiens	NA	14.276	13.918	14.249	NA	NA	NA	NA	14.905	14.48	NA	14.793	14.351	14.702	15.016
B4DL10	SOCS5	suppressor of cytokine signaling 5	Homo sapiens	13.744	14.504	NA	13.977	14.357	NA	14.003	14.745	14.068	14.335	NA	NA	14.403	14.646	NA
A0A126GV78	OR14A2	olfactory receptor family 14 subfamily A member 2	Homo sapiens	NA	15.671	15.613	15.06	15.44	15.404	14.986	15.403	14.446	15.253	NA	15.192	15.15	15.764	14.988
A8K0X3	COLQ	collagen like tail subunit of asymmetric acetylcholinesterase	Homo sapiens	18.515	18.857	18.398	17.506	18.236	18.472	17.954	18.714	17.942	18.601	18.418	18.673	18.066	18.447	18.317
H3BMZ6	RPUSD1	RNA pseudouridine synthase domain containing 1	Homo sapiens	NA	20.051	19.737	19.367	20.249	17.24	16.94	18.046	16.985	16.982	19.406	20.368	19.965	20.319	19.843
B2R617	HIF1A	hypoxia inducible factor 1 subunit alpha	Homo sapiens	NA	14.071	14.568	12.801	NA	14.142	13.578	14.091	NA	13.543	13.793	NA	NA	14.209	NA
A6NDF8	NABP2	nucleic acid binding protein 2	Homo sapiens	13.302	NA	NA	NA	NA	NA	13.025	13.374	NA	NA	NA	13.069	NA	NA	NA
B4DRF1	ASMTL	acetylserotonin O-methyltransferase like	Homo sapiens	NA	16.582	NA	16.518	17.067	16.925	16.628	17.485	NA	16.711	16.742	17.039	17.33	16.731	16.682
D3DUY1	NXT2	nuclear transport factor 2 like export factor 2	Homo sapiens	16.665	16.003	16.346	15.796	NA	NA	15.717	17.058	16.071	16.002	16.587	16.414	15.866	16.172	16.175
Q4QQG1	FREM2	FRAS1 related extracellular matrix 2	Homo sapiens	NA	NA	13.506	13.343	14.307	13.306	13.68	NA	13.24	13.307	13.959	13.835	NA	NA	NA
B2R8Q2	HS3ST2	heparan sulfate-glucosamine 3-sulfotransferase 2	Homo sapiens	16.326	16.869	15.792	16.025	16.371	16.793	16.407	17.457	16.604	16.551	16.93	16.302	16.287	16.522	16.46
A0A2X0SFV3	ARHGAP35	Rho GTPase activating protein 35	Homo sapiens	14.336	NA	NA	14.574	NA	NA	14.961	15.062	NA	14.786	NA	14.972	15.387	15.081	14.392
B4DMK4	DLX2	distal-less homeobox 2	Homo sapiens	14.387	NA	14.312	NA	NA	NA	13.593	14.175	NA	NA	NA	NA	13.922	NA	NA
B1AK53	ESPN	espin	Homo sapiens	15.372	15.662	15.681	16.031	16.258	16.031	15.613	15.645	15.613	15.977	15.025	NA	15.445	15.58	15.325
P14415	ATP1B2	ATPase Na+/K+ transporting subunit beta 2	Homo sapiens	15.643	15.55	15.435	15.383	15.731	15.929	15.84	16.236	16.076	NA	NA	NA	15.297	15.68	NA
P0DM35	MT1HL1	metallothionein 1H like 1	Homo sapiens	17.11	16.503	17.317	16.924	17.269	NA	17.178	17.63	16.957	17.582	17.033	17.566	17.033	17.827	17.181
P55273	CDKN2D	cyclin dependent kinase inhibitor 2D	Homo sapiens	15.763	NA	NA	15.433	NA	16.024	NA	16.25	NA	NA	16.183	16.006	15.992	16.334	15.274
A0A024RCQ4	RNF5	ring finger protein 5	Homo sapiens	15.294	15.742	15.855	15.313	15.75	16.131	15.621	16.021	15.847	15.677	15.427	NA	15.647	NA	15.827
A0A140VKG5	KIF2B	kinesin family member 2B	Homo sapiens	NA	13.9	NA	NA	NA	14.268	13.471	NA	NA	13.613	14.115	NA	14.242	NA	13.938
A4QPG7	RBM15B	RNA binding motif protein 15B	Homo sapiens	19.175	19.143	19.359	19.096	19.327	19.798	19.451	19.473	19.197	19.145	18.882	19.565	19.06	19.777	18.992
Q5RHT0	S100A14	S100 calcium binding protein A14	Homo sapiens	17.105	17.633	17.042	17.444	17.473	17.686	16.819	17.667	16.83	NA	17.303	17.456	17.273	17.733	17.781
B4DXF8	ODC1	ornithine decarboxylase 1	Homo sapiens	14.371	NA	14.114	13.592	13.848	NA	13.569	14.385	14.522	13.854	NA	15.3	14.948	14.442	13.956
D3DN64	TAGLN3	transgelin 3	Homo sapiens	16.725	16.721	16.415	15.842	16.662	16.637	16.787	17.022	16.346	16.701	16.58	17	16.643	15.914	16.492
B4E007	PROB1	proline rich basic protein 1	Homo sapiens	15.409	NA	15.994	15.338	15.665	16.018	15.783	16.105	15.742	15.679	15.508	NA	15.524	16.225	15.169
B4DUE8	USHBP1	USH1 protein network component harmonin binding protein 1	Homo sapiens	14.656	NA	14.285	NA	NA	14.012	NA	14.499	NA	13.604	NA	14.063	NA	13.8	14.105
B3KX51	GNAI2	G protein subunit alpha i2	Homo sapiens	NA	14.549	14.512	NA	NA	14.149	NA	14.383	13.681	13.82	NA	NA	NA	14.402	NA
B3KUS1	HCCS	holocytochrome c synthase	Homo sapiens	13.444	13.591	NA	NA	NA	13.513	NA	NA	13.299	NA	NA	NA	NA	NA	13.769
B2R6J7	GPC4	glypican 4	Homo sapiens	18.88	18.479	18.986	18.439	19.304	19.205	18.269	19.796	18.164	19.132	18.58	19.233	19.078	19.317	18.862
A8MUR7	FAM185A	family with sequence similarity 185 member A	Homo sapiens	18.626	19.205	18.428	18.329	18.385	18.289	18.248	18.622	17.834	18.362	18.411	18.791	18.886	18.46	18.5
B2RN10	CEP131	centrosomal protein 131	Homo sapiens	15.898	15.888	16.185	15.436	NA	15.837	15.612	16.207	15.225	16.199	NA	16.35	16.008	16.076	15.831
A6NKT7	RGPD3	RANBP2 like and GRIP domain containing 3	Homo sapiens	17.842	17.918	17.979	18.099	17.914	18.021	17.775	18.672	17.517	18.357	17.777	17.947	NA	18.532	17.762
A8MQ49	RESP18	regulated endocrine specific protein 18	Homo sapiens	14.699	14.916	14.684	14.672	15.032	15.599	14.812	15.695	15.101	NA	14.81	15.359	14.79	14.942	14.683
B2RD17	BEX3	brain expressed X-linked 3	Homo sapiens	15.449	15.415	15.452	NA	15.622	15.984	15.774	15.752	15.075	15.148	15.416	15.396	15.488	15.806	16.049
D3DPQ0	MARCKSL1	MARCKS like 1	Homo sapiens	NA	15.078	NA	14.755	15.277	15.726	14.921	15.525	14.76	NA	14.532	15.005	14.994	NA	15.142
A0AV22	PSKH2	protein serine kinase H2	Homo sapiens	NA	NA	NA	NA	NA	NA	14.889	15.07	14.455	14.426	14.78	NA	14.566	15.324	14.569
Q9NPD3	EXOSC4	exosome component 4	Homo sapiens	17.78	17.335	17.433	17.414	17.593	17.823	17.305	17.773	17.803	17.333	17.203	18.008	16.826	17.213	NA
A6NKN2	RBBP8	RB binding protein 8, endonuclease	Homo sapiens	16.633	16.97	16.81	16.709	16.269	16.404	16.498	16.968	16.506	NA	16.961	16.827	16.839	16.758	16.635
Q8WYR4	RSPH1	radial spoke head component 1	Homo sapiens	11.568	NA	NA	NA	NA	NA	NA	NA	NA	NA	NA	NA	NA	NA	NA
H7C5D9	LRCH4	leucine rich repeats and calponin homology domain containing 4	Homo sapiens	17.471	17.455	NA	16.959	17.652	17.77	17.795	17.984	17.926	17.212	17.904	18.329	17.826	17.978	17.642
A0A8I5KWV8	PKD1L1	polycystin 1 like 1, transient receptor potential channel interacting	Homo sapiens	17.525	NA	17.559	17.039	17.139	17.83	17.924	18.074	17.498	17.533	17.169	17.766	17.689	17.098	17.941
B7ZAU9	SNX19	sorting nexin 19	Homo sapiens	17.592	16.613	16.296	NA	17.239	17.388	17.135	17.185	17.252	16.727	16.566	17.784	16.992	17.104	16.795
F1JZ09	IL17F	interleukin 17F	Homo sapiens	19.644	19.556	19.301	19.287	19.189	19.246	20.136	19.843	19.853	19.294	19.437	19.448	19.858	20.062	NA
B2RPJ3	IL18RAP	interleukin 18 receptor accessory protein	Homo sapiens	16.762	16.204	16.073	15.765	16.717	NA	16.364	17.264	16.826	15.922	16.456	NA	16.28	16.602	16.335
A0AVJ8	MPHOSPH10	M-phase phosphoprotein 10	Homo sapiens	17.262	17.711	17.374	17.269	17.361	17.863	17.228	18.167	17.739	17.841	16.716	17.567	17.763	17.742	17.066
A0A8C8MSB2	PDHX	pyruvate dehydrogenase complex component X	Homo sapiens	17.223	17.311	17.085	16.937	17.201	NA	16.549	17.663	16.939	16.026	17.232	17.685	17.201	17.091	16.689
Q05C57	CYP7B1	cytochrome P450 family 7 subfamily B member 1	Homo sapiens	19.7	19.546	19.629	18.997	19.795	19.694	19.169	19.542	19.114	19.348	19.216	19.991	19.595	18.964	18.824
B3KY39	PI4K2B	phosphatidylinositol 4-kinase type 2 beta	Homo sapiens	18.829	18.717	19.267	18.274	18.698	18.655	18.887	19.888	18.691	18.223	18.927	18.722	NA	19.206	18.943
A8K9S8	SLITRK6	SLIT and NTRK like family member 6	Homo sapiens	16.134	16.172	15.611	15.555	16.179	16.101	NA	NA	15.594	15.867	15.529	16.373	NA	16.664	15.949
A8K614	TMSB15A	thymosin beta 15A	Homo sapiens	19.435	20.243	20.051	19.639	19.496	20.293	19.238	20.623	19.241	19.443	19.63	19.719	19.853	20.423	19.395
O95257	GADD45G	growth arrest and DNA damage inducible gamma	Homo sapiens	16.58	16.16	16.532	15.717	16.83	16.875	16.148	16.69	17.153	16.339	NA	16.912	16.974	16.325	16.432
Q75KN2	GALNTL5	polypeptide N-acetylgalactosaminyltransferase like 5	Homo sapiens	19.298	19.083	19.612	18.956	19.657	19.058	19.052	19.43	18.739	18.743	18.85	19.322	NA	NA	18.83
Q3LI64	KRTAP6-1	keratin associated protein 6-1	Homo sapiens	17.325	16.71	17.674	16.801	17.619	17.35	NA	18.014	17.493	16.976	17.468	16.318	17.501	17.448	16.832
B7Z834	RIMKLB	ribosomal modification protein rimK like family member B	Homo sapiens	18.148	18.152	17.832	NA	17.941	20.384	19.139	20.56	19.728	19.276	16.901	16.498	17.211	17.078	16.982
A0A1B0GV70	TEPSIN	TEPSIN adaptor related protein complex 4 accessory protein	Homo sapiens	15.301	NA	14.952	14.889	15.615	15.102	NA	NA	NA	15.071	15.071	15.344	NA	15.523	15.594
B2R7L4	HADHA	hydroxyacyl-CoA dehydrogenase trifunctional multienzyme complex subunit alpha	Homo sapiens	12.052	NA	NA	NA	NA	NA	NA	NA	NA	NA	NA	NA	NA	NA	NA
B2RCM0	NAP1L3	nucleosome assembly protein 1 like 3	Homo sapiens	15.238	NA	15.211	15.075	15.754	15.855	15.461	16.171	15.845	15.124	15.574	16.091	15.396	16.35	NA
B2RPM1	DEFB107A	defensin beta 107A	Homo sapiens	13.195	NA	NA	NA	13.408	NA	12.398	13.676	12.768	NA	13.503	NA	13.125	12.8	NA
A0A494C0W3	ZNF717	zinc finger protein 717	Homo sapiens	NA	16.81	17.571	16.628	17.044	17.275	17.297	17.782	17.07	17.335	16.934	17.666	17.96	17.225	16.575
P78411	IRX5	iroquois homeobox 5	Homo sapiens	15.965	16.034	15.86	15.848	16.079	NA	15.72	16.688	15.432	15.688	NA	17.052	15.913	16.487	15.745
B3KNI4	CYP26A1	cytochrome P450 family 26 subfamily A member 1	Homo sapiens	12.608	13.606	NA	NA	NA	NA	12.781	NA	12.828	NA	13.733	NA	NA	NA	13.103
A0A126GV94	OR1C1	olfactory receptor family 1 subfamily C member 1	Homo sapiens	14.561	14.749	NA	14.104	14.461	14.702	14.002	NA	NA	14.418	15.439	15.615	15.523	15.925	15.557
A0A087WZ09	GATA4	GATA binding protein 4	Homo sapiens	14.787	15.082	NA	14.482	14.507	NA	NA	15.288	NA	14.739	14.678	15.293	14.302	NA	14.374
B7ZKX5	KIF6	kinesin family member 6	Homo sapiens	15.837	16.562	16.476	15.797	16.536	16.042	16.504	16.61	16.037	NA	16.211	16.764	16.487	16.34	NA
A0A024R2Y1	NICN1	nicolin 1, tubulin polyglutamylase complex subunit	Homo sapiens	15.344	15.599	14.975	14.64	15.175	14.839	15.046	15.418	14.919	14.477	14.682	15.526	14.886	15.486	NA
A8MQ18	TTC5	tetratricopeptide repeat domain 5	Homo sapiens	16.053	15.818	15.552	14.974	NA	15.195	15.37	15.836	NA	15.196	15.571	15.842	15.868	15.67	NA
B3KTR6	MXRA8	matrix remodeling associated 8	Homo sapiens	13.91	13.769	NA	NA	NA	14.28	NA	14.377	NA	NA	13.578	14.119	14.065	NA	13.655
O95997	PTTG1	PTTG1 regulator of sister chromatid separation, securin	Homo sapiens	13.608	13.662	13.709	13.665	NA	14.095	13.949	13.928	NA	13.669	NA	14.061	14.313	NA	NA
Q9NYF0	DACT1	dishevelled binding antagonist of beta catenin 1	Homo sapiens	19.435	18.507	19.509	19.214	18.938	19.441	NA	19.548	NA	NA	19.354	19.623	19.531	19.531	19.231
A0A8I5KT00	NCAPD3	non-SMC condensin II complex subunit D3	Homo sapiens	14.672	NA	14.724	NA	NA	NA	NA	14.735	NA	14.098	14.144	NA	NA	14.352	NA
Q68DA5	USP53	ubiquitin specific peptidase 53	Homo sapiens	17.352	17.3	17.212	17.205	17.663	17.935	17.588	17.191	17.237	16.754	17.709	17.963	17.366	17.462	17.407
B1AKI9	ISM1	isthmin 1	Homo sapiens	18.587	18.11	17.988	18.154	18.198	NA	18.164	18.534	17.78	17.382	18.28	18.303	18.184	17.898	17.986
A5JUU3	P2RY14	purinergic receptor P2Y14	Homo sapiens	NA	16.351	16.236	16.278	16.06	NA	16.295	16.803	16.193	15.61	16.464	16.968	16.439	16.528	16.638
A0A0A0MSE2	HADH	hydroxyacyl-CoA dehydrogenase	Homo sapiens	17.373	16.899	17.165	16.426	NA	NA	17.182	18.101	17.259	17.597	NA	17.492	17.816	17.349	17.657
A0A024R542	TNKS1BP1	tankyrase 1 binding protein 1	Homo sapiens	14.279	NA	NA	NA	14.181	NA	14.143	14.719	13.705	14.084	14.088	14.725	14.815	14.305	NA
Q14221	EEA1	early endosome antigen 1	Homo sapiens	NA	NA	NA	NA	NA	NA	NA	NA	12.485	NA	NA	NA	NA	13.144	NA
A0A7R8GUN5	IFNA2	interferon alpha 2	Homo sapiens	17.346	17.688	17.514	16.961	17.266	18.221	17.093	17.711	17.53	NA	17.419	18.241	NA	17.938	17.733
A0A140VJV6	SPINT2	serine peptidase inhibitor, Kunitz type 2	Homo sapiens	15.083	NA	NA	15.355	NA	NA	NA	15.653	NA	14.955	NA	NA	13.779	NA	NA
Q6PCE2	ARL10	ARF like GTPase 10	Homo sapiens	12.908	NA	NA	NA	NA	NA	NA	NA	12.493	NA	12.898	NA	NA	NA	NA
Q5T366	ZMYND19	zinc finger MYND-type containing 19	Homo sapiens	18.593	18.655	18.688	17.701	18.588	18.548	18.599	NA	18.314	18.463	18.333	18.728	18.18	18.623	18.474
B2R815	SERPINA4	serpin family A member 4	Homo sapiens	NA	NA	14.817	NA	14.011	NA	12.688	13.678	NA	NA	17.029	17.796	17.267	17.33	NA
A0A090N8H6	TMEM176A	transmembrane protein 176A	Homo sapiens	13.371	13.295	NA	NA	NA	15.4	15.257	15.855	15.073	15.3	NA	NA	13.607	NA	NA
A7VJS1	TRPC3	transient receptor potential cation channel subfamily C member 3	Homo sapiens	19.687	19.273	19.894	18.753	19.597	19.565	19.991	20.109	19.052	19.367	19.243	19.599	19.77	19.897	19.247
A0AAG2TNR5	LOC124906759	putative protein FAM90A13P	Homo sapiens	17.439	17.499	16.558	16.375	17.085	NA	15.825	16.588	15.691	15.721	17.375	17.426	17.183	17.601	16.88
A5D6V5	JMJD7	jumonji domain containing 7	Homo sapiens	18.851	18.062	17.995	17.645	18.318	17.471	17.77	18.407	17.834	17.843	18.171	18.359	17.656	18.62	NA
A0A7I2V482	MTHFD2	methylenetetrahydrofolate dehydrogenase (NADP+ dependent) 2, methenyltetrahydrofolate cyclohydrolase	Homo sapiens	14.486	14.382	NA	14.021	14.441	13.931	13.876	14.064	14.197	NA	14.539	NA	NA	14.363	NA
Q13323	BIK	BCL2 interacting killer	Homo sapiens	16.686	16.458	16.371	16.701	16.542	16.566	16.402	16.982	15.92	15.725	16.66	16.655	16.772	16.311	15.8
A0A0A6YYL3	POTEB2	POTE ankyrin domain family member B2	Homo sapiens	14.248	13.96	14.53	13.957	NA	NA	NA	14.621	NA	NA	NA	NA	14.314	NA	NA
P28221	HTR1D	5-hydroxytryptamine receptor 1D	Homo sapiens	18.447	18.361	18.376	17.933	17.99	18.335	18.025	18.736	NA	18.098	18.244	18.438	18.356	17.772	17.679
Q68DE5	MEGF10	multiple EGF like domains 10	Homo sapiens	17.282	16.614	17.192	16.544	17.138	NA	16.597	17.299	16.954	17.284	17.136	16.957	17.377	17.097	17.082
P0DME0	SETSIP	SET like protein	Homo sapiens	19.02	18.983	19.04	18.011	19.562	18.682	19.186	18.73	18.105	18.218	18.521	19.098	18.803	19.676	18.476
O14669	PRRG2	proline rich and Gla domain 2	Homo sapiens	17.586	17.247	17.694	17.444	17.83	17.351	17.402	18.334	17.133	17.813	17.516	17.94	17.676	18.054	17.51
B5MDM9	SPNS1	SPNS lysolipid transporter 1, lysophospholipid	Homo sapiens	NA	NA	NA	14.354	NA	14.181	NA	14.525	14.254	13.919	14.274	14.49	13.887	14.1	14.405
Q9P016	THYN1	thymocyte nuclear protein 1	Homo sapiens	16.896	16.902	16.668	17.185	17.68	17.406	17.34	17.856	17.472	16.687	17.399	NA	16.503	17.061	17.109
A0A0A6YYD2	LIMS4	LIM zinc finger domain containing 4	Homo sapiens	16.447	NA	NA	16.56	16.653	15.791	15.482	16.391	15.341	15.777	16.062	17.204	15.673	16.44	16.183
Q3SY77	UGT3A2	UDP glycosyltransferase family 3 member A2	Homo sapiens	18.567	17.976	18.205	17.753	17.964	17.788	17.996	18.358	18.267	18.132	17.707	17.857	18.302	18.17	17.8
H0YBR0	TRAPPC9	trafficking protein particle complex subunit 9	Homo sapiens	15.567	15.679	NA	NA	16.081	16.236	15.195	16.838	15.632	NA	15.911	16.266	15.484	15.708	NA
B7ZVY3	LOC124908552	G antigen 4	Homo sapiens	18.998	18.779	19.204	18.261	18.334	18.434	18.279	18.943	18.374	18.594	18.734	19.219	18.782	18.363	NA
B4DZ87	TOMM70	translocase of outer mitochondrial membrane 70	Homo sapiens	16.909	16.71	17.026	NA	16.843	16.923	17.046	17.094	17.047	16.693	17.184	17.327	17.228	17.102	17.129
Q9Y520	PRRC2C	proline rich coiled-coil 2C	Homo sapiens	16.77	17.12	NA	16.708	16.689	16.362	16.717	17.356	17.024	16.268	17.449	16.911	NA	NA	16.659
B2R7V5	KIF4A	kinesin family member 4A	Homo sapiens	21.255	21.014	21.052	19.826	20.987	20.619	NA	21.407	20.673	20.005	20.928	NA	20.857	20.807	20.997
A6NP79	AS3MT	arsenite methyltransferase	Homo sapiens	NA	NA	13.84	NA	13.58	NA	13.274	13.945	13.341	NA	NA	NA	13.717	13.245	NA
B2RBT1	CDH12	cadherin 12	Homo sapiens	20.821	21.059	20.712	20.686	21.243	21.613	21.143	21.394	21.049	20.982	21.188	21.586	21.336	21.815	20.937
A6NKI8	U2AF1L4	U2 small nuclear RNA auxiliary factor 1 like 4	Homo sapiens	NA	12.816	13.145	NA	NA	NA	NA	11.695	NA	NA	NA	NA	NA	NA	NA
B3KN17	CHST2	carbohydrate sulfotransferase 2	Homo sapiens	18.574	17.727	17.87	17.228	17.981	17.602	17.5	NA	17.629	17.974	18.438	17.723	18.245	NA	17.535
B2R4Y9	TUSC2	tumor suppressor 2, mitochondrial calcium regulator	Homo sapiens	NA	14.681	14.443	14.062	14.701	15.149	NA	15.876	14.395	14.813	NA	NA	14.849	NA	NA
A0A0S2Z3I9	CTNS	cystinosin, lysosomal cystine transporter	Homo sapiens	16.178	15.999	16.801	15.807	16.868	NA	16.514	NA	16.193	15.669	16.536	17.156	16.33	16.657	NA
A0A126GVL7	OR4C16	olfactory receptor family 4 subfamily C member 16	Homo sapiens	16.438	16.107	16.643	16.479	16.771	16.095	16.378	17.297	16.299	16.324	16.448	16.211	16.603	16.362	16.011
B2RE68	SPRYD7	SPRY domain containing 7	Homo sapiens	13.062	NA	NA	NA	NA	13.097	NA	NA	NA	NA	NA	NA	NA	13.204	NA
B2RZH5	FMNL2	formin like 2	Homo sapiens	20.093	19.793	19.751	19.679	20.121	19.868	19.421	20.889	19.982	20.13	20.156	20.085	19.958	20.423	20.351
Q9NV35	NUDT15	nudix hydrolase 15	Homo sapiens	15.676	15.836	16.467	15.816	16.439	15.877	15.931	NA	NA	16.059	15.909	15.728	15.791	16.288	16.02
Q5JUA5	PCED1A	PC-esterase domain containing 1A	Homo sapiens	16.934	16.464	NA	16.447	16.943	16.663	16.949	17.746	16.574	NA	16.621	17.184	16.855	17.05	16.671
Q14589	ZNF160	zinc finger protein 160	Homo sapiens	18.338	18.087	17.603	17.643	18.11	15.507	15.622	15.662	15.207	15.169	18.147	18.111	18.309	18.453	18.523
B3KMB0	ADIPOR1	adiponectin receptor 1	Homo sapiens	18.555	18.88	18.453	18.59	NA	19.024	19.274	19.29	18.587	18.396	18.531	19.188	18.947	19.093	18.518
A6QRH6	FAM3A	FAM3 metabolism regulating signaling molecule A	Homo sapiens	18.797	18.438	NA	18.189	18.851	19.083	NA	19.123	18.452	18.349	18.847	18.799	18.013	18.859	18.387
F8W0U9	NWD1	NACHT and WD repeat domain containing 1	Homo sapiens	18.052	17.358	18.061	17.605	17.878	18.067	17.001	18.656	17.997	18.056	17.632	17.832	18.216	18.338	17.621
B2R4L9	MED31	mediator complex subunit 31	Homo sapiens	NA	14.993	NA	NA	NA	15.374	15.469	15.59	14.105	15.114	14.579	14.956	14.797	NA	14.458
D3DRI9	PSIP1	PC4 and SRSF1 interacting protein 1	Homo sapiens	15.104	NA	15.634	NA	14.704	14.6	15.277	NA	14.645	14.719	14.745	15.15	15.075	14.44	NA
B2R960	TXNL1	thioredoxin like 1	Homo sapiens	11.863	NA	NA	NA	NA	NA	NA	NA	NA	NA	NA	NA	NA	NA	NA
M0R1P0	ZNF530	zinc finger protein 530	Homo sapiens	15.019	14.381	15.382	14.116	15.441	14.389	14.191	15.04	14.808	14.645	14.505	14.917	14.76	15.151	NA
Q8IWD4	CCDC117	coiled-coil domain containing 117	Homo sapiens	17.552	17.317	NA	17.856	18.496	17.984	17.837	18.064	17.681	17.943	17.65	17.984	17.971	18.017	18.052
Q2M1P2	ZNF454	zinc finger protein 454	Homo sapiens	13.28	NA	13.982	NA	NA	NA	NA	13.342	13.276	NA	NA	NA	NA	13.195	NA
A6NNH8	PTPN20	protein tyrosine phosphatase non-receptor type 20	Homo sapiens	NA	NA	12.167	NA	NA	NA	NA	NA	13.196	NA	NA	NA	NA	NA	NA
P52740	ZNF132	zinc finger protein 132	Homo sapiens	16.141	16.708	16.198	16.205	16.309	15.99	15.842	16.771	16.118	16.112	15.908	16.748	NA	16.769	16.211
A1KXE5	ARMH1	armadillo like helical domain containing 1	Homo sapiens	NA	13.357	13.782	NA	13.491	13.384	NA	NA	NA	NA	13.146	NA	14.209	13.84	13.63
A4D116	DGKB	diacylglycerol kinase beta	Homo sapiens	NA	14.303	NA	14.368	14.334	NA	NA	NA	13.973	NA	14.636	NA	13.942	NA	NA
A6NGS3	TATDN3	TatD DNase domain containing 3	Homo sapiens	18.57	18.712	18.587	18.231	18.651	NA	18.751	18.722	18.551	18.002	18.516	19.14	18.49	18.478	18.259
A8K0N1	SGK2	serum/glucocorticoid regulated kinase 2	Homo sapiens	14.604	NA	NA	14.459	14.574	14.55	NA	14.536	14.175	13.805	NA	14.355	NA	NA	NA
A0A0S2Z561	RAPGEF5	Rap guanine nucleotide exchange factor 5	Homo sapiens	18.03	17.838	18.018	17.241	17.922	18.018	17.93	18.486	17.368	17.159	17.608	18.335	NA	18.164	18.218
B2RA72	CHMP1B	charged multivesicular body protein 1B	Homo sapiens	15.945	16.005	15.599	NA	15.446	NA	15.712	16.092	15.983	15.53	16.395	15.464	16.19	15.677	15.494
A0A1W2PNU3	LOC122455342	testis-specific serine/proline-rich protein	Homo sapiens	18.387	18.942	18.417	18.068	19.343	18.73	18.427	19.246	18.231	18.55	18.787	18.503	18.851	18.837	18.564
I1Z9G4	PFKFB1	6-phosphofructo-2-kinase/fructose-2,6-biphosphatase 1	Homo sapiens	18.704	18.338	18.567	18.222	18.723	20.272	20.102	20.44	19.404	19.833	20.23	21.015	21.371	20.935	NA
E9PC84	TNC	tenascin C	Homo sapiens	NA	20.469	20.101	19.392	20.371	20.479	20.101	21.003	20.043	19.84	20.253	20.561	20.686	20.96	19.992
A1A502	DEFB125	defensin beta 125	Homo sapiens	NA	15.597	15.287	14.832	15.213	15.541	15.597	16.3	15.054	NA	15.421	15.166	15.58	15.444	14.824
A8K9K6	NOP56	NOP56 ribonucleoprotein	Homo sapiens	18.106	18.48	18.386	18.099	18.28	18.169	18.456	18.419	18.007	17.689	18.05	18.062	18.545	18.327	18.046
B4E367	PLXDC2	plexin domain containing 2	Homo sapiens	NA	NA	NA	13.18	13.768	13.54	NA	NA	NA	13.769	13.698	NA	NA	13.919	NA
A0A8I5KW38	GCC2	GRIP and coiled-coil domain containing 2	Homo sapiens	15.828	15.606	15.73	NA	15.646	15.73	15.659	15.402	15.032	15.199	15.598	16.009	15.404	15.416	NA
A0A0A0MQU7	HNF1A	HNF1 homeobox A	Homo sapiens	16.854	16.274	15.852	15.935	16.453	16.443	16.012	16.855	16.017	15.6	16.578	16.731	NA	16.367	NA
Q5TCH7	SPO11	SPO11 initiator of meiotic double strand breaks	Homo sapiens	14.717	14.523	15.079	14.063	15.458	18.072	17.749	18.334	17.927	16.988	NA	NA	NA	NA	12.96
B4DTW8	TIE1	tyrosine kinase with immunoglobulin like and EGF like domains 1	Homo sapiens	18.316	18.062	18.041	18.018	18.457	18.634	17.725	18.985	18.186	17.935	18.512	19.26	18.754	19.419	18.907
Q4W5M0	CCSER1	coiled-coil serine rich protein 1	Homo sapiens	NA	15.927	NA	15.264	15.554	15.446	15.527	NA	NA	NA	15.053	15.578	15.486	15.543	14.955
Q68BL7	OLFML2A	olfactomedin like 2A	Homo sapiens	15.4	16.165	16.33	15.859	16.085	16.058	15.987	16.442	15.905	15.738	15.8	15.981	16.659	15.689	15.595
C9K0P1	RSBN1L	round spermatid basic protein 1 like	Homo sapiens	NA	14.228	13.863	NA	14.187	14.675	14.925	NA	NA	14.114	NA	14.529	NA	14.556	NA
A0AV97	C22orf31	chromosome 22 open reading frame 31	Homo sapiens	16.796	16.498	16.311	NA	16.688	18.774	18.236	18.608	18.309	18.044	16.79	17.112	16.329	16.561	16.163
Q6RWT2	CCDC24	coiled-coil domain containing 24	Homo sapiens	14.503	NA	NA	NA	NA	NA	NA	15.23	NA	13.911	NA	NA	14.292	NA	NA
A1L165	LIN28B	lin-28 homolog B	Homo sapiens	NA	NA	14.383	14.557	14.098	14.533	14.544	15.232	NA	NA	14.44	14.781	NA	14.43	14.826
A0A1B0GTD5	SPMIP11	sperm microtubule inner protein 11	Homo sapiens	15.585	15.767	15.507	14.772	15.703	15.549	15.524	15.901	15.597	15.523	NA	15.668	15.498	15.464	15.475
Q96N66	MBOAT7	membrane bound acylglycerophosphatidylinositol O-acyltransferase MBOAT7	Homo sapiens	NA	15.261	NA	14.087	15.032	14.97	14.568	15.665	14.832	14.662	NA	15.459	14.819	15.231	15.411
Q0P692	TMEM167A	transmembrane protein 167A	Homo sapiens	NA	NA	12.75	NA	NA	12.391	NA	NA	NA	NA	12.881	NA	NA	NA	NA
A0JP17	AQR	aquarius intron-binding spliceosomal factor	Homo sapiens	13.561	NA	12.974	12.273	NA	NA	NA	NA	NA	NA	NA	NA	NA	NA	NA
A0JNS5	VCX	variable charge X-linked	Homo sapiens	17.784	NA	17.435	17.333	18.255	18.04	17.37	17.725	17.866	17.745	17.822	17.882	18.194	18.015	17.92
A8K9X7	ENPP5	ectonucleotide pyrophosphatase/phosphodiesterase family member 5	Homo sapiens	NA	NA	13.549	NA	13.217	14.704	14.574	14.519	13.539	NA	NA	NA	13.603	13.636	13.742
B4DDJ4	SLC8B1	solute carrier family 8 member B1	Homo sapiens	NA	NA	NA	NA	NA	NA	NA	NA	NA	12.908	NA	12.928	NA	NA	NA
E7EQV9	RPL15	ribosomal protein L15	Homo sapiens	17.979	17.057	18.641	NA	17.958	17.881	17.893	19.116	17.313	17.702	18.059	18.312	17.768	18.349	18.052
A7MCY3	ZNF154	zinc finger protein 154	Homo sapiens	16.805	15.907	15.995	16.21	16.689	16.218	16.228	16.86	16.681	16.763	16.495	16.964	16.809	16.569	16.099
A0A2U3U0J3	OR4F5	olfactory receptor family 4 subfamily F member 5	Homo sapiens	NA	14.985	NA	NA	14.522	15.25	14.312	15.347	14.828	14.426	14.987	NA	14.502	15.429	NA
Q6GMT8	SUPT16H	SPT16 homolog, facilitates chromatin remodeling subunit	Homo sapiens	NA	NA	NA	NA	12.071	NA	NA	NA	12.081	NA	NA	NA	12.481	NA	NA
A0A0B4J1R7	BORCS7	BLOC-1 related complex subunit 7	Homo sapiens	NA	19.925	19.751	19.013	20.139	20.385	19.886	20.601	20.028	19.866	18.208	18.54	17.936	18.184	17.53
B2RC63	GDF2	growth differentiation factor 2	Homo sapiens	16.889	17.007	16.709	16.171	17.043	17.051	17.047	17.373	16.605	16.391	16.679	17.583	16.852	17.011	17.237
B0YJ76	DHFR	dihydrofolate reductase	Homo sapiens	14.574	NA	14.466	NA	NA	NA	NA	NA	NA	NA	14.455	NA	14.534	14.079	13.655
A4QPH0	SLC5A1	solute carrier family 5 member 1	Homo sapiens	18.234	17.726	18.131	17.648	17.931	18.367	17.475	18.591	17.911	17.672	18.168	18.611	17.644	18.269	18.056
Q96N87	SLC6A18	solute carrier family 6 member 18	Homo sapiens	NA	14.824	NA	14.605	15.406	15.434	14.805	NA	NA	14.715	NA	15.594	14.999	15.056	15.006
B4DQ86	TAGAP	T cell activation RhoGTPase activating protein	Homo sapiens	18.028	18.524	17.794	18.054	17.943	18.154	17.924	18.723	17.965	17.88	17.942	18.178	18.454	18.47	18.139
A6NLW8	DUXA	double homeobox A	Homo sapiens	NA	NA	NA	NA	NA	13.615	NA	NA	NA	13.165	NA	NA	NA	13.681	NA
A0A0S2Z4R1	YARS1	tyrosyl-tRNA synthetase 1	Homo sapiens	15.92	16.488	16.472	15.941	16.263	16.219	16.574	16.838	15.959	15.98	15.998	16.555	16.738	16.246	NA
Q9UDX5	MTFP1	mitochondrial fission process 1	Homo sapiens	18.279	17.443	17.975	17.773	18.627	18.755	18.041	18.123	18.533	NA	17.996	18.059	18.134	18.116	17.988
Q0VGL1	LAMTOR4	late endosomal/lysosomal adaptor, MAPK and MTOR activator 4	Homo sapiens	15.717	15.112	NA	15.059	15.596	15.358	NA	16.417	15.376	15.523	15.738	16.108	15.972	15.647	15.777
A0A1W2PNP0	PIGT	phosphatidylinositol glycan anchor biosynthesis class T	Homo sapiens	17.196	17.134	17.824	17.056	17.662	17.558	17.495	17.411	16.888	17.583	17.583	17.69	17.579	17.744	17.533
A0A8I5KX72	NKRF	NFKB repressing factor	Homo sapiens	15.136	15.051	14.882	NA	14.88	NA	15.174	15.174	14.851	14.916	15.278	15.573	14.697	15.287	NA
E9PKZ4	TP53I11	tumor protein p53 inducible protein 11	Homo sapiens	15.913	15.636	15.662	15.452	15.516	NA	15.708	16.565	16.225	16.053	15.812	16.417	NA	15.853	15.927
A0A0G2JPY8	LOC112267881	killer cell immunoglobulin-like receptor 2DL1-like	Homo sapiens	17.035	17.08	17.528	16.306	17.404	17.149	17.066	18.017	17.228	16.441	17.196	17.381	17.558	17.342	17.496
Q6P153	NYNRIN	NYN domain and retroviral integrase containing	Homo sapiens	15.182	15.287	15.915	15.567	15.63	15.86	15.649	NA	NA	15.989	15.233	15.686	15.394	16.217	15.588
A6NFW5	BRMS1L	BRMS1 like transcriptional repressor	Homo sapiens	14.258	13.867	14.178	13.571	NA	NA	14.12	13.788	13.892	13.962	NA	13.728	NA	14.799	NA
A8K4R9	LIX1	limb and CNS expressed 1	Homo sapiens	16.149	16.26	15.772	15.397	16.29	16.079	16.303	16.681	NA	15.92	15.392	16.503	16.445	NA	15.596
Q9Y5K3	PCYT1B	phosphate cytidylyltransferase 1B, choline	Homo sapiens	17.839	17.583	16.907	NA	17.316	17.938	17.447	17.802	17.275	17.766	NA	17.601	NA	17.409	17.568
B2RBQ9	FAM210B	family with sequence similarity 210 member B	Homo sapiens	16.25	16.319	16.351	15.883	NA	16.383	16.378	16.719	16.344	16.478	16.535	16.259	16.802	16.441	15.721
B4DN77	CAPN2	calpain 2	Homo sapiens	16.67	16.985	16.29	16.044	16.478	16.574	16.256	16.982	NA	16.733	15.916	16.836	16.922	16.111	15.917
Q7Z4Y8	ATP5MGL	ATP synthase membrane subunit g like	Homo sapiens	17.173	17.1	16.657	16.34	16.478	16.701	16.808	16.814	16.2	16.386	16.402	16.908	16.106	16.876	16.642
A0A1L1Z830	TRPM8	transient receptor potential cation channel subfamily M member 8	Homo sapiens	15.152	15.242	15.348	15.154	15.466	15.462	15.355	15.675	15.543	15.205	15.697	15.478	15.843	15.217	15.04
B2RPE8	NRTN	neurturin	Homo sapiens	15.648	NA	15.447	14.395	15.383	15.158	14.932	15.426	14.914	15.246	14.867	15.334	15.473	NA	NA
Q8TBZ9	TEX47	testis expressed 47	Homo sapiens	20.271	NA	19.691	19.462	NA	19.849	19.795	19.723	19.837	19.167	19.92	19.915	20.275	19.959	19.427
A0A172WC68	HLA-DPA1	major histocompatibility complex, class II, DP alpha 1	Homo sapiens	17.786	17.608	18.044	NA	18.267	18.091	17.757	18.152	17.971	NA	18.071	17.896	17.528	17.822	17.273
B2R4L3	MYL7	myosin light chain 7	Homo sapiens	15.369	15.1	15.234	14.456	14.974	14.981	14.924	15.218	15.414	14.916	14.734	NA	NA	NA	14.584
A0A5F9ZHA4	CTAGE4	CTAGE family member 4	Homo sapiens	16.447	16.015	15.953	15.837	16.181	NA	15.371	NA	14.878	NA	18.893	19.263	19.194	18.767	18.487
B2RC69	HOXB5	homeobox B5	Homo sapiens	16.831	17.343	16.971	NA	16.965	19.774	19.876	20.125	19.418	19.392	15.14	15.411	NA	15.927	15.522
E1P5F2	WASF1	WASP family member 1	Homo sapiens	14.115	14.556	NA	NA	14.184	NA	NA	NA	NA	13.696	14.472	NA	13.898	14.773	14.208
Q59FD1	PIDD1	p53-induced death domain protein 1	Homo sapiens	NA	NA	NA	13.304	NA	NA	NA	NA	12.627	12.669	NA	NA	NA	NA	NA
E9PKT6	CTSH	cathepsin H	Homo sapiens	NA	13.577	NA	NA	13.837	NA	12.946	NA	NA	NA	13.055	13.535	13.575	NA	NA
Q96E11	MRRF	mitochondrial ribosome recycling factor	Homo sapiens	15.591	14.956	15.388	NA	15.128	15.429	NA	16.396	15.111	15.001	16.015	15.704	15.383	15.19	14.991
A4D0Z3	ARF5	ARF GTPase 5	Homo sapiens	19.608	19.199	18.9	19.088	19.755	19.615	19.583	19.888	19.141	19.402	19.137	18.926	19.779	19.418	18.849
B2RCI2	GPR155	G protein-coupled receptor 155	Homo sapiens	14.816	14.437	NA	NA	14.392	14.126	13.853	14.497	14.155	13.895	NA	14.265	NA	15.105	NA
B2RCU2	SLC5A7	solute carrier family 5 member 7	Homo sapiens	14.181	NA	13.759	14.302	13.631	13.638	14.731	NA	13.868	14.073	NA	14.552	14.36	NA	NA
A6NKF9	GPR89B	G protein-coupled receptor 89B	Homo sapiens	19.093	19.055	19.004	18.861	18.87	18.793	NA	18.958	18.096	NA	18.683	19.717	18.877	19.137	18.918
B2R9K9	SSR2	signal sequence receptor subunit 2	Homo sapiens	14.415	14.959	NA	NA	NA	NA	14.632	NA	14.664	14.067	14.908	NA	14.646	15.359	14.825
B7Z253	PHF24	PHD finger protein 24	Homo sapiens	NA	NA	NA	NA	12.781	NA	NA	NA	NA	NA	12.645	12.821	NA	NA	12.571
A0A6Q8PF07	HARS1	histidyl-tRNA synthetase 1	Homo sapiens	17.137	17.732	17.613	16.854	17.425	17.589	17.183	18.134	NA	17.671	17.651	17.6	17.73	17.972	17.578
Q0D2N1	GON7	GON7 subunit of KEOPS complex	Homo sapiens	15.37	15.619	14.893	14.263	15.167	NA	NA	16.152	NA	14.971	15.081	15.497	15.368	15.514	15.356
B0ZBF5	NR3C2	nuclear receptor subfamily 3 group C member 2	Homo sapiens	18.048	17.975	17.517	17.782	18.128	17.658	17.974	17.998	17.559	17.876	17.955	18.339	17.778	17.221	17.503
Q8NEM1	ZNF680	zinc finger protein 680	Homo sapiens	15.414	15.033	15.06	15.332	15.802	15.103	15.071	NA	15.277	14.699	NA	NA	15.369	14.722	15.833
Q8IWX7	UNC45B	unc-45 myosin chaperone B	Homo sapiens	19.905	19.63	19.828	19.524	19.834	19.733	19.626	20.363	19.682	19.26	19.913	20.278	20.153	19.927	19.72
A0A8V8TLM3	POMP	proteasome maturation protein	Homo sapiens	16.946	16.834	17.616	17.075	17.355	17.838	16.991	17.49	17.222	17.114	17.193	17.762	17.656	17.112	NA
P20702	ITGAX	integrin subunit alpha X	Homo sapiens	18.269	18.697	18.041	17.538	18.217	17.655	18.15	18.381	17.324	18.91	17.996	18.403	18.658	18.638	17.843
Q52M42	BTBD3	BTB domain containing 3	Homo sapiens	15.607	15.985	NA	NA	15.498	15.675	15.412	15.715	15.757	15.016	15.681	15.469	16.014	15.529	15.385
A0A6Q8PHD2	IFRD1	interferon related developmental regulator 1	Homo sapiens	15.681	15.524	15.604	15.24	15.711	15.212	15.117	16.15	15.722	15.569	15.346	15.706	15.968	15.564	15.709
B2RC72	MYOD1	myogenic differentiation 1	Homo sapiens	17.482	16.64	17.366	17.064	17.2	17.176	17.192	18.077	16.971	16.653	17.401	17.383	17.317	17.615	17.181
A0A0A0MTI1	DHCR24	24-dehydrocholesterol reductase	Homo sapiens	14.631	14.479	NA	13.415	14.381	15.02	14.486	NA	NA	14.484	NA	14.556	NA	14.211	13.744
A0A075B6F5	MYO18B	myosin XVIIIB	Homo sapiens	17.742	17.76	17.945	17.535	17.866	17.608	17.072	18.042	17.104	17.595	17.234	17.427	17.566	NA	17.215
B3KRD6	SETD5	SET domain containing 5	Homo sapiens	16.749	16.421	16.146	16.504	16.78	16.92	16.196	17.614	16.463	16.953	16.78	16.672	16.64	16.746	16.51
A0AAG2TI18	USP17L5	ubiquitin specific peptidase 17 like family member 5	Homo sapiens	14.995	NA	14.33	NA	14.165	14.303	NA	14.949	13.801	13.72	13.898	NA	14.027	NA	14.392
A0A2R8Y4H4	LRRC9	leucine rich repeat containing 9	Homo sapiens	14.891	14.469	NA	14.111	NA	NA	NA	15.763	15.855	14.438	NA	14.469	NA	14.272	NA
B4DN94	CFAP20	cilia and flagella associated protein 20	Homo sapiens	14.179	NA	14.57	NA	NA	13.962	NA	14.992	14.407	NA	NA	NA	13.231	NA	NA
Q8N800	CCDC168	coiled-coil domain containing 168	Homo sapiens	NA	15.224	15.588	15.595	15.819	15.972	15.081	15.85	15.469	NA	14.386	NA	NA	NA	NA
Q8ND23	CARMIL3	capping protein regulator and myosin 1 linker 3	Homo sapiens	18.972	18.604	NA	17.678	18.823	18.925	18.224	18.997	18.613	18.889	18.71	18.901	18.768	19.204	18.131
A0A0S2Z3F6	CETP	cholesteryl ester transfer protein	Homo sapiens	16.332	16.703	16.626	16.184	16.282	NA	16.186	16.944	16.109	16.295	16.682	16.692	16.375	16.488	16.206
B2RBM3	STK35	serine/threonine kinase 35	Homo sapiens	NA	12.819	NA	NA	NA	NA	NA	NA	11.781	NA	NA	NA	NA	NA	NA
F1T0F7	CRABP1	cellular retinoic acid binding protein 1	Homo sapiens	15.474	14.824	15.497	15.317	NA	15.717	15.132	NA	NA	14.893	15.237	15.428	14.955	14.947	15.486
A0A0U1RRA0	ZNF593OS	ZNF593 opposite strand	Homo sapiens	17.988	17.279	17.272	17.101	17.713	NA	17.373	17.615	NA	17.423	16.87	17.236	17.206	17.923	17.702
Q6P587	FAHD1	fumarylacetoacetate hydrolase domain containing 1	Homo sapiens	NA	13.935	NA	14.389	14.494	14.871	14.588	NA	NA	NA	NA	14.523	14.853	15.183	NA
A0A3B3ISZ2	CSRP3	cysteine and glycine rich protein 3	Homo sapiens	15.457	15.165	15.158	14.628	14.795	14.746	14.62	15.788	14.447	14.562	14.811	15.203	15.286	14.625	14.616
A0A1B0GTB1	EFHC1	EF-hand domain containing 1	Homo sapiens	16.079	15.96	16.232	15.639	NA	16.037	NA	17.068	16.265	15.62	15.985	16.638	16.72	16.306	16.332
A2AMJ8	UAP1L1	UDP-N-acetylglucosamine pyrophosphorylase 1 like 1	Homo sapiens	13.694	NA	NA	13.296	NA	NA	NA	13.838	NA	13.485	NA	14.264	13.508	NA	NA
A9C4C1	RPS9	ribosomal protein S9	Homo sapiens	18.157	17.803	NA	18.006	18.399	18.305	18.155	19.238	17.845	17.938	18.359	18.495	NA	18.327	18.392
A0A2R8Y6V7	SLC12A1	solute carrier family 12 member 1	Homo sapiens	16.811	16.067	16.265	15.841	16.034	16.595	16.205	17.053	16.409	16.389	NA	NA	16.78	15.821	16.512
F8W881	FAM120C	family with sequence similarity 120 member C	Homo sapiens	11.848	NA	NA	NA	NA	NA	NA	NA	NA	NA	NA	NA	NA	NA	NA
Q9UHB4	NDOR1	NADPH dependent diflavin oxidoreductase 1	Homo sapiens	18.111	17.516	17.587	17.254	18.039	18.07	16.992	17.704	16.904	17.157	17.886	18.153	17.631	17.888	17.497
Q8N7F7	UBL4B	ubiquitin like 4B	Homo sapiens	17.574	17.933	NA	17.208	18.046	17.737	17.177	18.678	17.078	17.434	17.706	17.229	17.784	17.985	NA
A8MTH0	POLR3G	RNA polymerase III subunit G	Homo sapiens	NA	14.433	14.557	NA	14.24	14.027	14.167	14.553	NA	13.851	NA	NA	NA	14.708	14.193
C9JGD5	PNMA8B	PNMA family member 8B	Homo sapiens	15.779	15.402	15.438	15.72	15.708	15.411	14.708	NA	NA	15.278	15.632	15.711	15.695	NA	14.825
Q53FS6	TRAP1	TNF receptor associated protein 1	Homo sapiens	14.244	14.778	NA	14.667	NA	NA	14.314	14.841	14.488	NA	14.232	NA	14.339	NA	14.108
Q8IZN5	ZNF174	zinc finger protein 174	Homo sapiens	17.391	18.094	17.14	16.724	17.075	17.098	NA	17.685	17.3	16.808	16.368	NA	16.031	16.424	16.047
E9PAY7	MTCL1	microtubule crosslinking factor 1	Homo sapiens	15.497	NA	15.382	14.347	15.755	NA	14.986	14.928	14.748	14.893	15.384	15.24	15.589	15.184	15.23
B3KTV3	PPP1R3B	protein phosphatase 1 regulatory subunit 3B	Homo sapiens	15.456	15.447	15.905	15.168	NA	15.945	15.333	15.977	NA	NA	NA	15.835	NA	15.772	15.566
O95147	DUSP14	dual specificity phosphatase 14	Homo sapiens	15.736	NA	15.196	14.708	15.319	15.796	NA	NA	15.149	14.677	15.36	15.742	15.707	15.784	15.425
B7Z845	DSG1	desmoglein 1	Homo sapiens	14.63	14.547	14.398	14.508	NA	15.43	14.764	15.446	NA	14.885	15.223	NA	14.819	14.552	NA
Q16698	DECR1	2,4-dienoyl-CoA reductase 1	Homo sapiens	NA	13.427	NA	NA	13.32	NA	13.278	14.224	NA	NA	13.451	NA	13.138	NA	NA
A0A0S2Z3L0	ETFA	electron transfer flavoprotein subunit alpha	Homo sapiens	18.577	18.76	17.621	18.288	18.537	17.886	NA	18.35	17.857	17.918	20.477	20.269	20.366	20.923	19.794
B3KUF1	CLIC5	chloride intracellular channel 5	Homo sapiens	15.318	15.544	15.574	15.57	15.161	16.024	NA	16.273	15.145	15.836	15.31	NA	15.253	16.204	15.017
V9GZ13	LOC128706666	uncharacterized LOC128706666	Homo sapiens	15.525	NA	15.101	15.096	15.107	14.602	NA	15.537	NA	14.782	14.706	14.483	14.594	14.973	13.971
C9JZH2	ABCA10	ATP binding cassette subfamily A member 10	Homo sapiens	NA	15.069	15.798	15.249	15.42	NA	15.161	15.695	14.864	15.381	NA	15.114	15.678	15.723	14.998
A0A087WWQ4	LCE1C	late cornified envelope 1C	Homo sapiens	15.258	15.103	15.696	15.137	15.778	15.547	15.537	16.175	15.819	15.533	15.505	16.417	15.365	NA	15.579
A0A1B0GVX0	LITAFD	LITAF domain containing	Homo sapiens	16.906	NA	16.543	16.145	NA	16.667	15.989	16.691	16.229	16.574	16.696	17.149	16.997	17.545	15.912
A0A024R0A5	RER1	retention in endoplasmic reticulum sorting receptor 1	Homo sapiens	18.024	18.379	18.17	17.89	18.189	18.455	18.409	18.488	17.91	17.633	18.243	18.224	18.262	18.424	17.986
D3DVU7	SLC7A3	solute carrier family 7 member 3	Homo sapiens	17.046	17.103	16.49	16.475	17.197	16.904	NA	17.307	16.834	16.691	16.534	17.244	17.473	17.315	17.142
Q69YX8	TMEM132C	transmembrane protein 132C	Homo sapiens	13.81	NA	14.365	13.725	NA	15.968	16.11	15.95	15.211	15.499	NA	14.288	NA	NA	NA
B4DJT3	LOC124906494	putative POM121-like protein 1-like	Homo sapiens	17.736	NA	17.155	17.417	18.083	19.182	18.023	NA	19.066	NA	17.232	16.945	17.205	17.752	18.077
B4DH71	NRDE2	NRDE-2, necessary for RNA interference, domain containing	Homo sapiens	15.263	15.219	15.354	NA	15.189	15.196	NA	NA	NA	15.012	15.529	NA	16.124	15.323	15.901
O15194	CTDSPL	CTD small phosphatase like	Homo sapiens	21.971	21.901	21.094	21.136	21.323	21.888	21.288	21.918	NA	21.314	21.39	21.577	21.545	22.097	21.347
B7ZAJ4	LOX	lysyl oxidase	Homo sapiens	17.929	17.407	17.651	16.469	17.834	17.617	17.427	18.541	17.298	17.917	17.314	17.815	18.148	18.46	17.425
A0A2U3TZL5	CD59	CD59 molecule (CD59 blood group)	Homo sapiens	16.874	16.366	16.864	NA	16.886	16.599	16.746	17.482	NA	16.476	17.108	16.979	16.929	17.796	16.801
P57740	NUP107	nucleoporin 107	Homo sapiens	15.554	15.687	NA	15.017	15.297	15.238	15.103	16.502	15.413	15.063	NA	15.659	NA	15.741	15.888
Q9UBU3	GHRL	ghrelin and obestatin prepropeptide	Homo sapiens	13.725	14.262	NA	13.733	13.607	13.86	13.851	14.095	13.774	NA	14.044	14.299	13.671	NA	13.357
B7Z9B1	CDH13	cadherin 13	Homo sapiens	NA	15.209	15.115	14.788	15.052	15.206	NA	15.731	NA	15.035	NA	NA	14.396	14.963	14.884
A0A0G2JPM1	ENTREP2	endosomal transmembrane epsin interactor 2	Homo sapiens	13.153	13.341	NA	NA	NA	NA	NA	NA	NA	NA	NA	13.115	NA	NA	NA
A0A7P0MNE9	PRSS3	serine protease 3	Homo sapiens	18.69	18.621	18.452	17.998	18.375	18.452	17.727	18.87	18.514	17.956	19.816	19.519	19.204	18.807	19.093
A0AAG2TI18	USP17L29	ubiquitin specific peptidase 17 like family member 29	Homo sapiens	NA	13.955	NA	NA	14.117	14.217	13.918	14.744	NA	13.801	NA	14.479	NA	NA	13.706
B4DI58	SLC35D3	solute carrier family 35 member D3	Homo sapiens	14.772	14.686	14.939	NA	14.843	14.958	14.593	15.218	14.775	15.008	NA	14.536	NA	NA	14.424
A0A0G2JN52	PPP2R3B	protein phosphatase 2 regulatory subunit B''beta	Homo sapiens	17.032	17.397	16.841	17.283	16.17	17.669	17.135	16.869	16.61	NA	16.957	16.827	17.116	16.711	16.402
A6NG57	IFT25	intraflagellar transport 25	Homo sapiens	NA	NA	NA	12.935	NA	NA	NA	13.751	NA	13.076	14.727	NA	15.353	NA	14.992
A8K595	RD3	RD3 regulator of GUCY2D	Homo sapiens	13.643	13.416	NA	13.626	NA	13.609	NA	NA	NA	NA	NA	NA	NA	NA	13.609
A6XMV5	BPIFA1	BPI fold containing family A member 1	Homo sapiens	17.475	17.538	17.378	16.847	17.835	17.602	16.642	17.84	17.442	16.954	17.533	17.541	17.482	17.852	17.482
Q9ULW5	RAB26	RAB26, member RAS oncogene family	Homo sapiens	13.768	13.606	14.182	NA	13.958	14.523	NA	NA	13.438	13.672	13.619	13.916	13.82	14.079	NA
Q7Z5G3	ACSS1	acyl-CoA synthetase short chain family member 1	Homo sapiens	18.111	17.274	17.523	16.645	16.994	17.76	17.617	17.461	16.547	17.569	NA	17.831	17.5	17.548	17.056
Q96IQ5	ANXA10	annexin A10	Homo sapiens	11.848	NA	NA	NA	NA	NA	NA	12.699	NA	NA	NA	NA	NA	12.628	NA
B2R543	SRXN1	sulfiredoxin 1	Homo sapiens	13.896	13.988	NA	NA	NA	NA	NA	NA	NA	14.056	NA	14.653	13.796	NA	13.607
A0A8V8TQ66	UNG	uracil DNA glycosylase	Homo sapiens	NA	NA	NA	13.497	13.841	NA	NA	NA	NA	NA	14.097	13.955	13.906	14.219	NA
A2RUF6	DENND2A	DENN domain containing 2A	Homo sapiens	15.949	15.354	15.526	14.999	15.518	15.7	15.23	NA	15.379	14.86	NA	15.638	15.328	15.646	15.604
A6NK34	LOC124906705	putative exonuclease GOR	Homo sapiens	14.498	NA	15.203	14.226	14.856	NA	14.462	NA	NA	14.825	14.824	15.292	NA	15.318	NA
A0A1U9X8U7	WDR46	WD repeat domain 46	Homo sapiens	15.712	NA	15.995	NA	16.055	16.237	15.642	16.532	15.546	15.357	15.483	15.962	15.396	15.946	NA
B4DQL5	IFT57	intraflagellar transport 57	Homo sapiens	NA	NA	NA	13.555	NA	NA	NA	14.515	NA	13.49	NA	14.036	14.281	14.364	14.177
A8K5J0	SBSN	suprabasin	Homo sapiens	16.168	16.102	16.185	15.207	16.298	16.611	NA	15.938	NA	15.824	15.944	15.79	16.274	15.755	15.293
P08700	IL3	interleukin 3	Homo sapiens	15.448	NA	15.198	NA	15.819	14.757	NA	14.726	NA	NA	NA	15.404	15.842	15.576	NA
A8K9Y0	PTGFR	prostaglandin F receptor	Homo sapiens	13.215	NA	NA	NA	13.308	NA	NA	13.638	12.522	NA	NA	NA	12.703	NA	NA
A0A494C0Z2	SPDYE13	speedy/RINGO cell cycle regulator family member E13	Homo sapiens	NA	18.159	NA	17.88	17.694	18.028	17.736	18.095	17.882	18.034	17.497	18.112	17.893	NA	17.85
F8VY01	FGD6	FYVE, RhoGEF and PH domain containing 6	Homo sapiens	NA	NA	15.214	13.84	NA	15.03	14.839	15.514	NA	14.454	14.794	15.526	14.715	14.425	15.15
A0A024R2Y2	TMEM115	transmembrane protein 115	Homo sapiens	15.316	15.301	15.135	15.156	15.025	NA	14.804	15.305	15.062	NA	15.262	14.939	15.17	15.576	14.972
B2R5B3	H2AX	H2A.X variant histone	Homo sapiens	16.798	17.075	16.933	16.687	17.059	17.594	17.161	17.386	17.128	16.94	17.298	17.735	18.068	17.685	17.009
B2R9T9	TMEM109	transmembrane protein 109	Homo sapiens	18.659	18.964	18.376	NA	18.678	19.486	19.61	20.307	19.032	19.437	18.55	19.271	18.838	18.485	18.003
A8K504	RPL7	ribosomal protein L7	Homo sapiens	15.822	16.258	15.521	15.449	15.655	15.783	15.382	16.521	15.797	15.775	15.443	15.53	15.966	16.198	NA
B4DZ07	DAZ2	deleted in azoospermia 2	Homo sapiens	15.961	16.52	15.434	15.639	NA	16.04	16.35	16.783	16.415	16.251	15.886	16.14	16.608	16.215	15.785
A0A7P0T947	RBPJ	recombination signal binding protein for immunoglobulin kappa J region	Homo sapiens	18.326	19.109	19.105	19.175	18.823	18.583	18.384	19.263	NA	18.768	18.889	19.006	18.91	18.848	18.485
B2RCP6	ZNF410	zinc finger protein 410	Homo sapiens	14.869	15.204	14.234	14.45	NA	15.092	14.82	15.271	14.435	NA	15.309	15.371	15.254	15.204	NA
A0A126GWQ5	OR56A4	olfactory receptor family 56 subfamily A member 4	Homo sapiens	15.74	15.198	14.65	NA	15.38	15.197	NA	15.423	15.163	15.168	14.757	15.189	15.209	15.064	14.827
A0A654IBU9	GJB7	gap junction protein beta 7	Homo sapiens	15.635	15.394	NA	14.514	15.545	17.294	NA	18.05	17.316	17.075	15.451	NA	NA	16.014	16.449
B1AN47	SPRR1A	small proline rich protein 1A	Homo sapiens	18.735	18.249	18.543	18.028	18.269	18.833	18.104	19	18.35	18.711	18.592	18.682	18.541	18.739	18.892
O15099	PCDHGB4	protocadherin gamma subfamily B, 4	Homo sapiens	17.246	17.44	17.954	17.713	17.171	17.279	16.831	18.389	17.237	17.814	17.958	18.614	17.329	17.684	17.921
P21145	MAL	mal, T cell differentiation protein	Homo sapiens	NA	NA	NA	NA	NA	NA	NA	13.489	NA	NA	12.658	NA	NA	NA	NA
A6NDT7	PLP2	proteolipid protein 2	Homo sapiens	16.026	16.202	NA	16.085	16.893	16.193	NA	16.478	15.383	16.372	15.721	15.825	16.509	16.212	NA
A0A087X179	TBC1D3E	TBC1 domain family member 3E	Homo sapiens	NA	NA	NA	NA	NA	10.222	NA	NA	NA	NA	NA	NA	NA	NA	NA
A8K730	MAPK11	mitogen-activated protein kinase 11	Homo sapiens	16.718	16.453	17.149	17.362	17.051	17.19	17.541	17.461	16.691	16.691	16.541	17.343	17.008	16.614	16.86
A0A5B9RIM3	NR3C1	nuclear receptor subfamily 3 group C member 1	Homo sapiens	16.39	NA	16.453	16.466	16.102	16.513	16.171	17.226	NA	16.454	16.183	17.06	16.891	17.016	16.701
A0A140VKD9	ZDHHC2	zinc finger DHHC-type palmitoyltransferase 2	Homo sapiens	17.915	17.197	17.416	17.069	17.75	17.821	17.686	17.889	17.057	16.939	17.748	17.571	17.028	17.414	17.512
A6NMZ2	SNTN	sentan, cilia apical structure protein	Homo sapiens	15.3	15.192	15.154	NA	15.266	14.761	15.146	16.421	14.659	15.22	14.915	15.587	NA	15.102	15.163
A8K8L7	CAB39	calcium binding protein 39	Homo sapiens	16.771	16.783	16.807	16.34	NA	16.873	16.377	17.875	16.859	NA	NA	17.369	NA	17.359	16.697
A8MT19	RHPN2	rhophilin Rho GTPase binding protein 2	Homo sapiens	13.074	NA	13.861	13.253	NA	NA	13.566	NA	NA	13.791	NA	13.69	NA	13.184	NA
Q7Z2T2	LSM10	LSM10, U7 small nuclear RNA associated	Homo sapiens	17.393	16.752	17.036	NA	17.133	17.804	16.742	17.28	17.135	17.381	17.08	18	17.205	17.568	17.067
B9A029	RGPD4	RANBP2 like and GRIP domain containing 4	Homo sapiens	14.382	14.273	NA	13.638	NA	14.691	14.26	14.369	14.591	13.682	NA	13.895	NA	14.285	NA
B2RAW5	COG3	component of oligomeric golgi complex 3	Homo sapiens	20.437	20.499	20.14	19.794	19.864	20.643	20.291	21.192	20.139	19.658	20.37	20.719	20.279	20.294	20.247
A6NNN2	DMBX1	diencephalon/mesencephalon homeobox 1	Homo sapiens	17.804	16.928	17.866	18.005	17.636	17.806	17.008	17.842	17.774	17.46	17.203	18.171	17.672	17.214	18.08
B4DTW6	KBTBD8	kelch repeat and BTB domain containing 8	Homo sapiens	18.261	17.376	18.21	17.234	17.974	17.818	17.31	18.202	17.232	17.42	18.161	18.422	18.002	18.135	17.517
Q9BQE9	BCL7B	BAF chromatin remodeling complex subunit BCL7B	Homo sapiens	17.067	16.851	16.64	16.562	16.773	16.336	NA	16.92	16.22	16.293	16.49	16.747	16.874	17.175	16.774
A6NJU2	LRRK2	leucine rich repeat kinase 2	Homo sapiens	18.121	18.663	18.016	17.485	18.779	18.089	18.312	18.447	18.102	17.891	18.199	17.92	18.48	18.335	17.618
A0A2X0SFB3	ARHGAP10	Rho GTPase activating protein 10	Homo sapiens	NA	NA	NA	NA	NA	13.148	NA	NA	12.712	NA	12.929	NA	12.932	NA	NA
Q96EG3	ZNF837	zinc finger protein 837	Homo sapiens	NA	15.135	14.678	15.184	14.804	15.527	15.076	15.407	NA	15.058	14.772	14.899	14.766	NA	NA
Q49AH9	TPPP3	tubulin polymerization promoting protein family member 3	Homo sapiens	14.354	14.136	14.346	13.877	13.783	NA	NA	15.141	NA	13.949	NA	14.034	14.091	13.821	NA
B0QYF2	KIAA1671	KIAA1671	Homo sapiens	17.912	17.459	17.014	17.265	16.964	17.381	17.484	18.399	17.437	16.86	17.437	17.581	17.293	17.584	NA
Q05823	RNASEL	ribonuclease L	Homo sapiens	18.688	18.987	19.211	18.445	18.994	18.999	18.053	19.44	18.226	18.75	19.469	NA	19.539	19.217	19.469
A0A3B3IUD7	PDCD11	programmed cell death 11	Homo sapiens	14.476	14.354	NA	NA	NA	NA	14.328	NA	14.342	NA	NA	NA	14.378	NA	NA
E9PJK1	CD81	CD81 molecule	Homo sapiens	16.462	15.625	NA	15.337	NA	16.162	15.37	16.586	15.89	15.252	15.884	16.33	15.749	16.223	15.346
Q5TDL7	MAB21L3	mab-21 like 3	Homo sapiens	17.254	NA	NA	16.743	16.857	16.859	16.688	17.37	16.618	NA	16.81	17.265	17.034	17.313	16.271
B7Z563	GTPBP3	GTP binding protein 3, mitochondrial	Homo sapiens	19.035	18.266	19.01	18.406	19.078	18.382	18.163	19.159	18.889	18.315	18.681	19.202	19.092	19.053	18.574
B9EIQ8	CCDC9B	coiled-coil domain containing 9B	Homo sapiens	18.46	18.405	18.28	17.749	18.787	18.838	18.286	18.941	18.301	18.369	18.868	18.213	18.425	18.644	18.101
A2A2X9	KCNRG	potassium channel regulator	Homo sapiens	19.347	20.274	20.165	19.733	19.81	20.098	19.989	20.21	19.588	19.498	20.09	19.853	19.861	19.784	19.065
P49207	RPL34	ribosomal protein L34	Homo sapiens	NA	NA	NA	13.148	NA	13.68	13.345	NA	NA	13.55	NA	13.618	14.153	13.79	13.667
A6NMW7	RSPH10B	radial spoke head 10 homolog B	Homo sapiens	18.01	17.931	18.145	17.641	18.066	18.069	17.937	17.978	17.966	18.276	18.201	18.598	17.806	17.824	17.411
P19876	CXCL3	C-X-C motif chemokine ligand 3	Homo sapiens	19.237	19.056	18.453	18.805	NA	21.135	20.583	22.012	20.375	20.811	19.425	19.159	18.964	19.155	19.417
A2A3P4	ADORA3	adenosine A3 receptor	Homo sapiens	16.955	16.898	16.843	NA	17.348	17.079	17.074	17.771	17.133	16.674	17.206	17.267	17.067	17.286	16.931
Q9UPR6	ZFR2	zinc finger RNA binding protein 2	Homo sapiens	14.732	NA	14.862	14.55	14.707	14.684	15.272	15.053	14.789	14.676	14.52	14.605	NA	NA	13.996
P57678	GEMIN4	gem nuclear organelle associated protein 4	Homo sapiens	14.543	14.657	14.483	14.275	NA	14.578	NA	NA	14.83	NA	14.359	NA	NA	15.181	14.339
B2RE41	MRPL20	mitochondrial ribosomal protein L20	Homo sapiens	NA	NA	14.087	NA	13.281	NA	14.014	NA	NA	14.186	NA	14.415	NA	NA	13.372
Q15649	ZNHIT3	zinc finger HIT-type containing 3	Homo sapiens	14.482	14.295	14.722	14.281	14.638	14.635	NA	15.382	NA	13.957	NA	14.626	14.633	14.732	NA
B7Z752	KPNB1	karyopherin subunit beta 1	Homo sapiens	NA	12.989	13.344	NA	12.74	NA	NA	NA	NA	12.468	12.807	NA	12.815	NA	NA
D3DW22	OTOR	otoraplin	Homo sapiens	16.147	16.202	16.276	16.111	16.211	15.499	16.001	16.867	NA	15.916	15.848	15.972	16.576	16.771	16.006
A0A087WSX6	FBXW10B	F-box and WD repeat domain containing 10B	Homo sapiens	16.73	15.794	15.997	15.993	16.726	16.105	15.958	16.296	16.212	15.947	16.298	16.282	16.564	16.532	15.726
A8K6K7	GYS1	glycogen synthase 1	Homo sapiens	NA	NA	NA	13.55	13.868	NA	NA	14.573	NA	NA	13.896	NA	NA	13.845	NA
Q8WV93	AFG1L	AFG1 like ATPase	Homo sapiens	18.494	17.694	17.722	17.781	18.324	18.224	17.876	18.286	17.748	17.775	18.122	18.122	17.821	17.853	17.804
A1A528	ZW10	zw10 kinetochore protein	Homo sapiens	17.131	17.082	17.604	16.945	17.105	16.835	17.107	17.582	16.404	17.002	17.004	17.139	16.773	17.48	17.066
W6JLH6	ANO1	anoctamin 1	Homo sapiens	16.483	16.695	16.274	16.227	16.542	17.029	NA	16.908	16.389	16.054	16.851	17.133	16.459	16.307	16.484
A0A8Q3SIB5	TENM2	teneurin transmembrane protein 2	Homo sapiens	NA	12.975	NA	13.221	NA	13.105	NA	13.58	NA	NA	13.201	13.026	13.472	NA	NA
P23610	F8A3	coagulation factor VIII associated 3	Homo sapiens	15.368	15.23	15.101	15.157	15.569	14.715	15.405	16.042	14.652	15.2	15.098	15.73	NA	15.394	14.952
A7MD43	MINAR1	membrane integral NOTCH2 associated receptor 1	Homo sapiens	15.622	15.575	NA	15.36	NA	NA	NA	16.308	15.577	NA	16.068	15.652	16.139	15.994	15.044
A0AAG2TI18	LOC124906406	ubiquitin carboxyl-terminal hydrolase 17-like protein 22	Homo sapiens	16.845	16.777	16.482	16.465	16.345	NA	NA	17.321	16.735	NA	16.822	16.895	16.804	16.959	16.94
Q58EY7	PADI3	peptidyl arginine deiminase 3	Homo sapiens	NA	NA	NA	NA	NA	NA	NA	NA	NA	NA	NA	12.121	NA	NA	NA
Q96LN8	ZNF518B	zinc finger protein 518B	Homo sapiens	NA	15.845	16.044	NA	15.688	16.056	15.415	16.097	15.232	15.432	15.586	16.239	16.091	15.612	15.592
P29374	ARID4A	AT-rich interaction domain 4A	Homo sapiens	NA	NA	12.459	NA	NA	NA	12.101	NA	NA	NA	NA	12.66	NA	12.339	NA
D3DRA2	COL17A1	collagen type XVII alpha 1 chain	Homo sapiens	18.627	18.416	18.49	18.269	18.007	18.61	18.798	18.67	18.189	17.699	18.221	19.174	19.256	18.74	18.771
A8MSY1	STIMATE-MUSTN1	STIMATE-MUSTN1 readthrough	Homo sapiens	NA	15.285	15.752	NA	15.647	NA	16.021	16.014	15.768	NA	15.871	16.372	15.457	15.839	15.861
C5HU01	MLXIPL	MLX interacting protein like	Homo sapiens	16.293	15.963	15.756	15.516	15.57	15.573	15.375	15.944	NA	15.395	16.008	15.888	15.938	NA	NA
A0A804HJ59	ZNF738	zinc finger protein 738	Homo sapiens	17.101	17.311	17.183	16.972	17.005	17.345	17.126	18.171	NA	NA	17.154	17.235	17.074	16.994	17.223
Q8N114	SHISA5	shisa family member 5	Homo sapiens	17.644	18.215	18.009	17.949	18.446	17.877	17.802	18.045	18.403	18.142	18.229	17.876	18.014	18.318	17.483
Q9Y2I6	NINL	ninein like	Homo sapiens	18.551	18.141	17.496	NA	17.641	17.775	17.833	18.341	17.62	17.366	17.781	17.372	18.18	18.595	NA
A0A0A0MRU4	ZNG1B	Zn regulated GTPase metalloprotein activator 1B	Homo sapiens	NA	NA	NA	NA	13.27	13.41	13.287	13.272	NA	NA	NA	NA	NA	NA	NA
Q8N6D5	ANKRD29	ankyrin repeat domain 29	Homo sapiens	NA	NA	14.136	NA	13.96	14.318	NA	14.468	NA	NA	NA	14.303	NA	13.597	NA
A8K9E9	RAG2	recombination activating 2	Homo sapiens	15.919	15.249	15.704	15.332	15.914	15.528	15.575	NA	15.226	15.684	16.045	15.153	15.901	15.656	NA
A8K3E3	ADH1A	alcohol dehydrogenase 1A (class I), alpha polypeptide	Homo sapiens	17.178	16.608	17.71	16.434	17.278	18.638	18.532	19.303	18.877	18.513	17.065	17.69	17.388	17.835	16.794
A0A1B0GVG4	CCDC194	coiled-coil domain containing 194	Homo sapiens	14.775	14.78	14.687	NA	14.691	NA	NA	NA	14.163	14.652	13.876	NA	14.879	NA	14.615
Q86UT8	CENATAC	centrosomal AT-AC splicing factor	Homo sapiens	NA	13.758	NA	14.233	14.028	NA	NA	14.152	NA	13.185	NA	14.112	NA	NA	13.642
O43304	SEC14L5	SEC14 like lipid binding 5	Homo sapiens	12.966	12.882	12.662	NA	12.904	NA	NA	13.243	NA	NA	NA	12.852	NA	NA	NA
D3KSZ4	MFSD6	major facilitator superfamily domain containing 6	Homo sapiens	14.17	14.188	NA	13.531	13.88	NA	14.021	14.204	13.728	NA	NA	NA	14.429	NA	NA
A0A5H1ZRP1	RSKR	ribosomal protein S6 kinase related	Homo sapiens	17.024	17.697	17.058	16.867	17.281	16.944	17.361	17.592	17.563	17.554	17.676	17.745	17.575	17.078	16.871
A0A6M5CDG2	CD151	CD151 molecule (Raph blood group)	Homo sapiens	17.31	16.781	16.774	16.59	17.029	NA	16.429	17.519	17.068	16.493	NA	17.412	16.792	17.364	16.613
B2R696	CALB1	calbindin 1	Homo sapiens	NA	17.036	NA	16.804	17.123	16.95	17.117	17.502	16.846	16.665	NA	17.417	17.515	17.172	16.848
A8K392	PADI4	peptidyl arginine deiminase 4	Homo sapiens	NA	NA	NA	NA	12.846	NA	NA	NA	NA	NA	12.681	NA	NA	NA	NA
B4E3I3	UFD1	ubiquitin recognition factor in ER associated degradation 1	Homo sapiens	17.002	NA	17.189	16.641	16.867	17.232	17.012	17.094	16.572	16.826	NA	17.328	16.897	17.048	16.649
A0A126GVN5	OR4K5	olfactory receptor family 4 subfamily K member 5	Homo sapiens	18.343	17.79	17.908	17.353	17.172	17.195	16.907	17.425	NA	16.551	19.795	20.901	21.24	21.576	20.275
A6NHZ5	LRRC14B	leucine rich repeat containing 14B	Homo sapiens	16.428	16.683	16.494	16.147	17.161	16.666	17.068	16.933	16.208	NA	16.846	16.251	17.092	16.776	16.144
A0A140VJI9	EID3	EP300 interacting inhibitor of differentiation 3	Homo sapiens	15.389	14.596	15.104	14.937	15.001	15.316	15.235	15.669	15.017	14.86	14.639	15.389	15.712	NA	15.423
A4FU66	CWF19L2	CWF19 like cell cycle control factor 2	Homo sapiens	NA	15.662	NA	15.836	15.749	16.575	16.032	16.963	16.142	15.867	16.107	16.503	15.66	15.685	NA
A0A5F9ZHN1	ANKDD1B	ankyrin repeat and death domain containing 1B	Homo sapiens	17.386	17.093	16.908	16.683	18.118	17.037	NA	17.825	17.56	17.424	17.35	17.581	17.132	17.23	17.233
B4DEG7	SNW1	SNW domain containing 1	Homo sapiens	15.843	15.687	15.356	15.43	15.491	16.036	15.762	16.26	15.444	15.548	17.899	17.92	18.13	18.066	17.932
A6NG46	GAGE8	G antigen 8	Homo sapiens	17.913	17.897	17.417	17.365	18.064	18.838	18.482	18.368	17.889	17.857	18.056	18.082	18.195	18.136	17.217
A0A0C4DGF2	KLHL6	kelch like family member 6	Homo sapiens	14.298	13.679	NA	14.145	14.525	14.375	NA	14.85	NA	NA	NA	14.411	14.262	14.644	NA
P11479	DEFA1	defensin alpha 1	Homo sapiens	NA	15.53	15.861	15.619	14.902	15.603	15.607	15.586	15.823	NA	16.193	15.689	15.844	16.111	NA
A0A126GVX2	OR2C1	olfactory receptor family 2 subfamily C member 1	Homo sapiens	16.384	15.984	16.363	15.733	NA	16.46	16.244	NA	16.072	15.823	16.51	16.608	16.407	16.35	16.526
A1L491	FBXO11	F-box protein 11	Homo sapiens	18.601	18.003	18.266	18.27	18.482	NA	18.342	19.517	NA	18.313	18.153	18.627	18.478	18.293	18.307
A0A024RB15	RPL41	ribosomal protein L41	Homo sapiens	15.817	15.993	16.094	NA	15.476	16.076	15.792	16.126	14.886	15.877	15.611	NA	15.405	16.127	16.042
Q9NQ25	SLAMF7	SLAM family member 7	Homo sapiens	20.767	20.902	20.965	20.828	21.458	20.919	20.727	21.704	20.82	20.096	21.88	NA	21.604	21.518	21.021
Q6SA08	TSSK4	testis specific serine kinase 4	Homo sapiens	19.306	NA	18.835	18.496	19.298	19.142	19.308	19.821	19.714	18.567	19.035	19.878	19.235	19.487	19.289
A0A024R0G6	WDR3	WD repeat domain 3	Homo sapiens	15.915	16.053	15.417	15.294	16.321	15.717	15.825	16.057	15.321	16.095	16.354	NA	NA	NA	15.622
O43805	SSNA1	SS nuclear autoantigen 1	Homo sapiens	15.043	14.267	NA	14.889	NA	14.392	14.589	15.423	14.582	14.58	15.01	NA	15.069	14.814	14.847
B7Z4Y3	FAM20A	FAM20A golgi associated secretory pathway pseudokinase	Homo sapiens	14.5	14.186	13.901	13.692	NA	13.703	NA	14.722	13.512	13.85	14.542	14.552	13.712	NA	NA
C9JJ19	MRPS34	mitochondrial ribosomal protein S34	Homo sapiens	14.432	14.639	NA	13.543	14.151	14.662	14.108	15.129	NA	NA	14.517	14.823	NA	14.598	13.994
A0N0N4	CXCL16	C-X-C motif chemokine ligand 16	Homo sapiens	14.888	NA	14.902	15.218	15.149	15.044	NA	15.429	14.36	15.2	14.71	15.235	14.412	15.792	14.567
A0A384NYY3	PDGFB	platelet derived growth factor subunit B	Homo sapiens	NA	12.221	NA	12.31	NA	13.08	12.352	NA	NA	NA	12.495	NA	NA	13.157	NA
A0AAQ5BI79	WHR1	winged helix repair factor 1	Homo sapiens	NA	NA	NA	NA	NA	NA	NA	14.321	NA	NA	NA	NA	13.315	13.4	NA
Q8N9E0	FAM133A	family with sequence similarity 133 member A	Homo sapiens	18.053	17.892	18.057	17	17.968	NA	15.207	15.951	15.505	15.695	17.359	17.652	17.819	17.632	17.7
A2RU94	RAB27A	RAB27A, member RAS oncogene family	Homo sapiens	18.043	17.511	18.35	17.263	18.332	17.785	18.019	18.789	17.761	17.877	18.009	18.135	17.769	17.778	NA
B2R9F5	SENP5	SUMO specific peptidase 5	Homo sapiens	15.993	15.724	NA	NA	15.53	15.131	15.482	16.095	15.315	15.283	15.544	16.218	15.658	15.171	NA
O14599	BPY2B	basic charge Y-linked 2B	Homo sapiens	18.344	18.063	18.237	17.2	17.977	17.995	17.939	19.093	NA	17.395	17.931	17.701	17.631	17.873	17.566
Q5BKX7	AHNAK2	AHNAK nucleoprotein 2	Homo sapiens	17.776	17.82	17.314	17.243	17.185	17.872	17.425	17.97	17.581	17.732	17.162	NA	17.235	17.296	17.405
B2RPJ1	ACTBL2	actin beta like 2	Homo sapiens	15.19	15.211	15.213	NA	15.568	NA	14.629	15.792	15.332	15.557	15.404	NA	15.516	15.35	15.447
A0A1B0GVQ2	AGBL1	AGBL carboxypeptidase 1	Homo sapiens	14.46	14.329	14.34	14.12	14.354	14.905	13.924	NA	13.825	14.278	NA	NA	14.987	14.394	14.392
A0FDN7	CLUL1	clusterin like 1	Homo sapiens	11.456	NA	NA	NA	NA	NA	NA	NA	NA	NA	NA	NA	NA	NA	NA
A0A0C4DG42	ZNF34	zinc finger protein 34	Homo sapiens	14.917	NA	15.029	NA	NA	14.854	13.808	15.183	14.316	14.193	14.875	14.335	14.519	NA	14.959
Q9NR11	ZNF302	zinc finger protein 302	Homo sapiens	15.774	15.225	14.909	14.899	15.443	14.885	15.41	15.983	14.814	14.548	15.405	15.578	15.373	15.767	NA
A6NFA8	H2AZ2	H2A.Z variant histone 2	Homo sapiens	15.62	NA	14.971	NA	NA	15.345	14.537	16.128	15.611	15.69	15.628	16.071	15.268	15.824	15.223
A0A096LNU6	SPDYE6	speedy/RINGO cell cycle regulator family member E6	Homo sapiens	11.748	NA	NA	NA	NA	NA	NA	NA	NA	11.593	NA	NA	NA	NA	NA
A8K859	TKTL1	transketolase like 1	Homo sapiens	15.67	NA	16.197	15.272	15.627	15.405	NA	16.056	14.666	15.378	NA	16.351	15.422	15.716	NA
A8K0J6	GLRA2	glycine receptor alpha 2	Homo sapiens	15.627	15.086	15.692	15.631	16.286	15.485	15.918	15.372	14.922	15.564	NA	15.835	15.994	15.504	NA
Q59FD5	GPM6B	glycoprotein M6B	Homo sapiens	NA	13.776	13.966	13.845	NA	NA	13.326	14.009	13.594	NA	NA	NA	NA	NA	NA
C9JY06	NUDT22	nudix hydrolase 22	Homo sapiens	16.262	15.797	15.833	15.474	16.033	NA	15.534	16.177	15.145	15.093	15.67	15.987	16.002	15.805	15.91
Q5HYA7	JCAD	junctional cadherin 5 associated	Homo sapiens	15.681	15.652	NA	15.069	15.697	15.639	15.747	16.326	15.639	15.219	15.223	15.945	NA	15.825	15.762
A0A1Z4EAV6	B4GALNT1	beta-1,4-N-acetyl-galactosaminyltransferase 1	Homo sapiens	14.41	14.182	14.096	NA	NA	14.316	NA	13.921	13.542	NA	13.679	13.872	NA	14.364	NA
A0A0S2Z4T8	UROS	uroporphyrinogen III synthase	Homo sapiens	17.16	17.525	17.047	17.337	17.642	19.947	19.294	19.966	20.045	19.469	14.845	15.008	14.815	14.815	14.851
P31629	HIVEP2	HIVEP zinc finger 2	Homo sapiens	16.979	16.522	16.712	15.828	NA	16.867	16.554	17	16.954	15.737	16.397	16.234	16.437	16.909	16.111
Q2TGF0	ZDHHC5	zinc finger DHHC-type palmitoyltransferase 5	Homo sapiens	13.336	NA	NA	NA	13.407	NA	13.673	14.709	13.602	13.694	NA	14.075	13.895	13.663	13.599
B2RBV5	MRFAP1L2	Morf4 family associated protein 1 like 2	Homo sapiens	NA	NA	NA	NA	NA	NA	11.972	NA	NA	NA	NA	NA	NA	NA	NA
A2BEK3	RNF39	ring finger protein 39	Homo sapiens	15.296	15.54	15.387	14.89	NA	15.355	NA	15.368	15.723	14.962	15.113	NA	15.349	15.217	15.293
P57772	EEFSEC	eukaryotic elongation factor, selenocysteine-tRNA specific	Homo sapiens	17.523	17.442	17.448	16.824	17.412	NA	17.072	16.962	16.988	17.021	17.299	17.121	17.709	17.628	16.641
B2RDZ6	FBXW5	F-box and WD repeat domain containing 5	Homo sapiens	NA	14.294	NA	14.082	14.326	14.182	NA	14.779	13.831	14.338	14.266	NA	NA	NA	14.457
Q9Y5C5	PCDHGB6	protocadherin gamma subfamily B, 6	Homo sapiens	NA	15.053	14.58	14.494	15.069	15.35	15.216	15.701	15.104	14.9	15.247	15.682	NA	15.848	14.857
B2RTV9	NCOA5	nuclear receptor coactivator 5	Homo sapiens	14.58	NA	13.833	13.896	14.899	14.557	14.158	14.925	14.058	13.77	13.825	NA	NA	14.151	14.18
O60240	PLIN1	perilipin 1	Homo sapiens	15.321	15.086	15.1	14.792	15.039	15.462	15.212	15.749	15.016	15.248	15.18	15.624	15.119	NA	14.722
P40313	CTRL	chymotrypsin like	Homo sapiens	18.258	18.114	18.008	17.462	17.996	17.928	17.967	18.088	17.788	18.356	17.625	17.983	17.422	18.539	17.463
A0A140VJZ4	UCHL3	ubiquitin C-terminal hydrolase L3	Homo sapiens	14.643	14.467	14.472	14.994	NA	14.593	14.457	14.612	14.425	14.346	14.673	NA	14.676	15.201	NA
Q86UC2	RSPH3	radial spoke head 3	Homo sapiens	14.744	NA	14.326	13.45	NA	13.932	NA	14.137	NA	NA	14.208	NA	13.999	13.834	14.133
A0A126GWS1	OR7C1	olfactory receptor family 7 subfamily C member 1	Homo sapiens	17.434	16.81	16.847	16.18	16.323	NA	15.776	16.51	16.278	16.605	16.374	16.367	17.163	17.386	16.702
A8K489	WTAP	WT1 associated protein	Homo sapiens	15.25	14.975	NA	14.549	15.474	NA	12.856	NA	NA	12.58	NA	NA	NA	13.513	NA
A0A8Q3SIN5	ARHGEF2	Rho/Rac guanine nucleotide exchange factor 2	Homo sapiens	14.884	14.41	NA	14.001	14.76	15.104	NA	NA	NA	14.712	14.404	15.031	NA	NA	14.193
Q53GF4	STXBP2	syntaxin binding protein 2	Homo sapiens	15.337	15.86	15.262	15.121	NA	NA	15.647	NA	14.942	15.307	15.919	15.569	15.439	15.723	15.487
A0A8V8TNW3	ADCY5	adenylate cyclase 5	Homo sapiens	NA	15.971	16.114	15.124	16.267	15.948	16.43	16.416	15.691	NA	15.992	16.624	15.906	16.101	15.672
A0A087WV25	CEP43	centrosomal protein 43	Homo sapiens	21.384	20.857	20.804	19.668	20.613	20.387	21.217	21.126	20.625	19.93	20.526	NA	20.664	20.897	20.669
